source_resource,target_resource,weight,activity_breakdown_out,activity_breakdown_in,dominant_activity_out,dominant_activity_in,avg_time_between_events,median_time_between_events,activity_entropy,activity_entropy_normalized,source_transition_probability,median_time_between_events_log,median_time_between_events_normalized
Value 1,Value 1,19014,"{""A_SUBMITTED"": 7852, ""A_PARTLYSUBMITTED"": 7852, ""A_PREACCEPTED"": 2914, ""A_CANCELLED"": 209, ""O_CANCELLED"": 182, ""A_ACTIVATED"": 2, ""A_APPROVED"": 2, ""W_Completeren aanvraag"": 1}","{""A_PARTLYSUBMITTED"": 7852, ""W_Completeren aanvraag"": 2915, ""A_PREACCEPTED"": 2914, ""W_Afhandelen leads"": 2861, ""A_DECLINED"": 2032, ""O_CANCELLED"": 209, ""A_CANCELLED"": 182, ""W_Beoordelen fraude"": 45, ""A_REGISTERED"": 2, ""A_APPROVED"": 1, ""A_ACTIVATED"": 1}",A_SUBMITTED,A_PARTLYSUBMITTED,19.109779351229932,0.032567149000000004,1.607775917417169,0.5359253058057231,0.7631853576302481,0.032048079089433607,0.0027425518826535034
Value 2,Value 2,9147,"{""W_Nabellen offertes"": 3822, ""W_Completeren aanvraag"": 3184, ""W_Nabellen incomplete dossiers"": 1255, ""W_Valideren aanvraag"": 571, ""W_Afhandelen leads"": 312, ""W_Beoordelen fraude"": 3}","{""W_Nabellen offertes"": 3980, ""W_Completeren aanvraag"": 3199, ""W_Nabellen incomplete dossiers"": 1267, ""W_Afhandelen leads"": 480, ""W_Valideren aanvraag"": 217, ""W_Beoordelen fraude"": 3, ""W_Wijzigen contractgegevens"": 1}",W_Nabellen offertes,W_Nabellen offertes,1246.2777624149824,2.175764509,1.8690213313051862,0.7230361487966516,0.5953527727154387,1.1555483935955593,0.09888740643421638
Value 15,Value 15,4796,"{""W_Completeren aanvraag"": 1223, ""W_Nabellen offertes"": 1168, ""W_Nabellen incomplete dossiers"": 388, ""O_SELECTED"": 299, ""O_CREATED"": 299, ""O_SENT"": 299, ""A_ACCEPTED"": 249, ""A_FINALIZED"": 248, ""W_Afhandelen leads"": 230, ""A_DECLINED"": 159, ""O_CANCELLED"": 86, ""A_PREACCEPTED"": 71, ""A_CANCELLED"": 52, ""W_Valideren aanvraag"": 21, ""O_DECLINED"": 4}","{""W_Nabellen offertes"": 1310, ""W_Completeren aanvraag"": 1117, ""W_Nabellen incomplete dossiers"": 386, ""O_SELECTED"": 299, ""O_CREATED"": 299, ""O_SENT"": 299, ""A_ACCEPTED"": 249, ""A_FINALIZED"": 248, ""W_Afhandelen leads"": 194, ""A_DECLINED"": 159, ""O_CANCELLED"": 86, ""A_PREACCEPTED"": 71, ""A_CANCELLED"": 52, ""W_Valideren aanvraag"": 23, ""O_DECLINED"": 4}",W_Completeren aanvraag,W_Nabellen offertes,161.05633756544117,0.9947963375,3.1645219883173965,0.8099847975969507,0.7858430280190071,0.6905419586644834,0.059093936441604905
Value 22,Value 22,3980,"{""W_Valideren aanvraag"": 1371, ""O_ACCEPTED"": 439, ""A_REGISTERED"": 439, ""A_ACTIVATED"": 439, ""A_APPROVED"": 439, ""W_Nabellen incomplete dossiers"": 411, ""A_DECLINED"": 99, ""O_DECLINED"": 98, ""O_SELECTED"": 40, ""O_CANCELLED"": 40, ""O_CREATED"": 40, ""O_SENT"": 40, ""W_Nabellen offertes"": 35, ""O_SENT_BACK"": 15, ""W_Completeren aanvraag"": 13, ""W_Afhandelen leads"": 7, ""A_ACCEPTED"": 4, ""A_FINALIZED"": 4, ""A_CANCELLED"": 4, ""A_PREACCEPTED"": 3}","{""W_Valideren aanvraag"": 1338, ""W_Nabellen incomplete dossiers"": 458, ""O_ACCEPTED"": 439, ""A_REGISTERED"": 439, ""A_ACTIVATED"": 439, ""A_APPROVED"": 439, ""A_DECLINED"": 99, ""O_DECLINED"": 98, ""O_SELECTED"": 40, ""O_CANCELLED"": 40, ""O_CREATED"": 40, ""O_SENT"": 40, ""W_Nabellen offertes"": 25, ""O_SENT_BACK"": 15, ""W_Completeren aanvraag"": 12, ""W_Afhandelen leads"": 4, ""A_ACCEPTED"": 4, ""A_FINALIZED"": 4, ""A_CANCELLED"": 4, ""A_PREACCEPTED"": 3}",W_Valideren aanvraag,W_Valideren aanvraag,24.035613909974877,0.0736476495,2.9733970479075604,0.6879792959593541,0.9099222679469593,0.07106186916767539,0.006081202637038594
Value 14,Value 14,3732,"{""W_Completeren aanvraag"": 1246, ""W_Nabellen offertes"": 1191, ""W_Nabellen incomplete dossiers"": 268, ""O_SELECTED"": 161, ""O_CREATED"": 161, ""O_SENT"": 161, ""A_ACCEPTED"": 116, ""A_FINALIZED"": 116, ""O_CANCELLED"": 101, ""A_CANCELLED"": 67, ""W_Afhandelen leads"": 62, ""A_DECLINED"": 49, ""W_Valideren aanvraag"": 17, ""A_PREACCEPTED"": 11, ""O_DECLINED"": 4, ""O_SENT_BACK"": 1}","{""W_Nabellen offertes"": 1278, ""W_Completeren aanvraag"": 1164, ""W_Nabellen incomplete dossiers"": 266, ""O_SELECTED"": 161, ""O_CREATED"": 161, ""O_SENT"": 161, ""A_ACCEPTED"": 116, ""A_FINALIZED"": 116, ""O_CANCELLED"": 101, ""A_CANCELLED"": 67, ""W_Afhandelen leads"": 57, ""A_DECLINED"": 49, ""W_Valideren aanvraag"": 19, ""A_PREACCEPTED"": 11, ""O_DECLINED"": 4, ""O_SENT_BACK"": 1}",W_Completeren aanvraag,W_Nabellen offertes,454.1870953867179,1.0703247335000001,2.7246183305258733,0.6811545826314683,0.7343565525383707,0.7277054710604677,0.06227424751744807
Value 33,Value 33,3462,"{""W_Completeren aanvraag"": 810, ""W_Nabellen incomplete dossiers"": 507, ""W_Afhandelen leads"": 357, ""W_Nabellen offertes"": 351, ""O_SELECTED"": 223, ""O_CREATED"": 223, ""O_SENT"": 223, ""A_ACCEPTED"": 182, ""A_FINALIZED"": 179, ""A_DECLINED"": 151, ""A_PREACCEPTED"": 100, ""W_Valideren aanvraag"": 57, ""O_CANCELLED"": 56, ""A_CANCELLED"": 35, ""O_DECLINED"": 5, ""O_SENT_BACK"": 2, ""W_Beoordelen fraude"": 1}","{""W_Completeren aanvraag"": 806, ""W_Nabellen incomplete dossiers"": 507, ""W_Nabellen offertes"": 384, ""W_Afhandelen leads"": 328, ""O_SELECTED"": 223, ""O_CREATED"": 223, ""O_SENT"": 223, ""A_ACCEPTED"": 182, ""A_FINALIZED"": 179, ""A_DECLINED"": 151, ""A_PREACCEPTED"": 100, ""W_Valideren aanvraag"": 57, ""O_CANCELLED"": 56, ""A_CANCELLED"": 35, ""O_DECLINED"": 5, ""O_SENT_BACK"": 2, ""W_Beoordelen fraude"": 1}",W_Completeren aanvraag,W_Completeren aanvraag,38.110288684449166,0.557487844,3.4067276469575902,0.8334577656773231,0.7785023611423432,0.44307416683360407,0.03791659047687744
Value 20,Value 20,3358,"{""W_Nabellen offertes"": 1232, ""W_Completeren aanvraag"": 1041, ""O_SELECTED"": 164, ""O_CREATED"": 164, ""O_SENT"": 164, ""A_ACCEPTED"": 112, ""A_FINALIZED"": 111, ""O_CANCELLED"": 93, ""W_Nabellen incomplete dossiers"": 76, ""A_CANCELLED"": 63, ""W_Afhandelen leads"": 54, ""A_DECLINED"": 52, ""A_PREACCEPTED"": 21, ""W_Valideren aanvraag"": 11}","{""W_Nabellen offertes"": 1313, ""W_Completeren aanvraag"": 969, ""O_SELECTED"": 164, ""O_CREATED"": 164, ""O_SENT"": 164, ""A_ACCEPTED"": 112, ""A_FINALIZED"": 111, ""O_CANCELLED"": 93, ""W_Nabellen incomplete dossiers"": 75, ""A_CANCELLED"": 63, ""A_DECLINED"": 52, ""W_Afhandelen leads"": 45, ""A_PREACCEPTED"": 21, ""W_Valideren aanvraag"": 12}",W_Nabellen offertes,W_Nabellen offertes,392.21192169624896,1.016404671,2.655327879318506,0.6974206328743027,0.7320688903422716,0.7013160597283175,0.06001594275200057
Value 16,Value 16,3319,"{""W_Valideren aanvraag"": 1404, ""W_Nabellen incomplete dossiers"": 578, ""O_ACCEPTED"": 211, ""A_APPROVED"": 211, ""A_REGISTERED"": 211, ""A_ACTIVATED"": 211, ""A_DECLINED"": 123, ""O_DECLINED"": 121, ""W_Nabellen offertes"": 89, ""O_SELECTED"": 23, ""O_CREATED"": 23, ""O_SENT"": 23, ""W_Completeren aanvraag"": 23, ""O_CANCELLED"": 19, ""O_SENT_BACK"": 18, ""W_Afhandelen leads"": 15, ""A_ACCEPTED"": 5, ""A_FINALIZED"": 5, ""A_PREACCEPTED"": 3, ""W_Beoordelen fraude"": 2, ""A_CANCELLED"": 1}","{""W_Valideren aanvraag"": 1344, ""W_Nabellen incomplete dossiers"": 656, ""O_ACCEPTED"": 211, ""A_APPROVED"": 211, ""A_REGISTERED"": 211, ""A_ACTIVATED"": 211, ""A_DECLINED"": 123, ""O_DECLINED"": 121, ""W_Nabellen offertes"": 76, ""O_SELECTED"": 23, ""O_CREATED"": 23, ""O_SENT"": 23, ""W_Completeren aanvraag"": 20, ""O_CANCELLED"": 19, ""O_SENT_BACK"": 18, ""W_Afhandelen leads"": 13, ""A_ACCEPTED"": 5, ""A_FINALIZED"": 5, ""A_PREACCEPTED"": 3, ""W_Beoordelen fraude"": 2, ""A_CANCELLED"": 1}",W_Valideren aanvraag,W_Valideren aanvraag,40.07436927562097,0.182748736,2.8303199919907374,0.6443796564684892,0.8562951496388029,0.16784116683271338,0.014363204321833632
Value 12,Value 12,3121,"{""W_Completeren aanvraag"": 938, ""W_Nabellen offertes"": 913, ""W_Nabellen incomplete dossiers"": 168, ""W_Afhandelen leads"": 154, ""O_SELECTED"": 145, ""O_CREATED"": 145, ""O_SENT"": 145, ""A_FINALIZED"": 96, ""A_ACCEPTED"": 95, ""A_DECLINED"": 94, ""O_CANCELLED"": 91, ""A_CANCELLED"": 62, ""A_PREACCEPTED"": 47, ""W_Valideren aanvraag"": 25, ""O_DECLINED"": 3}","{""W_Nabellen offertes"": 972, ""W_Completeren aanvraag"": 894, ""W_Nabellen incomplete dossiers"": 167, ""O_SELECTED"": 145, ""O_CREATED"": 145, ""O_SENT"": 145, ""W_Afhandelen leads"": 139, ""A_FINALIZED"": 96, ""A_ACCEPTED"": 95, ""A_DECLINED"": 94, ""O_CANCELLED"": 91, ""A_CANCELLED"": 62, ""A_PREACCEPTED"": 47, ""W_Valideren aanvraag"": 26, ""O_DECLINED"": 3}",W_Completeren aanvraag,W_Nabellen offertes,419.72157574312564,0.746888446,2.9759028497624724,0.7617062154511035,0.722286507752835,0.557836174505228,0.047737483620537945
Value 26,Value 26,3118,"{""W_Valideren aanvraag"": 1103, ""W_Nabellen incomplete dossiers"": 363, ""O_ACCEPTED"": 321, ""A_APPROVED"": 321, ""A_REGISTERED"": 321, ""A_ACTIVATED"": 320, ""A_DECLINED"": 71, ""O_DECLINED"": 71, ""W_Nabellen offertes"": 45, ""O_SELECTED"": 32, ""O_CREATED"": 32, ""O_SENT"": 32, ""O_CANCELLED"": 29, ""O_SENT_BACK"": 20, ""W_Completeren aanvraag"": 12, ""W_Afhandelen leads"": 11, ""A_ACCEPTED"": 5, ""A_FINALIZED"": 5, ""A_CANCELLED"": 2, ""A_PREACCEPTED"": 2}","{""W_Valideren aanvraag"": 1081, ""W_Nabellen incomplete dossiers"": 403, ""O_ACCEPTED"": 321, ""A_REGISTERED"": 321, ""A_ACTIVATED"": 321, ""A_APPROVED"": 320, ""A_DECLINED"": 71, ""O_DECLINED"": 71, ""O_SELECTED"": 32, ""O_CREATED"": 32, ""O_SENT"": 32, ""W_Nabellen offertes"": 32, ""O_CANCELLED"": 29, ""O_SENT_BACK"": 20, ""W_Completeren aanvraag"": 9, ""W_Afhandelen leads"": 9, ""A_ACCEPTED"": 5, ""A_FINALIZED"": 5, ""A_CANCELLED"": 2, ""A_PREACCEPTED"": 2}",W_Valideren aanvraag,W_Valideren aanvraag,20.60035695498813,0.0836828665,2.994305201935768,0.6928169872788698,0.9027214823393167,0.08036530163450892,0.0068773547607228645
Value 43,Value 43,2865,"{""W_Completeren aanvraag"": 667, ""W_Afhandelen leads"": 464, ""W_Nabellen offertes"": 311, ""W_Nabellen incomplete dossiers"": 292, ""A_DECLINED"": 216, ""O_SELECTED"": 152, ""O_CREATED"": 152, ""O_SENT"": 152, ""A_PREACCEPTED"": 150, ""A_FINALIZED"": 113, ""A_ACCEPTED"": 111, ""O_CANCELLED"": 43, ""W_Valideren aanvraag"": 20, ""A_CANCELLED"": 16, ""O_DECLINED"": 4, ""O_SENT_BACK"": 1, ""W_Beoordelen fraude"": 1}","{""W_Completeren aanvraag"": 668, ""W_Afhandelen leads"": 417, ""W_Nabellen offertes"": 357, ""W_Nabellen incomplete dossiers"": 290, ""A_DECLINED"": 216, ""O_SELECTED"": 152, ""O_CREATED"": 152, ""O_SENT"": 152, ""A_PREACCEPTED"": 150, ""A_FINALIZED"": 113, ""A_ACCEPTED"": 111, ""O_CANCELLED"": 43, ""W_Valideren aanvraag"": 22, ""A_CANCELLED"": 16, ""O_DECLINED"": 4, ""O_SENT_BACK"": 1, ""W_Beoordelen fraude"": 1}",W_Completeren aanvraag,W_Completeren aanvraag,34.923258855280984,0.144306472,3.3463080479644853,0.8186760780290941,0.8129965947786606,0.1347987521850151,0.01153556100984054
Value 11,Value 11,2656,"{""W_Nabellen offertes"": 906, ""W_Completeren aanvraag"": 697, ""O_SELECTED"": 128, ""O_CREATED"": 128, ""O_SENT"": 128, ""W_Afhandelen leads"": 124, ""A_ACCEPTED"": 92, ""A_FINALIZED"": 92, ""W_Nabellen incomplete dossiers"": 85, ""O_CANCELLED"": 83, ""A_DECLINED"": 69, ""A_CANCELLED"": 64, ""A_PREACCEPTED"": 50, ""W_Valideren aanvraag"": 9, ""O_DECLINED"": 1}","{""W_Nabellen offertes"": 976, ""W_Completeren aanvraag"": 644, ""O_SELECTED"": 128, ""O_CREATED"": 128, ""O_SENT"": 128, ""W_Afhandelen leads"": 107, ""A_ACCEPTED"": 92, ""A_FINALIZED"": 92, ""W_Nabellen incomplete dossiers"": 85, ""O_CANCELLED"": 83, ""A_DECLINED"": 69, ""A_CANCELLED"": 64, ""A_PREACCEPTED"": 50, ""W_Valideren aanvraag"": 9, ""O_DECLINED"": 1}",W_Nabellen offertes,W_Nabellen offertes,298.5034194506672,0.9394480525,2.9322914517356478,0.7505435281529628,0.7383931053655824,0.6624034235742485,0.05668594836308449
Value 5,Value 5,2636,"{""W_Valideren aanvraag"": 820, ""W_Nabellen incomplete dossiers"": 614, ""W_Nabellen offertes"": 581, ""O_SENT_BACK"": 559, ""W_Completeren aanvraag"": 16, ""A_CANCELLED"": 14, ""O_CANCELLED"": 10, ""O_SELECTED"": 6, ""O_CREATED"": 6, ""O_SENT"": 6, ""A_DECLINED"": 2, ""O_DECLINED"": 2}","{""W_Valideren aanvraag"": 835, ""W_Nabellen incomplete dossiers"": 607, ""W_Nabellen offertes"": 573, ""O_SENT_BACK"": 559, ""W_Completeren aanvraag"": 16, ""O_CANCELLED"": 14, ""A_CANCELLED"": 10, ""O_SELECTED"": 6, ""O_CREATED"": 6, ""O_SENT"": 6, ""A_DECLINED"": 2, ""O_DECLINED"": 2}",W_Valideren aanvraag,W_Valideren aanvraag,62.59510620085735,0.08221065,2.160056350315414,0.6025324811294104,0.7143631436314363,0.07900584724257313,0.006761017859794087
Value 41,Value 41,2632,"{""W_Nabellen offertes"": 835, ""W_Completeren aanvraag"": 437, ""W_Nabellen incomplete dossiers"": 385, ""W_Afhandelen leads"": 140, ""O_SELECTED"": 128, ""O_CREATED"": 128, ""O_SENT"": 128, ""O_CANCELLED"": 90, ""A_ACCEPTED"": 82, ""A_FINALIZED"": 77, ""A_DECLINED"": 65, ""A_CANCELLED"": 51, ""W_Valideren aanvraag"": 41, ""A_PREACCEPTED"": 40, ""O_SENT_BACK"": 2, ""O_DECLINED"": 2, ""W_Beoordelen fraude"": 1}","{""W_Nabellen offertes"": 892, ""W_Completeren aanvraag"": 399, ""W_Nabellen incomplete dossiers"": 385, ""O_SELECTED"": 128, ""O_CREATED"": 128, ""O_SENT"": 128, ""W_Afhandelen leads"": 120, ""O_CANCELLED"": 90, ""A_ACCEPTED"": 82, ""A_FINALIZED"": 77, ""A_DECLINED"": 65, ""A_CANCELLED"": 51, ""W_Valideren aanvraag"": 42, ""A_PREACCEPTED"": 40, ""O_SENT_BACK"": 2, ""O_DECLINED"": 2, ""W_Beoordelen fraude"": 1}",W_Nabellen offertes,W_Nabellen offertes,95.81954863702964,0.7754883495,3.1417645709829225,0.7686344054988079,0.7477272727272727,0.5740755115659031,0.04912718389881401
Value 10,Value 10,2622,"{""W_Completeren aanvraag"": 1074, ""W_Nabellen offertes"": 721, ""O_SELECTED"": 129, ""O_CREATED"": 129, ""O_SENT"": 129, ""A_ACCEPTED"": 106, ""A_FINALIZED"": 103, ""W_Nabellen incomplete dossiers"": 68, ""O_CANCELLED"": 48, ""A_CANCELLED"": 45, ""A_DECLINED"": 44, ""W_Afhandelen leads"": 17, ""A_PREACCEPTED"": 4, ""O_DECLINED"": 3, ""W_Valideren aanvraag"": 2}","{""W_Completeren aanvraag"": 1030, ""W_Nabellen offertes"": 768, ""O_SELECTED"": 129, ""O_CREATED"": 129, ""O_SENT"": 129, ""A_ACCEPTED"": 106, ""A_FINALIZED"": 103, ""W_Nabellen incomplete dossiers"": 68, ""O_CANCELLED"": 48, ""A_CANCELLED"": 45, ""A_DECLINED"": 44, ""W_Afhandelen leads"": 14, ""A_PREACCEPTED"": 4, ""O_DECLINED"": 3, ""W_Valideren aanvraag"": 2}",W_Completeren aanvraag,W_Completeren aanvraag,232.912932847415,1.1476545565,2.5739319361297364,0.6588185343666715,0.7415158371040724,0.7643763427172596,0.06541240028536353
Value 4,Value 4,2560,"{""W_Nabellen offertes"": 684, ""W_Nabellen incomplete dossiers"": 517, ""W_Completeren aanvraag"": 435, ""W_Afhandelen leads"": 190, ""A_DECLINED"": 111, ""O_SELECTED"": 96, ""O_CREATED"": 96, ""O_SENT"": 96, ""A_ACCEPTED"": 73, ""A_FINALIZED"": 73, ""A_PREACCEPTED"": 70, ""O_CANCELLED"": 47, ""A_CANCELLED"": 40, ""W_Valideren aanvraag"": 24, ""O_DECLINED"": 7, ""O_SENT_BACK"": 1}","{""W_Nabellen offertes"": 699, ""W_Nabellen incomplete dossiers"": 517, ""W_Completeren aanvraag"": 436, ""W_Afhandelen leads"": 174, ""A_DECLINED"": 111, ""O_SELECTED"": 96, ""O_CREATED"": 96, ""O_SENT"": 96, ""A_ACCEPTED"": 73, ""A_FINALIZED"": 73, ""A_PREACCEPTED"": 70, ""O_CANCELLED"": 47, ""A_CANCELLED"": 40, ""W_Valideren aanvraag"": 24, ""O_DECLINED"": 7, ""O_SENT_BACK"": 1}",W_Nabellen offertes,W_Nabellen offertes,314.1837513281168,1.2138568725,3.142202175614279,0.7855505439035697,0.7345767575322812,0.7947361856294668,0.06801047938094935
Value 18,Value 18,2466,"{""W_Completeren aanvraag"": 634, ""W_Nabellen offertes"": 543, ""W_Nabellen incomplete dossiers"": 226, ""W_Afhandelen leads"": 180, ""O_SELECTED"": 138, ""O_CREATED"": 138, ""O_SENT"": 138, ""A_ACCEPTED"": 107, ""A_FINALIZED"": 105, ""A_PREACCEPTED"": 83, ""A_DECLINED"": 71, ""O_CANCELLED"": 47, ""A_CANCELLED"": 32, ""W_Valideren aanvraag"": 21, ""O_DECLINED"": 3}","{""W_Nabellen offertes"": 601, ""W_Completeren aanvraag"": 591, ""W_Nabellen incomplete dossiers"": 227, ""W_Afhandelen leads"": 165, ""O_SELECTED"": 138, ""O_CREATED"": 138, ""O_SENT"": 138, ""A_ACCEPTED"": 107, ""A_FINALIZED"": 105, ""A_PREACCEPTED"": 83, ""A_DECLINED"": 71, ""O_CANCELLED"": 47, ""A_CANCELLED"": 32, ""W_Valideren aanvraag"": 20, ""O_DECLINED"": 3}",W_Completeren aanvraag,W_Nabellen offertes,277.31577666963096,0.4311388085,3.237335299231165,0.828621948838302,0.7696629213483146,0.3584704969182344,0.030676532389205848
Value 8,Value 8,2405,"{""W_Valideren aanvraag"": 918, ""W_Nabellen incomplete dossiers"": 312, ""O_ACCEPTED"": 202, ""A_APPROVED"": 202, ""A_REGISTERED"": 202, ""A_ACTIVATED"": 202, ""A_DECLINED"": 64, ""O_DECLINED"": 59, ""W_Nabellen offertes"": 44, ""W_Beoordelen fraude"": 39, ""W_Completeren aanvraag"": 34, ""O_SELECTED"": 24, ""O_CREATED"": 24, ""O_SENT"": 24, ""O_CANCELLED"": 18, ""O_SENT_BACK"": 12, ""W_Afhandelen leads"": 11, ""A_ACCEPTED"": 6, ""A_FINALIZED"": 6, ""A_CANCELLED"": 1, ""A_PREACCEPTED"": 1}","{""W_Valideren aanvraag"": 913, ""W_Nabellen incomplete dossiers"": 328, ""O_ACCEPTED"": 202, ""A_APPROVED"": 202, ""A_REGISTERED"": 202, ""A_ACTIVATED"": 202, ""A_DECLINED"": 64, ""O_DECLINED"": 59, ""W_Beoordelen fraude"": 39, ""W_Nabellen offertes"": 38, ""W_Completeren aanvraag"": 28, ""O_SELECTED"": 24, ""O_CREATED"": 24, ""O_SENT"": 24, ""O_CANCELLED"": 18, ""O_SENT_BACK"": 12, ""W_Afhandelen leads"": 12, ""A_ACCEPTED"": 6, ""A_FINALIZED"": 6, ""A_CANCELLED"": 1, ""A_PREACCEPTED"": 1}",W_Valideren aanvraag,W_Valideren aanvraag,58.276401430740954,0.167627059,3.050606152556332,0.694532261428955,0.8641753503413583,0.15497353461794955,0.013262041632568779
Value 6,Value 6,2400,"{""W_Valideren aanvraag"": 736, ""W_Nabellen incomplete dossiers"": 266, ""A_REGISTERED"": 223, ""A_APPROVED"": 223, ""O_ACCEPTED"": 223, ""A_ACTIVATED"": 223, ""A_DECLINED"": 74, ""W_Completeren aanvraag"": 69, ""W_Nabellen offertes"": 66, ""W_Afhandelen leads"": 58, ""O_DECLINED"": 57, ""O_SELECTED"": 26, ""O_CREATED"": 26, ""O_SENT"": 26, ""A_PREACCEPTED"": 26, ""O_SENT_BACK"": 23, ""A_ACCEPTED"": 17, ""A_FINALIZED"": 17, ""O_CANCELLED"": 10, ""W_Beoordelen fraude"": 10, ""A_CANCELLED"": 1}","{""W_Valideren aanvraag"": 727, ""W_Nabellen incomplete dossiers"": 297, ""A_REGISTERED"": 223, ""A_APPROVED"": 223, ""O_ACCEPTED"": 223, ""A_ACTIVATED"": 223, ""A_DECLINED"": 74, ""W_Nabellen offertes"": 60, ""W_Completeren aanvraag"": 59, ""O_DECLINED"": 57, ""W_Afhandelen leads"": 51, ""O_SELECTED"": 26, ""O_CREATED"": 26, ""O_SENT"": 26, ""A_PREACCEPTED"": 26, ""O_SENT_BACK"": 23, ""A_ACCEPTED"": 17, ""A_FINALIZED"": 17, ""W_Beoordelen fraude"": 11, ""O_CANCELLED"": 10, ""A_CANCELLED"": 1}",W_Valideren aanvraag,W_Valideren aanvraag,11.92623475007375,0.08319101300000001,3.3701083699195835,0.7672734107152743,0.9032743695897629,0.07991132642801393,0.0068385053010165155
Value 24,Value 24,2107,"{""W_Nabellen offertes"": 518, ""W_Completeren aanvraag"": 472, ""W_Nabellen incomplete dossiers"": 224, ""O_SELECTED"": 142, ""O_CREATED"": 142, ""O_SENT"": 142, ""A_ACCEPTED"": 106, ""A_FINALIZED"": 103, ""W_Afhandelen leads"": 98, ""O_CANCELLED"": 49, ""A_DECLINED"": 38, ""A_PREACCEPTED"": 31, ""W_Valideren aanvraag"": 29, ""A_CANCELLED"": 12, ""O_SENT_BACK"": 1}","{""W_Nabellen offertes"": 583, ""W_Completeren aanvraag"": 423, ""W_Nabellen incomplete dossiers"": 225, ""O_SELECTED"": 142, ""O_CREATED"": 142, ""O_SENT"": 142, ""A_ACCEPTED"": 106, ""A_FINALIZED"": 103, ""W_Afhandelen leads"": 82, ""O_CANCELLED"": 49, ""A_DECLINED"": 38, ""A_PREACCEPTED"": 31, ""W_Valideren aanvraag"": 28, ""A_CANCELLED"": 12, ""O_SENT_BACK"": 1}",W_Nabellen offertes,W_Nabellen offertes,116.64245028368771,0.335644586,3.200401372742778,0.8191684139658635,0.7996204933586337,0.28941401127949695,0.024766942795101374
Value 44,Value 44,2094,"{""W_Nabellen incomplete dossiers"": 521, ""W_Nabellen offertes"": 418, ""W_Completeren aanvraag"": 347, ""O_SELECTED"": 115, ""O_CREATED"": 115, ""O_SENT"": 115, ""W_Afhandelen leads"": 110, ""A_ACCEPTED"": 82, ""A_FINALIZED"": 78, ""A_DECLINED"": 51, ""O_CANCELLED"": 46, ""W_Valideren aanvraag"": 37, ""A_PREACCEPTED"": 36, ""A_CANCELLED"": 18, ""O_DECLINED"": 2, ""O_SENT_BACK"": 2, ""W_Beoordelen fraude"": 1}","{""W_Nabellen incomplete dossiers"": 519, ""W_Nabellen offertes"": 483, ""W_Completeren aanvraag"": 297, ""O_SELECTED"": 115, ""O_CREATED"": 115, ""O_SENT"": 115, ""W_Afhandelen leads"": 95, ""A_ACCEPTED"": 82, ""A_FINALIZED"": 78, ""A_DECLINED"": 51, ""O_CANCELLED"": 46, ""W_Valideren aanvraag"": 39, ""A_PREACCEPTED"": 36, ""A_CANCELLED"": 18, ""O_DECLINED"": 2, ""O_SENT_BACK"": 2, ""W_Beoordelen fraude"": 1}",W_Nabellen incomplete dossiers,W_Nabellen incomplete dossiers,45.67153308023352,0.569610399,3.2046521536068573,0.7840198866802582,0.8047655649500385,0.4508274350618567,0.03858008548126672
Value 13,Value 13,2093,"{""W_Completeren aanvraag"": 870, ""W_Nabellen offertes"": 573, ""O_SELECTED"": 93, ""O_CREATED"": 93, ""O_SENT"": 93, ""A_ACCEPTED"": 80, ""A_FINALIZED"": 76, ""W_Afhandelen leads"": 72, ""O_CANCELLED"": 50, ""A_CANCELLED"": 41, ""A_DECLINED"": 31, ""W_Nabellen incomplete dossiers"": 10, ""A_PREACCEPTED"": 10, ""W_Wijzigen contractgegevens"": 1}","{""W_Completeren aanvraag"": 852, ""W_Nabellen offertes"": 593, ""O_SELECTED"": 93, ""O_CREATED"": 93, ""O_SENT"": 93, ""A_ACCEPTED"": 80, ""A_FINALIZED"": 76, ""W_Afhandelen leads"": 70, ""O_CANCELLED"": 50, ""A_CANCELLED"": 41, ""A_DECLINED"": 31, ""W_Nabellen incomplete dossiers"": 10, ""A_PREACCEPTED"": 10, ""W_Wijzigen contractgegevens"": 1}",W_Completeren aanvraag,W_Completeren aanvraag,251.56567075510608,1.613266451,2.5666570016395545,0.6741312680805863,0.725979882067291,0.9606009526371154,0.0822045509742353
Value 27,Value 27,2029,"{""W_Completeren aanvraag"": 535, ""W_Nabellen offertes"": 433, ""W_Nabellen incomplete dossiers"": 383, ""O_SELECTED"": 110, ""O_CREATED"": 110, ""O_SENT"": 110, ""A_ACCEPTED"": 71, ""A_FINALIZED"": 70, ""W_Afhandelen leads"": 57, ""O_CANCELLED"": 53, ""A_DECLINED"": 31, ""A_PREACCEPTED"": 24, ""W_Valideren aanvraag"": 20, ""A_CANCELLED"": 19, ""O_SENT_BACK"": 2, ""O_DECLINED"": 1}","{""W_Completeren aanvraag"": 505, ""W_Nabellen offertes"": 471, ""W_Nabellen incomplete dossiers"": 382, ""O_SELECTED"": 110, ""O_CREATED"": 110, ""O_SENT"": 110, ""A_ACCEPTED"": 71, ""A_FINALIZED"": 70, ""O_CANCELLED"": 53, ""W_Afhandelen leads"": 49, ""A_DECLINED"": 31, ""A_PREACCEPTED"": 24, ""W_Valideren aanvraag"": 21, ""A_CANCELLED"": 19, ""O_SENT_BACK"": 2, ""O_DECLINED"": 1}",W_Completeren aanvraag,W_Completeren aanvraag,95.18453390937704,0.512632411,3.051520971013871,0.7628802427534678,0.7691432903714935,0.41385145155387654,0.03541582240953052
Value 34,Value 34,1886,"{""W_Completeren aanvraag"": 784, ""W_Nabellen offertes"": 360, ""O_SELECTED"": 108, ""O_CREATED"": 108, ""O_SENT"": 108, ""A_ACCEPTED"": 94, ""A_FINALIZED"": 89, ""W_Nabellen incomplete dossiers"": 68, ""A_DECLINED"": 45, ""W_Afhandelen leads"": 39, ""A_CANCELLED"": 34, ""O_CANCELLED"": 34, ""A_PREACCEPTED"": 9, ""W_Beoordelen fraude"": 3, ""W_Valideren aanvraag"": 3}","{""W_Completeren aanvraag"": 754, ""W_Nabellen offertes"": 391, ""O_SELECTED"": 108, ""O_CREATED"": 108, ""O_SENT"": 108, ""A_ACCEPTED"": 94, ""A_FINALIZED"": 89, ""W_Nabellen incomplete dossiers"": 69, ""A_DECLINED"": 45, ""W_Afhandelen leads"": 38, ""A_CANCELLED"": 34, ""O_CANCELLED"": 34, ""A_PREACCEPTED"": 9, ""W_Beoordelen fraude"": 3, ""W_Valideren aanvraag"": 2}",W_Completeren aanvraag,W_Completeren aanvraag,265.5236285073563,0.6002484175,2.8072788955226606,0.7185455611882605,0.7413522012578616,0.47015887813150364,0.04023439635079242
Value 28,Value 28,1840,"{""W_Completeren aanvraag"": 501, ""W_Nabellen offertes"": 352, ""W_Afhandelen leads"": 159, ""W_Nabellen incomplete dossiers"": 129, ""O_SELECTED"": 108, ""O_CREATED"": 108, ""O_SENT"": 108, ""A_ACCEPTED"": 89, ""A_FINALIZED"": 89, ""A_DECLINED"": 67, ""A_PREACCEPTED"": 62, ""O_CANCELLED"": 32, ""A_CANCELLED"": 25, ""W_Valideren aanvraag"": 11}","{""W_Completeren aanvraag"": 492, ""W_Nabellen offertes"": 375, ""W_Afhandelen leads"": 145, ""W_Nabellen incomplete dossiers"": 129, ""O_SELECTED"": 108, ""O_CREATED"": 108, ""O_SENT"": 108, ""A_ACCEPTED"": 89, ""A_FINALIZED"": 89, ""A_DECLINED"": 67, ""A_PREACCEPTED"": 62, ""O_CANCELLED"": 32, ""A_CANCELLED"": 25, ""W_Valideren aanvraag"": 11}",W_Completeren aanvraag,W_Completeren aanvraag,110.76775841344892,0.500438658,3.253522061836788,0.8545360567746836,0.7685881370091896,0.40575750402297883,0.034723173375027824
Value 46,Value 46,1746,"{""W_Valideren aanvraag"": 558, ""W_Nabellen offertes"": 522, ""O_SENT_BACK"": 502, ""W_Nabellen incomplete dossiers"": 151, ""W_Afhandelen leads"": 6, ""W_Completeren aanvraag"": 3, ""A_DECLINED"": 1, ""O_DECLINED"": 1, ""O_CANCELLED"": 1, ""A_CANCELLED"": 1}","{""W_Valideren aanvraag"": 568, ""W_Nabellen offertes"": 514, ""O_SENT_BACK"": 502, ""W_Nabellen incomplete dossiers"": 149, ""W_Afhandelen leads"": 6, ""W_Completeren aanvraag"": 3, ""A_DECLINED"": 1, ""O_DECLINED"": 1, ""O_CANCELLED"": 1, ""A_CANCELLED"": 1}",W_Valideren aanvraag,W_Valideren aanvraag,28.72148707052462,0.026124677,1.9377615180635575,0.5833243413805024,0.7370198395947657,0.025789256909778784,0.0022069458482292664
Value 31,Value 31,1738,"{""W_Nabellen offertes"": 445, ""W_Completeren aanvraag"": 396, ""W_Nabellen incomplete dossiers"": 333, ""O_SELECTED"": 88, ""O_CREATED"": 88, ""O_SENT"": 88, ""A_ACCEPTED"": 71, ""A_FINALIZED"": 70, ""W_Afhandelen leads"": 45, ""O_CANCELLED"": 38, ""A_CANCELLED"": 30, ""A_DECLINED"": 19, ""A_PREACCEPTED"": 15, ""W_Valideren aanvraag"": 11, ""O_DECLINED"": 1}","{""W_Nabellen offertes"": 480, ""W_Completeren aanvraag"": 371, ""W_Nabellen incomplete dossiers"": 333, ""O_SELECTED"": 88, ""O_CREATED"": 88, ""O_SENT"": 88, ""A_ACCEPTED"": 71, ""A_FINALIZED"": 70, ""O_CANCELLED"": 39, ""W_Afhandelen leads"": 35, ""A_CANCELLED"": 29, ""A_DECLINED"": 19, ""A_PREACCEPTED"": 15, ""W_Valideren aanvraag"": 11, ""O_DECLINED"": 1}",W_Nabellen offertes,W_Nabellen offertes,413.9508238381439,1.080840184,3.016021064748279,0.7719747945177661,0.7514051015996541,0.7327717467689868,0.06270779999164369
Value 40,Value 40,1511,"{""W_Nabellen offertes"": 536, ""W_Completeren aanvraag"": 191, ""W_Afhandelen leads"": 167, ""W_Nabellen incomplete dossiers"": 151, ""A_DECLINED"": 78, ""O_SELECTED"": 58, ""O_CREATED"": 58, ""O_SENT"": 58, ""A_PREACCEPTED"": 56, ""O_CANCELLED"": 52, ""A_CANCELLED"": 33, ""A_ACCEPTED"": 29, ""A_FINALIZED"": 29, ""W_Valideren aanvraag"": 12, ""O_DECLINED"": 3}","{""W_Nabellen offertes"": 559, ""W_Completeren aanvraag"": 180, ""W_Afhandelen leads"": 155, ""W_Nabellen incomplete dossiers"": 151, ""A_DECLINED"": 78, ""O_SELECTED"": 58, ""O_CREATED"": 58, ""O_SENT"": 58, ""A_PREACCEPTED"": 56, ""O_CANCELLED"": 52, ""A_CANCELLED"": 33, ""A_ACCEPTED"": 29, ""A_FINALIZED"": 29, ""W_Valideren aanvraag"": 12, ""O_DECLINED"": 3}",W_Nabellen offertes,W_Nabellen offertes,225.17004977886367,0.725259304,3.109284243582758,0.7958462535597239,0.7539920159680639,0.54537736034565,0.04667130601489647
Value 21,Value 21,1460,"{""W_Valideren aanvraag"": 514, ""W_Nabellen offertes"": 364, ""O_SENT_BACK"": 361, ""W_Nabellen incomplete dossiers"": 199, ""A_CANCELLED"": 8, ""O_CANCELLED"": 7, ""W_Completeren aanvraag"": 3, ""W_Afhandelen leads"": 1, ""O_SELECTED"": 1, ""O_CREATED"": 1, ""O_SENT"": 1}","{""W_Valideren aanvraag"": 526, ""O_SENT_BACK"": 361, ""W_Nabellen offertes"": 356, ""W_Nabellen incomplete dossiers"": 195, ""A_CANCELLED"": 8, ""O_CANCELLED"": 7, ""W_Completeren aanvraag"": 3, ""W_Afhandelen leads"": 1, ""O_SELECTED"": 1, ""O_CREATED"": 1, ""O_SENT"": 1}",W_Valideren aanvraag,W_Valideren aanvraag,1.6831223474945207,0.03168201599999999,2.0454330623502557,0.5912627529131421,0.7362581946545638,0.031190495548400594,0.0026691631672665582
Value 55,Value 55,1311,"{""W_Completeren aanvraag"": 265, ""W_Nabellen offertes"": 238, ""W_Nabellen incomplete dossiers"": 158, ""W_Afhandelen leads"": 97, ""O_SELECTED"": 94, ""O_CREATED"": 94, ""O_SENT"": 94, ""A_FINALIZED"": 62, ""A_ACCEPTED"": 61, ""A_DECLINED"": 50, ""O_CANCELLED"": 43, ""A_PREACCEPTED"": 26, ""A_CANCELLED"": 22, ""W_Valideren aanvraag"": 3, ""O_DECLINED"": 2, ""W_Beoordelen fraude"": 2}","{""W_Completeren aanvraag"": 258, ""W_Nabellen offertes"": 250, ""W_Nabellen incomplete dossiers"": 158, ""O_SELECTED"": 94, ""O_CREATED"": 94, ""O_SENT"": 94, ""W_Afhandelen leads"": 92, ""A_FINALIZED"": 62, ""A_ACCEPTED"": 61, ""A_DECLINED"": 50, ""O_CANCELLED"": 43, ""A_PREACCEPTED"": 26, ""A_CANCELLED"": 22, ""W_Valideren aanvraag"": 3, ""O_DECLINED"": 2, ""W_Beoordelen fraude"": 2}",W_Completeren aanvraag,W_Completeren aanvraag,68.34127389183753,0.085336917,3.3920807940897806,0.8480201985224451,0.7569284064665127,0.0818904613709098,0.007007872090474233
Value 32,Value 32,1285,"{""W_Completeren aanvraag"": 406, ""W_Nabellen offertes"": 326, ""W_Afhandelen leads"": 99, ""O_SELECTED"": 65, ""O_CREATED"": 65, ""O_SENT"": 65, ""A_ACCEPTED"": 48, ""A_FINALIZED"": 47, ""A_PREACCEPTED"": 42, ""W_Nabellen incomplete dossiers"": 37, ""A_DECLINED"": 36, ""O_CANCELLED"": 28, ""A_CANCELLED"": 16, ""W_Valideren aanvraag"": 5}","{""W_Nabellen offertes"": 371, ""W_Completeren aanvraag"": 366, ""W_Afhandelen leads"": 94, ""O_SELECTED"": 65, ""O_CREATED"": 65, ""O_SENT"": 65, ""A_ACCEPTED"": 48, ""A_FINALIZED"": 47, ""A_PREACCEPTED"": 42, ""W_Nabellen incomplete dossiers"": 37, ""A_DECLINED"": 36, ""O_CANCELLED"": 28, ""A_CANCELLED"": 16, ""W_Valideren aanvraag"": 5}",W_Completeren aanvraag,W_Nabellen offertes,57.15324910526692,0.758965896,3.000561476550222,0.7880960766664308,0.7639714625445898,0.5647260772786654,0.04832709511550022
Value 25,Value 25,1264,"{""W_Nabellen offertes"": 337, ""W_Completeren aanvraag"": 225, ""W_Afhandelen leads"": 118, ""O_SELECTED"": 82, ""O_CREATED"": 82, ""O_SENT"": 82, ""A_DECLINED"": 58, ""W_Nabellen incomplete dossiers"": 55, ""A_ACCEPTED"": 51, ""A_FINALIZED"": 51, ""O_CANCELLED"": 46, ""A_PREACCEPTED"": 44, ""A_CANCELLED"": 18, ""W_Valideren aanvraag"": 11, ""O_DECLINED"": 3, ""O_SENT_BACK"": 1}","{""W_Nabellen offertes"": 363, ""W_Completeren aanvraag"": 204, ""W_Afhandelen leads"": 113, ""O_SELECTED"": 82, ""O_CREATED"": 82, ""O_SENT"": 82, ""A_DECLINED"": 58, ""W_Nabellen incomplete dossiers"": 55, ""A_ACCEPTED"": 51, ""A_FINALIZED"": 51, ""O_CANCELLED"": 46, ""A_PREACCEPTED"": 44, ""A_CANCELLED"": 18, ""W_Valideren aanvraag"": 11, ""O_DECLINED"": 3, ""O_SENT_BACK"": 1}",W_Nabellen offertes,W_Nabellen offertes,62.41033102942327,0.3318017425,3.3319789715813646,0.8329947428953411,0.7954688483322845,0.28653271907316563,0.02452037284178538
Value 1,Value 2,1237,"{""W_Completeren aanvraag"": 696, ""W_Afhandelen leads"": 526, ""A_CANCELLED"": 11, ""O_CANCELLED"": 4}","{""W_Completeren aanvraag"": 702, ""W_Afhandelen leads"": 526, ""W_Nabellen offertes"": 9}",W_Completeren aanvraag,W_Completeren aanvraag,2524.288660779769,161.118078981,1.0787625179727511,0.5393812589863756,0.049650798747692064,5.088324952325236,0.4354393640445488
Value 30,Value 30,1178,"{""W_Nabellen offertes"": 218, ""W_Completeren aanvraag"": 218, ""W_Nabellen incomplete dossiers"": 175, ""W_Afhandelen leads"": 108, ""O_SELECTED"": 74, ""O_CREATED"": 74, ""O_SENT"": 74, ""A_ACCEPTED"": 53, ""A_FINALIZED"": 51, ""A_PREACCEPTED"": 51, ""A_DECLINED"": 33, ""O_CANCELLED"": 26, ""W_Valideren aanvraag"": 13, ""A_CANCELLED"": 8, ""O_DECLINED"": 2}","{""W_Nabellen offertes"": 248, ""W_Completeren aanvraag"": 198, ""W_Nabellen incomplete dossiers"": 175, ""W_Afhandelen leads"": 98, ""O_SELECTED"": 74, ""O_CREATED"": 74, ""O_SENT"": 74, ""A_ACCEPTED"": 53, ""A_FINALIZED"": 51, ""A_PREACCEPTED"": 51, ""A_DECLINED"": 33, ""O_CANCELLED"": 25, ""W_Valideren aanvraag"": 13, ""A_CANCELLED"": 9, ""O_DECLINED"": 2}",W_Nabellen offertes,W_Nabellen offertes,8.330067858593377,0.271629573,3.3737145441225214,0.8635293109857476,0.8008157715839564,0.24029920631129156,0.02056388586754522
Value 47,Value 47,1070,"{""O_SELECTED"": 272, ""O_CREATED"": 272, ""A_ACCEPTED"": 217, ""A_FINALIZED"": 216, ""O_CANCELLED"": 70, ""A_CANCELLED"": 20, ""A_DECLINED"": 3}","{""O_CREATED"": 272, ""O_SENT"": 272, ""O_SELECTED"": 242, ""A_FINALIZED"": 215, ""O_CANCELLED"": 49, ""A_CANCELLED"": 17, ""O_DECLINED"": 3}",O_SELECTED,O_CREATED,2.7695703819822435,0.0030577005,2.325885395181963,0.8284970941533977,0.7348901098901099,0.003053035241382611,0.0002612670645780459
Value 23,Value 23,973,"{""W_Nabellen incomplete dossiers"": 332, ""W_Nabellen offertes"": 230, ""W_Completeren aanvraag"": 142, ""O_SELECTED"": 44, ""O_CREATED"": 44, ""O_SENT"": 44, ""A_ACCEPTED"": 30, ""A_FINALIZED"": 29, ""O_CANCELLED"": 21, ""W_Afhandelen leads"": 19, ""W_Valideren aanvraag"": 14, ""A_DECLINED"": 12, ""A_CANCELLED"": 8, ""A_PREACCEPTED"": 4}","{""W_Nabellen incomplete dossiers"": 332, ""W_Nabellen offertes"": 249, ""W_Completeren aanvraag"": 126, ""O_SELECTED"": 44, ""O_CREATED"": 44, ""O_SENT"": 44, ""A_ACCEPTED"": 30, ""A_FINALIZED"": 29, ""O_CANCELLED"": 21, ""W_Afhandelen leads"": 16, ""W_Valideren aanvraag"": 14, ""A_DECLINED"": 12, ""A_CANCELLED"": 8, ""A_PREACCEPTED"": 4}",W_Nabellen incomplete dossiers,W_Nabellen incomplete dossiers,82.93990202303496,1.56179512,2.824297185087,0.7418003424699551,0.7337858220211161,0.9407082315024745,0.08050220807728152
Value 58,Value 58,866,"{""W_Nabellen offertes"": 371, ""W_Completeren aanvraag"": 164, ""W_Nabellen incomplete dossiers"": 42, ""O_SELECTED"": 42, ""O_CREATED"": 42, ""O_SENT"": 42, ""W_Afhandelen leads"": 35, ""A_ACCEPTED"": 26, ""A_FINALIZED"": 26, ""O_CANCELLED"": 22, ""A_DECLINED"": 17, ""A_PREACCEPTED"": 13, ""A_CANCELLED"": 11, ""W_Valideren aanvraag"": 10, ""W_Beoordelen fraude"": 2, ""O_DECLINED"": 1}","{""W_Nabellen offertes"": 386, ""W_Completeren aanvraag"": 154, ""O_SELECTED"": 42, ""O_CREATED"": 42, ""O_SENT"": 42, ""W_Nabellen incomplete dossiers"": 41, ""W_Afhandelen leads"": 30, ""A_ACCEPTED"": 26, ""A_FINALIZED"": 26, ""O_CANCELLED"": 22, ""A_DECLINED"": 17, ""A_PREACCEPTED"": 13, ""W_Valideren aanvraag"": 11, ""A_CANCELLED"": 11, ""W_Beoordelen fraude"": 2, ""O_DECLINED"": 1}",W_Nabellen offertes,W_Nabellen offertes,107.79670788062816,0.412263259,2.8389900733318987,0.7097475183329747,0.7684117125110914,0.34519356574350984,0.029540343462328564
Value 39,Value 39,719,"{""W_Valideren aanvraag"": 250, ""W_Nabellen offertes"": 185, ""O_SENT_BACK"": 171, ""W_Nabellen incomplete dossiers"": 100, ""O_CANCELLED"": 4, ""O_SELECTED"": 2, ""O_CREATED"": 2, ""O_SENT"": 2, ""A_CANCELLED"": 2, ""W_Completeren aanvraag"": 1}","{""W_Valideren aanvraag"": 253, ""W_Nabellen offertes"": 184, ""O_SENT_BACK"": 171, ""W_Nabellen incomplete dossiers"": 98, ""O_CANCELLED"": 4, ""O_SELECTED"": 2, ""O_CREATED"": 2, ""O_SENT"": 2, ""A_CANCELLED"": 2, ""W_Completeren aanvraag"": 1}",W_Valideren aanvraag,W_Valideren aanvraag,0.4607874541808067,0.037394551,2.0717811448843597,0.6236682690612568,0.7381930184804928,0.03671233036690497,0.003141700645563779
Value 45,Value 45,711,"{""W_Nabellen incomplete dossiers"": 132, ""W_Completeren aanvraag"": 125, ""W_Nabellen offertes"": 96, ""O_SELECTED"": 55, ""O_CREATED"": 55, ""O_SENT"": 55, ""W_Afhandelen leads"": 47, ""A_ACCEPTED"": 43, ""A_FINALIZED"": 42, ""A_PREACCEPTED"": 20, ""O_CANCELLED"": 18, ""A_DECLINED"": 12, ""A_CANCELLED"": 6, ""W_Valideren aanvraag"": 3, ""O_DECLINED"": 2}","{""W_Nabellen incomplete dossiers"": 132, ""W_Completeren aanvraag"": 122, ""W_Nabellen offertes"": 107, ""O_SELECTED"": 55, ""O_CREATED"": 55, ""O_SENT"": 55, ""A_ACCEPTED"": 43, ""A_FINALIZED"": 42, ""W_Afhandelen leads"": 39, ""A_PREACCEPTED"": 20, ""O_CANCELLED"": 18, ""A_DECLINED"": 12, ""A_CANCELLED"": 6, ""W_Valideren aanvraag"": 3, ""O_DECLINED"": 2}",W_Nabellen incomplete dossiers,W_Nabellen incomplete dossiers,56.46201955199436,0.062035468,3.3776190705540468,0.8645287058589786,0.7961926091825308,0.060187319625532726,0.0051506003305295195
Value 9,Value 9,600,"{""W_Completeren aanvraag"": 163, ""W_Nabellen offertes"": 118, ""W_Nabellen incomplete dossiers"": 64, ""O_SELECTED"": 42, ""O_CREATED"": 42, ""O_SENT"": 42, ""A_ACCEPTED"": 35, ""A_FINALIZED"": 34, ""W_Afhandelen leads"": 15, ""O_CANCELLED"": 13, ""A_DECLINED"": 12, ""A_CANCELLED"": 10, ""W_Valideren aanvraag"": 5, ""A_PREACCEPTED"": 4, ""O_DECLINED"": 1}","{""W_Completeren aanvraag"": 159, ""W_Nabellen offertes"": 124, ""W_Nabellen incomplete dossiers"": 64, ""O_SELECTED"": 42, ""O_CREATED"": 42, ""O_SENT"": 42, ""A_ACCEPTED"": 35, ""A_FINALIZED"": 34, ""W_Afhandelen leads"": 13, ""O_CANCELLED"": 13, ""A_DECLINED"": 12, ""A_CANCELLED"": 10, ""W_Valideren aanvraag"": 5, ""A_PREACCEPTED"": 4, ""O_DECLINED"": 1}",W_Completeren aanvraag,W_Completeren aanvraag,213.08338398619998,0.8079495809999999,3.1813474352758835,0.8142914057669874,0.7672634271099744,0.5921933749661016,0.05067764126754461
Value 19,Value 19,597,"{""W_Completeren aanvraag"": 227, ""W_Nabellen offertes"": 71, ""W_Nabellen incomplete dossiers"": 52, ""O_SELECTED"": 44, ""O_CREATED"": 44, ""O_SENT"": 44, ""A_ACCEPTED"": 41, ""A_FINALIZED"": 39, ""A_CANCELLED"": 12, ""O_CANCELLED"": 10, ""A_DECLINED"": 7, ""W_Valideren aanvraag"": 3, ""W_Wijzigen contractgegevens"": 2, ""O_DECLINED"": 1}","{""W_Completeren aanvraag"": 225, ""W_Nabellen offertes"": 73, ""W_Nabellen incomplete dossiers"": 52, ""O_SELECTED"": 44, ""O_CREATED"": 44, ""O_SENT"": 44, ""A_ACCEPTED"": 41, ""A_FINALIZED"": 39, ""A_CANCELLED"": 12, ""O_CANCELLED"": 10, ""A_DECLINED"": 7, ""W_Valideren aanvraag"": 3, ""W_Wijzigen contractgegevens"": 2, ""O_DECLINED"": 1}",W_Completeren aanvraag,W_Completeren aanvraag,93.19113189194304,0.765820078,2.9255035153311475,0.7683821380514011,0.7547408343868521,0.5686152159043351,0.04865991270590761
Value 38,Value 38,571,"{""O_SELECTED"": 145, ""O_CREATED"": 145, ""A_ACCEPTED"": 104, ""A_FINALIZED"": 104, ""O_CANCELLED"": 52, ""A_CANCELLED"": 18, ""A_DECLINED"": 2, ""O_DECLINED"": 1}","{""O_CREATED"": 145, ""O_SENT"": 145, ""O_SELECTED"": 128, ""A_FINALIZED"": 104, ""O_CANCELLED"": 33, ""A_CANCELLED"": 13, ""O_DECLINED"": 2, ""A_DECLINED"": 1}",O_SELECTED,O_CREATED,4.740389447394046,0.002719164,2.4159343034066665,0.8053114344688889,0.7058096415327565,0.002715473761632456,0.00023237984580850272
Value 1,Value 15,466,"{""W_Completeren aanvraag"": 315, ""W_Afhandelen leads"": 149, ""A_CANCELLED"": 2}","{""W_Completeren aanvraag"": 317, ""W_Afhandelen leads"": 149}",W_Completeren aanvraag,W_Completeren aanvraag,501.24792322830046,73.706533127,0.9416397168842053,0.5941085145268487,0.018704342939712612,4.313567546507298,0.36913859213256583
Value 1,Value 43,440,"{""W_Afhandelen leads"": 345, ""W_Completeren aanvraag"": 95}","{""W_Afhandelen leads"": 345, ""W_Completeren aanvraag"": 95}",W_Afhandelen leads,W_Afhandelen leads,287.3119526549227,39.826649691499995,0.7526269564427315,0.7526269564427315,0.017660752990286587,3.709335046894981,0.3174306886807624
Value 1,Value 33,415,"{""W_Afhandelen leads"": 231, ""W_Completeren aanvraag"": 184}","{""W_Afhandelen leads"": 231, ""W_Completeren aanvraag"": 184}",W_Afhandelen leads,W_Afhandelen leads,402.0281018302988,97.082212997,0.9907279395316373,0.9907279395316373,0.016657301115838484,4.585806035116472,0.39243571946997313
Value 49,Value 49,409,"{""O_SELECTED"": 108, ""O_CREATED"": 108, ""A_ACCEPTED"": 78, ""A_FINALIZED"": 77, ""O_CANCELLED"": 36, ""A_CANCELLED"": 2}","{""O_CREATED"": 108, ""O_SENT"": 108, ""O_SELECTED"": 91, ""A_FINALIZED"": 77, ""O_CANCELLED"": 19, ""A_CANCELLED"": 5, ""A_DECLINED"": 1}",O_SELECTED,O_CREATED,1.5946172806894865,0.002379931,2.270145450486993,0.8782121403516163,0.6196969696969697,0.002377103449578934,0.00020342341026780274
Value 7,Value 7,396,"{""O_SELECTED"": 97, ""O_CREATED"": 97, ""A_ACCEPTED"": 86, ""A_FINALIZED"": 83, ""O_CANCELLED"": 25, ""A_CANCELLED"": 8}","{""O_CREATED"": 97, ""O_SENT"": 97, ""O_SELECTED"": 90, ""A_FINALIZED"": 83, ""O_CANCELLED"": 15, ""A_CANCELLED"": 12, ""A_DECLINED"": 2}",O_SELECTED,O_CREATED,3.5238401736111107,0.004186339,2.3105017265572707,0.8938240790389353,0.5617021276595745,0.004177600662162519,0.000357503066845771
Value 47,Value 2,386,"{""O_SENT"": 272, ""A_CANCELLED"": 41, ""A_DECLINED"": 40, ""O_CANCELLED"": 20, ""A_PREACCEPTED"": 9, ""O_DECLINED"": 3, ""A_ACCEPTED"": 1}","{""W_Nabellen offertes"": 304, ""W_Completeren aanvraag"": 71, ""W_Afhandelen leads"": 6, ""W_Nabellen incomplete dossiers"": 5}",O_SENT,W_Nabellen offertes,0.04304338367875647,0.0092331575,1.4627953190872003,0.5210582059268334,0.2651098901098901,0.009190792476911146,0.000786512824693475
Value 2,Value 47,386,"{""W_Completeren aanvraag"": 278, ""W_Nabellen offertes"": 88, ""W_Afhandelen leads"": 15, ""W_Nabellen incomplete dossiers"": 5}","{""A_ACCEPTED"": 218, ""A_CANCELLED"": 44, ""A_DECLINED"": 43, ""O_CANCELLED"": 41, ""O_SELECTED"": 30, ""A_PREACCEPTED"": 9, ""A_FINALIZED"": 1}",W_Completeren aanvraag,A_ACCEPTED,19.64855316143005,9.1505173175,1.0906212858023245,0.5453106429011623,0.02512366571205415,2.31752467143039,0.198324886586508
Value 2,Value 29,368,"{""W_Nabellen offertes"": 351, ""W_Nabellen incomplete dossiers"": 16, ""W_Valideren aanvraag"": 1}","{""O_SENT_BACK"": 366, ""O_CANCELLED"": 1, ""A_DECLINED"": 1}",W_Nabellen offertes,O_SENT_BACK,1.9411061775951088,1.481898201,0.2849210475599999,0.17976516632435227,0.023952095808383235,0.9090236710339483,0.07779076472613679
Value 29,Value 2,368,"{""O_SENT_BACK"": 366, ""A_CANCELLED"": 1, ""O_DECLINED"": 1}","{""W_Valideren aanvraag"": 367, ""W_Nabellen offertes"": 1}",O_SENT_BACK,W_Valideren aanvraag,0.032200965192934784,0.007286441,0.05414309515494893,0.034160489683707905,0.9945945945945946,0.007260023139279204,0.0006212849785216275
Value 62,Value 62,362,"{""W_Valideren aanvraag"": 260, ""W_Nabellen incomplete dossiers"": 46, ""A_DECLINED"": 13, ""O_DECLINED"": 13, ""W_Nabellen offertes"": 7, ""O_CANCELLED"": 4, ""O_SENT_BACK"": 3, ""O_SELECTED"": 3, ""O_CREATED"": 3, ""O_SENT"": 3, ""W_Beoordelen fraude"": 2, ""A_CANCELLED"": 1, ""O_ACCEPTED"": 1, ""A_REGISTERED"": 1, ""A_ACTIVATED"": 1, ""A_APPROVED"": 1}","{""W_Valideren aanvraag"": 259, ""W_Nabellen incomplete dossiers"": 49, ""A_DECLINED"": 13, ""O_DECLINED"": 13, ""W_Nabellen offertes"": 5, ""O_CANCELLED"": 4, ""O_SENT_BACK"": 3, ""O_SELECTED"": 3, ""O_CREATED"": 3, ""O_SENT"": 3, ""W_Beoordelen fraude"": 2, ""A_CANCELLED"": 1, ""O_ACCEPTED"": 1, ""A_REGISTERED"": 1, ""A_ACTIVATED"": 1, ""A_APPROVED"": 1}",W_Valideren aanvraag,W_Valideren aanvraag,34.16781761700276,1.9175463549999998,1.635807355313188,0.408951838828297,0.7669491525423728,1.0707429736556076,0.09163008335202831
Value 7,Value 2,309,"{""A_DECLINED"": 112, ""O_SENT"": 97, ""A_PREACCEPTED"": 71, ""A_CANCELLED"": 20, ""O_CANCELLED"": 8, ""A_ACCEPTED"": 1}","{""W_Nabellen offertes"": 114, ""W_Completeren aanvraag"": 110, ""W_Afhandelen leads"": 83, ""W_Nabellen incomplete dossiers"": 2}",A_DECLINED,W_Nabellen offertes,0.19756192902912623,0.042940437,1.9617999070461778,0.7589278012732766,0.43829787234042555,0.0420440670053964,0.0035979702495828373
Value 2,Value 7,309,"{""W_Afhandelen leads"": 154, ""W_Completeren aanvraag"": 122, ""W_Nabellen offertes"": 31, ""W_Nabellen incomplete dossiers"": 2}","{""A_DECLINED"": 110, ""A_ACCEPTED"": 87, ""A_PREACCEPTED"": 71, ""O_CANCELLED"": 18, ""A_CANCELLED"": 16, ""O_SELECTED"": 7}",W_Afhandelen leads,A_DECLINED,20.735555032980585,7.523297599,1.409925267154601,0.7049626335773005,0.020111950013017445,2.1428033080958877,0.18337290139527027
Value 42,Value 42,292,"{""W_Beoordelen fraude"": 230, ""A_DECLINED"": 39, ""W_Afhandelen leads"": 15, ""W_Valideren aanvraag"": 7, ""W_Completeren aanvraag"": 1}","{""W_Beoordelen fraude"": 227, ""A_DECLINED"": 39, ""W_Afhandelen leads"": 16, ""W_Valideren aanvraag"": 8, ""W_Completeren aanvraag"": 2}",W_Beoordelen fraude,W_Beoordelen fraude,368.83822273270204,0.170075173,1.0362346902452053,0.44628198975105365,0.906832298136646,0.15706799717304487,0.013441277717439706
Value 37,Value 37,285,"{""W_Completeren aanvraag"": 100, ""W_Afhandelen leads"": 91, ""A_DECLINED"": 38, ""A_PREACCEPTED"": 35, ""W_Nabellen offertes"": 4, ""A_ACCEPTED"": 4, ""W_Valideren aanvraag"": 3, ""W_Nabellen incomplete dossiers"": 2, ""O_SELECTED"": 2, ""A_FINALIZED"": 2, ""O_CREATED"": 2, ""O_SENT"": 2}","{""W_Completeren aanvraag"": 100, ""W_Afhandelen leads"": 90, ""A_DECLINED"": 38, ""A_PREACCEPTED"": 35, ""W_Nabellen offertes"": 5, ""A_ACCEPTED"": 4, ""W_Valideren aanvraag"": 3, ""W_Nabellen incomplete dossiers"": 2, ""O_SELECTED"": 2, ""A_FINALIZED"": 2, ""O_CREATED"": 2, ""O_SENT"": 2}",W_Completeren aanvraag,W_Completeren aanvraag,402.6543124314947,0.61173112,2.308165583291938,0.6438465068540116,0.75,0.47730883116449085,0.040846261951123154
Value 3,Value 3,282,"{""O_SELECTED"": 73, ""O_CREATED"": 73, ""A_ACCEPTED"": 47, ""A_FINALIZED"": 46, ""O_CANCELLED"": 33, ""A_CANCELLED"": 9, ""O_DECLINED"": 1}","{""O_CREATED"": 73, ""O_SENT"": 73, ""O_SELECTED"": 58, ""A_FINALIZED"": 46, ""O_CANCELLED"": 24, ""A_CANCELLED"": 7, ""A_DECLINED"": 1}",O_SELECTED,O_CREATED,4.355323592865248,0.0019919045,2.416649783052114,0.8608280214462055,0.6197802197802198,0.0019899232887176364,0.00017029001477994842
Value 36,Value 36,268,"{""O_SELECTED"": 67, ""O_CREATED"": 67, ""A_ACCEPTED"": 58, ""A_FINALIZED"": 58, ""O_CANCELLED"": 12, ""A_CANCELLED"": 6}","{""O_CREATED"": 67, ""O_SENT"": 67, ""O_SELECTED"": 64, ""A_FINALIZED"": 58, ""O_CANCELLED"": 9, ""A_CANCELLED"": 3}",O_SELECTED,O_CREATED,1.520942986261194,0.0093574395,2.279107578632695,0.8816791647835768,0.6536585365853659,0.009313929878166996,0.0007970504519471046
Value 2,Value 20,260,"{""W_Completeren aanvraag"": 129, ""W_Nabellen offertes"": 114, ""W_Afhandelen leads"": 10, ""W_Nabellen incomplete dossiers"": 7}","{""W_Completeren aanvraag"": 134, ""W_Nabellen offertes"": 119, ""W_Nabellen incomplete dossiers"": 7}",W_Completeren aanvraag,W_Completeren aanvraag,5169.537256829409,1425.0455921045,1.344411878537465,0.6722059392687325,0.016922676386357718,7.262660572485938,0.6215106799555985
Value 49,Value 2,251,"{""O_SENT"": 108, ""A_DECLINED"": 72, ""A_PREACCEPTED"": 56, ""A_CANCELLED"": 12, ""O_CANCELLED"": 2, ""A_ACCEPTED"": 1}","{""W_Nabellen offertes"": 112, ""W_Completeren aanvraag"": 76, ""W_Afhandelen leads"": 60, ""W_Nabellen incomplete dossiers"": 3}",O_SENT,W_Nabellen offertes,0.06027008515537849,0.00620714,1.8201735301205695,0.7041392397811478,0.3803030303030303,0.006187955054675016,0.000529541497249037
Value 2,Value 49,251,"{""W_Afhandelen leads"": 116, ""W_Completeren aanvraag"": 97, ""W_Nabellen offertes"": 35, ""W_Valideren aanvraag"": 2, ""W_Nabellen incomplete dossiers"": 1}","{""A_ACCEPTED"": 79, ""A_DECLINED"": 71, ""A_PREACCEPTED"": 56, ""O_CANCELLED"": 19, ""O_SELECTED"": 17, ""A_CANCELLED"": 9}",W_Afhandelen leads,A_ACCEPTED,10.526347488270916,5.133113864,1.528347351878965,0.6582233770478176,0.01633689143452226,1.8137025922631236,0.15520972240188885
Value 14,Value 2,249,"{""W_Nabellen offertes"": 133, ""W_Completeren aanvraag"": 110, ""W_Nabellen incomplete dossiers"": 6}","{""W_Nabellen offertes"": 137, ""W_Completeren aanvraag"": 106, ""W_Nabellen incomplete dossiers"": 6}",W_Nabellen offertes,W_Nabellen offertes,7977.407199304055,5347.39990375,1.1334480870331505,0.7151261222378655,0.048996458087367176,8.584552711744474,0.7346331471422094
Value 15,Value 2,247,"{""W_Completeren aanvraag"": 113, ""W_Nabellen offertes"": 107, ""W_Nabellen incomplete dossiers"": 19, ""W_Afhandelen leads"": 8}","{""W_Nabellen offertes"": 134, ""W_Completeren aanvraag"": 91, ""W_Nabellen incomplete dossiers"": 19, ""W_Afhandelen leads"": 3}",W_Completeren aanvraag,W_Nabellen offertes,8044.506741367825,2521.784437891,1.4838821584945276,0.7419410792472638,0.0404718990660331,7.833118506184375,0.6703282853937698
Value 38,Value 2,238,"{""O_SENT"": 145, ""A_CANCELLED"": 31, ""A_DECLINED"": 26, ""O_CANCELLED"": 18, ""A_PREACCEPTED"": 13, ""A_ACCEPTED"": 3, ""O_DECLINED"": 2}","{""W_Nabellen offertes"": 170, ""W_Completeren aanvraag"": 52, ""W_Afhandelen leads"": 9, ""W_Nabellen incomplete dossiers"": 7}",O_SENT,W_Nabellen offertes,1.2236249892689075,0.010152380499999999,1.8158362918382531,0.6468139377643658,0.2941903584672435,0.01010119125534357,0.0008644212658448983
Value 2,Value 38,238,"{""W_Completeren aanvraag"": 143, ""W_Nabellen offertes"": 66, ""W_Afhandelen leads"": 22, ""W_Nabellen incomplete dossiers"": 7}","{""A_ACCEPTED"": 107, ""O_CANCELLED"": 37, ""A_CANCELLED"": 36, ""A_DECLINED"": 27, ""O_SELECTED"": 17, ""A_PREACCEPTED"": 13, ""O_DECLINED"": 1}",W_Completeren aanvraag,A_ACCEPTED,35.01091184321009,9.595317849,1.421916111621425,0.7109580558107125,0.015490757615204374,2.36041219117589,0.2019950362916471
Value 2,Value 14,238,"{""W_Completeren aanvraag"": 121, ""W_Nabellen offertes"": 104, ""W_Afhandelen leads"": 8, ""W_Nabellen incomplete dossiers"": 5}","{""W_Nabellen offertes"": 122, ""W_Completeren aanvraag"": 111, ""W_Nabellen incomplete dossiers"": 5}",W_Completeren aanvraag,W_Nabellen offertes,7861.444460824887,2070.941260748,1.2997008604872025,0.6498504302436012,0.015490757615204374,7.636241253917686,0.653480284072103
Value 35,Value 35,232,"{""W_Completeren aanvraag"": 56, ""W_Afhandelen leads"": 45, ""W_Nabellen offertes"": 28, ""A_DECLINED"": 18, ""O_SELECTED"": 15, ""O_CREATED"": 15, ""O_SENT"": 15, ""A_PREACCEPTED"": 13, ""A_ACCEPTED"": 9, ""A_FINALIZED"": 9, ""O_CANCELLED"": 6, ""O_DECLINED"": 1, ""A_CANCELLED"": 1, ""W_Nabellen incomplete dossiers"": 1}","{""W_Completeren aanvraag"": 57, ""W_Afhandelen leads"": 41, ""W_Nabellen offertes"": 31, ""A_DECLINED"": 18, ""O_SELECTED"": 15, ""O_CREATED"": 15, ""O_SENT"": 15, ""A_PREACCEPTED"": 13, ""A_ACCEPTED"": 9, ""A_FINALIZED"": 9, ""O_CANCELLED"": 6, ""O_DECLINED"": 1, ""A_CANCELLED"": 1, ""W_Nabellen incomplete dossiers"": 1}",W_Completeren aanvraag,W_Completeren aanvraag,26.50824431753017,0.929428789,3.2092996546873054,0.8429210620986466,0.8436363636363636,0.6572239948620276,0.05624271268814339
Value 5,Value 22,226,"{""W_Nabellen offertes"": 152, ""W_Nabellen incomplete dossiers"": 61, ""W_Valideren aanvraag"": 13}","{""W_Valideren aanvraag"": 222, ""W_Nabellen incomplete dossiers"": 4}",W_Nabellen offertes,W_Valideren aanvraag,4857.538814246571,3092.991476846,1.1318352634302526,0.7141085438395349,0.06124661246612466,8.037217276392953,0.6877942765666183
Value 20,Value 2,219,"{""W_Nabellen offertes"": 117, ""W_Completeren aanvraag"": 96, ""W_Nabellen incomplete dossiers"": 5, ""W_Afhandelen leads"": 1}","{""W_Nabellen offertes"": 125, ""W_Completeren aanvraag"": 89, ""W_Nabellen incomplete dossiers"": 5}",W_Nabellen offertes,W_Nabellen offertes,10851.500586073662,3172.315814874,1.1647472754234287,0.5823736377117144,0.04774362328319163,8.062532318579164,0.6899606409347759
Value 1,Value 12,215,"{""W_Afhandelen leads"": 108, ""W_Completeren aanvraag"": 94, ""A_CANCELLED"": 9, ""O_CANCELLED"": 4}","{""W_Afhandelen leads"": 108, ""W_Completeren aanvraag"": 101, ""W_Nabellen offertes"": 6}",W_Afhandelen leads,W_Afhandelen leads,334.2116447370605,52.751860208,1.3194090016623286,0.6597045008311643,0.008629686120253673,3.984378274929841,0.34096783487767146
Value 2,Value 5,215,"{""W_Nabellen incomplete dossiers"": 99, ""W_Nabellen offertes"": 96, ""W_Completeren aanvraag"": 19, ""W_Valideren aanvraag"": 1}","{""W_Nabellen offertes"": 104, ""W_Nabellen incomplete dossiers"": 98, ""W_Valideren aanvraag"": 6, ""W_Completeren aanvraag"": 3, ""O_CANCELLED"": 2, ""A_CANCELLED"": 2}",W_Nabellen incomplete dossiers,W_Nabellen offertes,6916.862216383648,2833.700431188,1.3799448113915977,0.6899724056957989,0.013993751627180421,7.949691542567307,0.6803041594393394
Value 53,Value 53,215,"{""W_Completeren aanvraag"": 78, ""W_Nabellen offertes"": 46, ""O_SELECTED"": 15, ""O_CREATED"": 15, ""O_SENT"": 15, ""A_ACCEPTED"": 12, ""A_FINALIZED"": 12, ""W_Afhandelen leads"": 6, ""A_CANCELLED"": 5, ""O_CANCELLED"": 3, ""A_PREACCEPTED"": 3, ""W_Nabellen incomplete dossiers"": 3, ""A_DECLINED"": 2}","{""W_Completeren aanvraag"": 71, ""W_Nabellen offertes"": 54, ""O_SELECTED"": 15, ""O_CREATED"": 15, ""O_SENT"": 15, ""A_ACCEPTED"": 12, ""A_FINALIZED"": 12, ""A_CANCELLED"": 5, ""W_Afhandelen leads"": 5, ""O_CANCELLED"": 3, ""A_PREACCEPTED"": 3, ""W_Nabellen incomplete dossiers"": 3, ""A_DECLINED"": 2}",W_Completeren aanvraag,W_Completeren aanvraag,9.589520934855814,0.341619163,2.866432487474004,0.7746194252054861,0.8431372549019608,0.29387721511596615,0.025148886687907438
Value 2,Value 10,210,"{""W_Completeren aanvraag"": 138, ""W_Nabellen offertes"": 60, ""W_Afhandelen leads"": 7, ""W_Nabellen incomplete dossiers"": 5}","{""W_Completeren aanvraag"": 139, ""W_Nabellen offertes"": 66, ""W_Nabellen incomplete dossiers"": 5}",W_Completeren aanvraag,W_Completeren aanvraag,5594.984066816847,547.7865307469999,1.2063839190911776,0.6031919595455888,0.01366831554282739,6.307709533010999,0.539789626913845
Value 56,Value 56,208,"{""W_Nabellen offertes"": 97, ""W_Nabellen incomplete dossiers"": 24, ""O_CANCELLED"": 14, ""W_Afhandelen leads"": 13, ""O_SELECTED"": 9, ""O_CREATED"": 9, ""O_SENT"": 9, ""W_Completeren aanvraag"": 9, ""A_PREACCEPTED"": 8, ""A_CANCELLED"": 6, ""A_DECLINED"": 5, ""W_Valideren aanvraag"": 3, ""A_ACCEPTED"": 1, ""A_FINALIZED"": 1}","{""W_Nabellen offertes"": 97, ""W_Nabellen incomplete dossiers"": 24, ""O_CANCELLED"": 14, ""W_Afhandelen leads"": 13, ""O_SELECTED"": 9, ""O_CREATED"": 9, ""O_SENT"": 9, ""W_Completeren aanvraag"": 9, ""A_PREACCEPTED"": 8, ""A_CANCELLED"": 6, ""A_DECLINED"": 5, ""W_Valideren aanvraag"": 3, ""A_ACCEPTED"": 1, ""A_FINALIZED"": 1}",W_Nabellen offertes,W_Nabellen offertes,75.73512553319232,0.8056215895,2.788752535511523,0.7324645567858961,0.7123287671232876,0.590904903416918,0.05056737880647486
Value 1,Value 18,206,"{""W_Afhandelen leads"": 132, ""W_Completeren aanvraag"": 74}","{""W_Afhandelen leads"": 132, ""W_Completeren aanvraag"": 74}",W_Afhandelen leads,W_Afhandelen leads,528.2313755834613,36.6789521595,0.9420365814945866,0.9420365814945866,0.008268443445452356,3.6291016403910197,0.31056462100022886
Value 1,Value 4,201,"{""W_Afhandelen leads"": 142, ""W_Completeren aanvraag"": 57, ""O_CANCELLED"": 2}","{""W_Afhandelen leads"": 142, ""W_Completeren aanvraag"": 57, ""W_Nabellen offertes"": 2}",W_Afhandelen leads,W_Afhandelen leads,335.8934431222936,99.99995591,0.9359331748751718,0.5905080873833439,0.008067753070562737,4.615120080306511,0.39494430320130314
Value 51,Value 51,196,"{""O_SELECTED"": 50, ""O_CREATED"": 50, ""A_ACCEPTED"": 39, ""A_FINALIZED"": 39, ""O_CANCELLED"": 14, ""A_CANCELLED"": 3, ""A_DECLINED"": 1}","{""O_CREATED"": 50, ""O_SENT"": 50, ""O_SELECTED"": 44, ""A_FINALIZED"": 39, ""O_CANCELLED"": 9, ""A_CANCELLED"": 3, ""O_DECLINED"": 1}",O_SELECTED,O_CREATED,5.377277697066328,0.00393657,2.3356034744228724,0.8319587438238948,0.5798816568047337,0.003928841982931703,0.00033621525168071767
Value 2,Value 12,195,"{""W_Nabellen offertes"": 94, ""W_Completeren aanvraag"": 80, ""W_Nabellen incomplete dossiers"": 17, ""W_Afhandelen leads"": 4}","{""W_Nabellen offertes"": 96, ""W_Completeren aanvraag"": 81, ""W_Nabellen incomplete dossiers"": 16, ""W_Afhandelen leads"": 1, ""W_Valideren aanvraag"": 1}",W_Nabellen offertes,W_Nabellen offertes,3485.65040888081,1209.124431927,1.4567022729806738,0.7283511364903369,0.01269200728976829,7.098478469606802,0.6074606043147891
Value 2,Value 15,194,"{""W_Nabellen offertes"": 79, ""W_Completeren aanvraag"": 64, ""W_Afhandelen leads"": 34, ""W_Nabellen incomplete dossiers"": 17}","{""W_Nabellen offertes"": 90, ""W_Completeren aanvraag"": 81, ""W_Nabellen incomplete dossiers"": 17, ""W_Afhandelen leads"": 6}",W_Nabellen offertes,W_Nabellen offertes,4722.839729020444,971.6981404535,1.8037309658481666,0.9018654829240833,0.012626920072897682,6.8800737981366495,0.5887703688953978
Value 1,Value 11,189,"{""W_Afhandelen leads"": 96, ""W_Completeren aanvraag"": 89, ""A_CANCELLED"": 2, ""O_CANCELLED"": 2}","{""W_Afhandelen leads"": 96, ""W_Completeren aanvraag"": 89, ""W_Nabellen offertes"": 4}",W_Afhandelen leads,W_Afhandelen leads,141.5029808106984,35.890504989,1.1469160992198009,0.5734580496099004,0.007586096170827647,3.607954200563413,0.3087549040823863
Value 13,Value 2,187,"{""W_Completeren aanvraag"": 99, ""W_Nabellen offertes"": 76, ""W_Afhandelen leads"": 10, ""W_Nabellen incomplete dossiers"": 2}","{""W_Completeren aanvraag"": 93, ""W_Nabellen offertes"": 85, ""W_Afhandelen leads"": 7, ""W_Nabellen incomplete dossiers"": 2}",W_Completeren aanvraag,W_Completeren aanvraag,4395.459766074819,2280.111675483,1.3096320141204307,0.6548160070602154,0.06486298994103365,7.732418180087689,0.6617107371110914
Value 10,Value 2,186,"{""W_Completeren aanvraag"": 96, ""W_Nabellen offertes"": 87, ""W_Nabellen incomplete dossiers"": 2, ""W_Afhandelen leads"": 1}","{""W_Nabellen offertes"": 93, ""W_Completeren aanvraag"": 91, ""W_Nabellen incomplete dossiers"": 2}",W_Completeren aanvraag,W_Nabellen offertes,5775.685568991828,1028.683086954,1.1160809390216317,0.5580404695108159,0.05260180995475113,6.937006351310756,0.5936424387769089
Value 2,Value 13,183,"{""W_Completeren aanvraag"": 87, ""W_Nabellen offertes"": 78, ""W_Afhandelen leads"": 18}","{""W_Completeren aanvraag"": 95, ""W_Nabellen offertes"": 87, ""W_Wijzigen contractgegevens"": 1}",W_Completeren aanvraag,W_Completeren aanvraag,5994.569497566492,2889.608881501,1.363480673059691,0.8602605250529958,0.01191096068732101,7.96922244455586,0.6819755392393315
Value 5,Value 16,182,"{""W_Nabellen offertes"": 117, ""W_Nabellen incomplete dossiers"": 60, ""W_Valideren aanvraag"": 5}","{""W_Valideren aanvraag"": 173, ""W_Nabellen incomplete dossiers"": 7, ""W_Nabellen offertes"": 2}",W_Nabellen offertes,W_Valideren aanvraag,3774.5715153850274,1508.1183659605,1.0800158028239366,0.6814141043289861,0.04932249322493225,7.319280895691924,0.6263560303921002
Value 1,Value 28,179,"{""W_Afhandelen leads"": 102, ""W_Completeren aanvraag"": 75, ""A_CANCELLED"": 2}","{""W_Afhandelen leads"": 102, ""W_Completeren aanvraag"": 76, ""W_Nabellen offertes"": 1}",W_Afhandelen leads,W_Afhandelen leads,643.2055640840558,85.343094849,1.060638198111834,0.6691881969631741,0.007184715421048407,4.458328834388786,0.38152670879649464
Value 12,Value 2,178,"{""W_Nabellen offertes"": 90, ""W_Completeren aanvraag"": 65, ""W_Afhandelen leads"": 12, ""W_Nabellen incomplete dossiers"": 11}","{""W_Nabellen offertes"": 97, ""W_Completeren aanvraag"": 68, ""W_Nabellen incomplete dossiers"": 11, ""W_Afhandelen leads"": 2}",W_Nabellen offertes,W_Nabellen offertes,4590.484413421281,1168.396863468,1.5386885751788448,0.7693442875894224,0.041194168016662806,7.064243393565919,0.6045308976079785
Value 3,Value 2,173,"{""O_SENT"": 73, ""A_PREACCEPTED"": 42, ""A_DECLINED"": 34, ""A_CANCELLED"": 15, ""O_CANCELLED"": 9}","{""W_Nabellen offertes"": 87, ""W_Completeren aanvraag"": 56, ""W_Afhandelen leads"": 28, ""W_Nabellen incomplete dossiers"": 2}",O_SENT,W_Nabellen offertes,0.04555648933526012,0.007872915,2.0101140940843005,0.8657090193750432,0.3802197802197802,0.007842085311991997,0.0006710956302970464
Value 33,Value 2,173,"{""W_Completeren aanvraag"": 77, ""W_Nabellen incomplete dossiers"": 47, ""W_Afhandelen leads"": 24, ""W_Nabellen offertes"": 23, ""W_Valideren aanvraag"": 2}","{""W_Completeren aanvraag"": 61, ""W_Nabellen offertes"": 54, ""W_Nabellen incomplete dossiers"": 47, ""W_Afhandelen leads"": 9, ""W_Valideren aanvraag"": 2}",W_Completeren aanvraag,W_Completeren aanvraag,7442.41066130263,399.761440483,1.887291437642647,0.812812180445321,0.03890263098718237,5.993366338762784,0.5128893401047989
Value 2,Value 3,173,"{""W_Afhandelen leads"": 70, ""W_Completeren aanvraag"": 60, ""W_Nabellen offertes"": 41, ""W_Nabellen incomplete dossiers"": 2}","{""A_ACCEPTED"": 47, ""A_PREACCEPTED"": 42, ""A_DECLINED"": 33, ""O_CANCELLED"": 18, ""A_CANCELLED"": 17, ""O_SELECTED"": 15, ""O_DECLINED"": 1}",W_Afhandelen leads,A_ACCEPTED,21.718923826104046,3.162808832,1.6246693888390356,0.8123346944195178,0.011260088518614944,1.4261900464282067,0.1220478826808366
Value 2,Value 11,172,"{""W_Nabellen offertes"": 103, ""W_Completeren aanvraag"": 56, ""W_Nabellen incomplete dossiers"": 10, ""W_Afhandelen leads"": 3}","{""W_Nabellen offertes"": 114, ""W_Completeren aanvraag"": 48, ""W_Nabellen incomplete dossiers"": 10}",W_Nabellen offertes,W_Nabellen offertes,12889.554679873243,1813.1049539075,1.3105926710617817,0.6552963355308908,0.011195001301744337,7.503347486723274,0.6421077443827549
Value 11,Value 2,171,"{""W_Nabellen offertes"": 92, ""W_Completeren aanvraag"": 65, ""W_Afhandelen leads"": 9, ""W_Nabellen incomplete dossiers"": 5}","{""W_Nabellen offertes"": 98, ""W_Completeren aanvraag"": 68, ""W_Nabellen incomplete dossiers"": 5}",W_Nabellen offertes,W_Nabellen offertes,9063.396856977128,5008.58561325,1.3841649517776384,0.6920824758888192,0.0475396163469558,8.519108478731942,0.7290326802949934
Value 50,Value 50,160,"{""W_Nabellen offertes"": 49, ""W_Nabellen incomplete dossiers"": 30, ""W_Completeren aanvraag"": 28, ""O_CANCELLED"": 8, ""O_SELECTED"": 8, ""O_CREATED"": 8, ""O_SENT"": 8, ""A_CANCELLED"": 5, ""A_ACCEPTED"": 5, ""A_FINALIZED"": 5, ""A_DECLINED"": 2, ""W_Afhandelen leads"": 2, ""O_DECLINED"": 1, ""A_PREACCEPTED"": 1}","{""W_Nabellen offertes"": 50, ""W_Nabellen incomplete dossiers"": 30, ""W_Completeren aanvraag"": 28, ""O_CANCELLED"": 8, ""O_SELECTED"": 8, ""O_CREATED"": 8, ""O_SENT"": 8, ""A_CANCELLED"": 5, ""A_ACCEPTED"": 5, ""A_FINALIZED"": 5, ""A_DECLINED"": 2, ""O_DECLINED"": 1, ""A_PREACCEPTED"": 1, ""W_Afhandelen leads"": 1}",W_Nabellen offertes,W_Nabellen offertes,458.5203385937187,1.40781345,2.9984133481947115,0.7875318717526557,0.6866952789699571,0.8787190535153145,0.0751974116082513
Value 1,Value 34,158,"{""W_Completeren aanvraag"": 132, ""W_Afhandelen leads"": 25, ""A_CANCELLED"": 1}","{""W_Completeren aanvraag"": 133, ""W_Afhandelen leads"": 25}",W_Completeren aanvraag,W_Completeren aanvraag,224.84614724105066,72.448009926,0.683803352609483,0.4314318807532376,0.006341815846512001,4.296577807984621,0.36768467537078015
Value 1,Value 41,156,"{""W_Completeren aanvraag"": 76, ""W_Afhandelen leads"": 76, ""A_CANCELLED"": 3, ""O_CANCELLED"": 1}","{""W_Completeren aanvraag"": 77, ""W_Afhandelen leads"": 76, ""W_Nabellen offertes"": 3}",W_Completeren aanvraag,W_Completeren aanvraag,690.2480094363333,195.54027278249998,1.167197926903348,0.583598963451674,0.006261539696556153,5.280867360856895,0.45191640603934485
Value 1,Value 24,152,"{""W_Completeren aanvraag"": 91, ""W_Afhandelen leads"": 61}","{""W_Completeren aanvraag"": 91, ""W_Afhandelen leads"": 61}",W_Completeren aanvraag,W_Completeren aanvraag,52.99695393299342,7.315103896,0.9717150802237341,0.9717150802237341,0.006100987396644457,2.118073607575849,0.18125662832537975
Value 1,Value 20,152,"{""W_Completeren aanvraag"": 124, ""W_Afhandelen leads"": 25, ""A_CANCELLED"": 2, ""O_CANCELLED"": 1}","{""W_Completeren aanvraag"": 126, ""W_Afhandelen leads"": 25, ""W_Nabellen offertes"": 1}",W_Completeren aanvraag,W_Completeren aanvraag,5358.2902302978155,415.700421343,0.7978173342834498,0.3989086671417249,0.006100987396644457,6.032367549570205,0.5162269143733585
Value 2,Value 33,152,"{""W_Completeren aanvraag"": 91, ""W_Nabellen incomplete dossiers"": 31, ""W_Nabellen offertes"": 18, ""W_Afhandelen leads"": 12}","{""W_Completeren aanvraag"": 97, ""W_Nabellen incomplete dossiers"": 31, ""W_Nabellen offertes"": 16, ""W_Afhandelen leads"": 5, ""W_Valideren aanvraag"": 3}",W_Completeren aanvraag,W_Completeren aanvraag,2792.5538804648154,826.862020806,1.56458805347852,0.78229402673926,0.009893256964332206,6.718846498960368,0.5749731540402697
Value 4,Value 2,150,"{""W_Nabellen offertes"": 74, ""W_Nabellen incomplete dossiers"": 33, ""W_Completeren aanvraag"": 31, ""W_Afhandelen leads"": 12}","{""W_Nabellen offertes"": 92, ""W_Nabellen incomplete dossiers"": 33, ""W_Completeren aanvraag"": 24, ""W_Afhandelen leads"": 1}",W_Nabellen offertes,W_Nabellen offertes,7228.218233857333,3571.870096184,1.7450574196557591,0.8725287098278796,0.043041606886657105,8.181124500291107,0.7001093057054302
Value 41,Value 2,147,"{""W_Nabellen offertes"": 81, ""W_Completeren aanvraag"": 42, ""W_Afhandelen leads"": 14, ""W_Nabellen incomplete dossiers"": 10}","{""W_Nabellen offertes"": 84, ""W_Completeren aanvraag"": 52, ""W_Nabellen incomplete dossiers"": 10, ""W_Afhandelen leads"": 1}",W_Nabellen offertes,W_Nabellen offertes,5294.635292859932,1714.308763648,1.5770367540333534,0.7885183770166767,0.04176136363636364,7.447348380507841,0.6373155553173989
Value 2,Value 16,146,"{""W_Nabellen offertes"": 89, ""W_Nabellen incomplete dossiers"": 47, ""W_Valideren aanvraag"": 8, ""W_Completeren aanvraag"": 2}","{""W_Valideren aanvraag"": 126, ""W_Nabellen offertes"": 10, ""W_Nabellen incomplete dossiers"": 8, ""W_Completeren aanvraag"": 2}",W_Nabellen offertes,W_Valideren aanvraag,7510.188186811461,3953.9141823155,1.276085165833042,0.638042582916521,0.009502733663108566,8.282714181436756,0.7088029615874774
Value 2,Value 41,142,"{""W_Nabellen offertes"": 78, ""W_Completeren aanvraag"": 40, ""W_Nabellen incomplete dossiers"": 15, ""W_Afhandelen leads"": 9}","{""W_Nabellen offertes"": 88, ""W_Completeren aanvraag"": 35, ""W_Nabellen incomplete dossiers"": 15, ""W_Afhandelen leads"": 4}",W_Nabellen offertes,W_Nabellen offertes,7426.375555684402,3614.5940093265,1.5844571137732846,0.7922285568866423,0.009242384795626139,8.193011439026794,0.701126544402251
Value 36,Value 2,142,"{""O_SENT"": 67, ""A_PREACCEPTED"": 37, ""A_DECLINED"": 25, ""O_CANCELLED"": 6, ""A_CANCELLED"": 5, ""A_ACCEPTED"": 1, ""O_SENT_BACK"": 1}","{""W_Nabellen offertes"": 75, ""W_Completeren aanvraag"": 44, ""W_Afhandelen leads"": 21, ""W_Valideren aanvraag"": 1, ""W_Nabellen incomplete dossiers"": 1}",O_SENT,W_Nabellen offertes,0.5333349014577464,0.0081969665,1.9216233835041625,0.6844960601190179,0.3463414634146341,0.008163553834253316,0.0006986056753915214
Value 2,Value 51,142,"{""W_Afhandelen leads"": 77, ""W_Completeren aanvraag"": 47, ""W_Nabellen offertes"": 14, ""W_Nabellen incomplete dossiers"": 4}","{""A_DECLINED"": 52, ""A_ACCEPTED"": 39, ""A_PREACCEPTED"": 32, ""O_CANCELLED"": 8, ""O_SELECTED"": 6, ""A_CANCELLED"": 5}",W_Afhandelen leads,A_DECLINED,17.02503708462676,7.860730402,1.4813583267500143,0.7406791633750072,0.009242384795626139,2.1816291993681363,0.18669547248938345
Value 5,Value 26,142,"{""W_Nabellen offertes"": 82, ""W_Nabellen incomplete dossiers"": 55, ""W_Valideren aanvraag"": 5}","{""W_Valideren aanvraag"": 138, ""W_Nabellen incomplete dossiers"": 4}",W_Nabellen offertes,W_Valideren aanvraag,3499.5109337906265,1130.1368082479999,1.1574676188217528,0.7302807595101501,0.03848238482384824,7.030978431000607,0.6016842094974273
Value 51,Value 2,142,"{""A_DECLINED"": 51, ""O_SENT"": 50, ""A_PREACCEPTED"": 32, ""A_CANCELLED"": 5, ""O_CANCELLED"": 3, ""O_DECLINED"": 1}","{""W_Nabellen offertes"": 53, ""W_Afhandelen leads"": 45, ""W_Completeren aanvraag"": 40, ""W_Nabellen incomplete dossiers"": 4}",A_DECLINED,W_Nabellen offertes,0.09834417066901409,0.0248268025,1.8831905708717047,0.7285175588993379,0.42011834319526625,0.024523625142065207,0.002098637928194416
Value 2,Value 36,142,"{""W_Completeren aanvraag"": 65, ""W_Afhandelen leads"": 58, ""W_Nabellen offertes"": 17, ""W_Nabellen incomplete dossiers"": 2}","{""A_ACCEPTED"": 59, ""A_PREACCEPTED"": 37, ""A_DECLINED"": 25, ""O_CANCELLED"": 9, ""A_CANCELLED"": 8, ""O_SELECTED"": 3, ""O_SENT_BACK"": 1}",W_Completeren aanvraag,A_ACCEPTED,20.260963013415495,3.9385115225,1.496904345803946,0.748452172901973,0.009242384795626139,1.5970639745616626,0.13667061910104591
Value 1,Value 40,141,"{""W_Afhandelen leads"": 122, ""W_Completeren aanvraag"": 17, ""A_CANCELLED"": 1, ""O_CANCELLED"": 1}","{""W_Afhandelen leads"": 122, ""W_Completeren aanvraag"": 17, ""W_Nabellen offertes"": 2}",W_Afhandelen leads,W_Afhandelen leads,2913.0539577184113,175.477147745,0.6499284908106524,0.3249642454053262,0.005659468571887293,5.1731913934582225,0.44270190908676055
Value 46,Value 22,139,"{""W_Nabellen offertes"": 124, ""W_Nabellen incomplete dossiers"": 14, ""W_Valideren aanvraag"": 1}","{""W_Valideren aanvraag"": 138, ""W_Nabellen incomplete dossiers"": 1}",W_Nabellen offertes,W_Valideren aanvraag,3268.4178241370137,3077.663775877,0.531723005120781,0.33547986458912915,0.058674546222034614,8.03225094283128,0.6873692767586285
Value 2,Value 26,139,"{""W_Nabellen offertes"": 73, ""W_Nabellen incomplete dossiers"": 61, ""W_Valideren aanvraag"": 3, ""W_Wijzigen contractgegevens"": 1, ""W_Afhandelen leads"": 1}","{""W_Valideren aanvraag"": 123, ""W_Nabellen incomplete dossiers"": 10, ""W_Nabellen offertes"": 4, ""A_APPROVED"": 1, ""W_Afhandelen leads"": 1}",W_Nabellen offertes,W_Valideren aanvraag,5986.298213494187,2246.47263311,1.2312643972433577,0.5302767126830803,0.009047123145014319,7.717561589679871,0.6604393669962377
Value 2,Value 4,136,"{""W_Nabellen offertes"": 81, ""W_Completeren aanvraag"": 32, ""W_Nabellen incomplete dossiers"": 17, ""W_Afhandelen leads"": 6}","{""W_Nabellen offertes"": 86, ""W_Completeren aanvraag"": 31, ""W_Nabellen incomplete dossiers"": 17, ""W_Afhandelen leads"": 2}",W_Nabellen offertes,W_Nabellen offertes,5786.840333909764,1090.8169097675,1.5100768593441827,0.7550384296720913,0.008851861494402499,6.995598477199418,0.598656528536117
Value 34,Value 2,136,"{""W_Completeren aanvraag"": 97, ""W_Nabellen offertes"": 38, ""W_Afhandelen leads"": 1}","{""W_Completeren aanvraag"": 80, ""W_Nabellen offertes"": 56}",W_Completeren aanvraag,W_Completeren aanvraag,6777.529120620698,1174.682294945,0.9138393765223422,0.5765684526331357,0.05345911949685535,7.069603934599805,0.6049896321818511
Value 1,Value 44,135,"{""W_Afhandelen leads"": 69, ""W_Completeren aanvraag"": 66}","{""W_Afhandelen leads"": 69, ""W_Completeren aanvraag"": 66}",W_Afhandelen leads,W_Afhandelen leads,360.722618323437,83.725594808,0.9996437496778561,0.9996437496778561,0.005418640122019748,4.439417737922883,0.3799083695796302
Value 2,Value 1,135,"{""W_Nabellen offertes"": 79, ""W_Completeren aanvraag"": 56}","{""A_CANCELLED"": 102, ""O_CANCELLED"": 33}",W_Nabellen offertes,A_CANCELLED,3352.779854644741,5.6532e-05,0.9789596360047794,0.9789596360047794,0.008786774277531892,5.6530402126708366e-05,4.8376553348834006e-06
Value 21,Value 22,135,"{""W_Nabellen offertes"": 91, ""W_Nabellen incomplete dossiers"": 38, ""W_Valideren aanvraag"": 6}","{""W_Valideren aanvraag"": 135}",W_Nabellen offertes,W_Valideren aanvraag,4281.387900873919,2536.962725293,1.0979983172488712,0.6927598077237053,0.0680786686838124,7.839116961520699,0.6708416102307979
Value 1,Value 30,130,"{""W_Afhandelen leads"": 78, ""W_Completeren aanvraag"": 51, ""A_CANCELLED"": 1}","{""W_Afhandelen leads"": 78, ""W_Completeren aanvraag"": 50, ""W_Nabellen offertes"": 1, ""A_CANCELLED"": 1}",W_Afhandelen leads,W_Afhandelen leads,1721.7291528368846,1406.702284701,1.0257903860145956,0.6472016754641591,0.005217949747130127,7.249714068835373,0.6204027677508903
Value 5,Value 6,126,"{""W_Nabellen offertes"": 78, ""W_Nabellen incomplete dossiers"": 42, ""W_Valideren aanvraag"": 6}","{""W_Valideren aanvraag"": 124, ""W_Nabellen incomplete dossiers"": 2}",W_Nabellen offertes,W_Valideren aanvraag,4573.512916467032,1695.5076527165,1.1657840518150733,0.7355278445292194,0.03414634146341464,7.436327095099168,0.6363723959173466
Value 2,Value 22,125,"{""W_Nabellen offertes"": 83, ""W_Nabellen incomplete dossiers"": 37, ""W_Valideren aanvraag"": 5}","{""W_Valideren aanvraag"": 120, ""W_Nabellen incomplete dossiers"": 3, ""W_Nabellen offertes"": 2}",W_Nabellen offertes,W_Valideren aanvraag,7481.501238884088,4266.114489323,1.0978827822260653,0.6926869132402375,0.008135902108825827,8.358693114166925,0.715304947694652
Value 1,Value 25,123,"{""W_Afhandelen leads"": 83, ""W_Completeren aanvraag"": 38, ""O_CANCELLED"": 1, ""A_CANCELLED"": 1}","{""W_Afhandelen leads"": 83, ""W_Completeren aanvraag"": 39, ""W_Nabellen offertes"": 1}",W_Afhandelen leads,W_Afhandelen leads,2389.9823735263253,114.85035557,1.0193476897892317,0.5096738448946159,0.004936983222284659,4.752299320101124,0.40668357722486653
Value 46,Value 16,120,"{""W_Nabellen offertes"": 107, ""W_Nabellen incomplete dossiers"": 9, ""W_Valideren aanvraag"": 4}","{""W_Valideren aanvraag"": 120}",W_Nabellen offertes,W_Valideren aanvraag,2453.8068551157,2510.1225983145,0.5913381576259891,0.37309283806836496,0.05065428450823132,7.828485182463717,0.6699317832927367
Value 1,Value 13,120,"{""W_Completeren aanvraag"": 86, ""W_Afhandelen leads"": 27, ""A_CANCELLED"": 5, ""O_CANCELLED"": 2}","{""W_Completeren aanvraag"": 87, ""W_Afhandelen leads"": 27, ""W_Nabellen offertes"": 6}",W_Completeren aanvraag,W_Completeren aanvraag,926.6881481057416,177.601336465,1.1181374961315944,0.5590687480657972,0.004816568997350887,5.18515615142112,0.4437258072550429
Value 2,Value 18,118,"{""W_Completeren aanvraag"": 60, ""W_Nabellen offertes"": 38, ""W_Nabellen incomplete dossiers"": 11, ""W_Afhandelen leads"": 9}","{""W_Nabellen offertes"": 52, ""W_Completeren aanvraag"": 47, ""W_Nabellen incomplete dossiers"": 11, ""W_Afhandelen leads"": 7, ""W_Valideren aanvraag"": 1}",W_Completeren aanvraag,W_Nabellen offertes,7490.900232891213,2455.4651265975,1.6248654725367695,0.8124327362683847,0.0076802915907315805,7.806478655129957,0.6680485489559315
Value 2,Value 27,117,"{""W_Completeren aanvraag"": 46, ""W_Nabellen offertes"": 30, ""W_Nabellen incomplete dossiers"": 26, ""W_Afhandelen leads"": 15}","{""W_Completeren aanvraag"": 57, ""W_Nabellen offertes"": 31, ""W_Nabellen incomplete dossiers"": 26, ""W_Afhandelen leads"": 3}",W_Completeren aanvraag,W_Completeren aanvraag,3191.2465485178122,1429.111354916,1.8951052370819146,0.9475526185409573,0.007615204373860974,7.265507590792827,0.6217543168798496
Value 14,Value 12,113,"{""W_Nabellen offertes"": 75, ""W_Completeren aanvraag"": 38}","{""W_Nabellen offertes"": 77, ""W_Completeren aanvraag"": 36}",W_Nabellen offertes,W_Nabellen offertes,2940.3463728291326,2360.956624669,0.9212174819014947,0.9212174819014947,0.0222353404171586,7.767245632773704,0.6646911371427285
Value 1,Value 10,111,"{""W_Completeren aanvraag"": 96, ""W_Afhandelen leads"": 12, ""A_CANCELLED"": 2, ""O_CANCELLED"": 1}","{""W_Completeren aanvraag"": 97, ""W_Afhandelen leads"": 12, ""W_Nabellen offertes"": 2}",W_Completeren aanvraag,W_Completeren aanvraag,2106.7542112279907,488.555876246,0.6937316314142062,0.3468658157071031,0.00445532632254957,6.193498605090312,0.5300158930649493
Value 1,Value 14,111,"{""W_Completeren aanvraag"": 94, ""W_Afhandelen leads"": 14, ""A_CANCELLED"": 3}","{""W_Completeren aanvraag"": 95, ""W_Afhandelen leads"": 14, ""W_Nabellen offertes"": 2}",W_Completeren aanvraag,W_Completeren aanvraag,244.54775541790997,155.025521214,0.7206392134792245,0.4546727213743761,0.00445532632254957,5.0500195913945625,0.432161337943734
Value 15,Value 14,109,"{""W_Completeren aanvraag"": 60, ""W_Nabellen offertes"": 43, ""W_Nabellen incomplete dossiers"": 5, ""W_Afhandelen leads"": 1}","{""W_Nabellen offertes"": 58, ""W_Completeren aanvraag"": 46, ""W_Nabellen incomplete dossiers"": 5}",W_Completeren aanvraag,W_Nabellen offertes,4615.152194233276,710.908781449,1.2695378966747417,0.6347689483373709,0.017860068818613798,6.567949787262012,0.5620599913012588
Value 12,Value 1,107,"{""W_Nabellen offertes"": 63, ""W_Completeren aanvraag"": 43, ""W_Nabellen incomplete dossiers"": 1}","{""A_CANCELLED"": 76, ""O_CANCELLED"": 30, ""A_ACTIVATED"": 1}",W_Nabellen offertes,A_CANCELLED,2161.8870115304394,4.7287e-05,1.041485494506895,0.6571041863974828,0.02476278639203888,4.728588200505978e-05,4.0465447040994574e-06
Value 20,Value 10,106,"{""W_Completeren aanvraag"": 86, ""W_Nabellen offertes"": 20}","{""W_Completeren aanvraag"": 86, ""W_Nabellen offertes"": 20}",W_Completeren aanvraag,W_Completeren aanvraag,4317.142163881463,1633.5617571819998,0.6987003526563343,0.6987003526563343,0.023108785698713757,7.399130008981841,0.6331892117309991
Value 5,Value 8,106,"{""W_Nabellen offertes"": 53, ""W_Nabellen incomplete dossiers"": 50, ""W_Valideren aanvraag"": 3}","{""W_Valideren aanvraag"": 84, ""W_Nabellen incomplete dossiers"": 21, ""W_Nabellen offertes"": 1}",W_Nabellen offertes,W_Valideren aanvraag,3528.8074495080846,2502.5217125034997,1.1569064820844326,0.7299267216467529,0.02872628726287263,7.825453704591787,0.669672361025284
Value 1,Value 55,105,"{""W_Afhandelen leads"": 74, ""W_Completeren aanvraag"": 30, ""A_CANCELLED"": 1}","{""W_Afhandelen leads"": 74, ""W_Completeren aanvraag"": 30, ""W_Nabellen offertes"": 1}",W_Afhandelen leads,W_Afhandelen leads,315.3183203098952,44.585912895,0.9360905945728099,0.5906074081543821,0.004214497872682026,3.8195987410511076,0.32686663337973565
Value 18,Value 2,105,"{""W_Nabellen offertes"": 40, ""W_Completeren aanvraag"": 35, ""W_Afhandelen leads"": 18, ""W_Nabellen incomplete dossiers"": 12}","{""W_Nabellen offertes"": 49, ""W_Completeren aanvraag"": 42, ""W_Nabellen incomplete dossiers"": 12, ""W_Afhandelen leads"": 2}",W_Nabellen offertes,W_Nabellen offertes,8550.255168583855,1312.309855967,1.8525290469691338,0.9262645234845669,0.03277153558052434,7.180305837296831,0.6144630770896662
Value 21,Value 16,105,"{""W_Nabellen offertes"": 72, ""W_Nabellen incomplete dossiers"": 33}","{""W_Valideren aanvraag"": 104, ""W_Nabellen incomplete dossiers"": 1}",W_Nabellen offertes,W_Valideren aanvraag,3145.498052880438,1252.170147274,0.898058793450166,0.898058793450166,0.0529500756429652,7.133431737595775,0.6104517711382527
Value 2,Value 40,99,"{""W_Nabellen offertes"": 73, ""W_Completeren aanvraag"": 14, ""W_Nabellen incomplete dossiers"": 11, ""W_Afhandelen leads"": 1}","{""W_Nabellen offertes"": 76, ""W_Nabellen incomplete dossiers"": 11, ""W_Completeren aanvraag"": 10, ""W_Valideren aanvraag"": 1, ""W_Afhandelen leads"": 1}",W_Nabellen offertes,W_Nabellen offertes,4069.4757727541914,1392.126614128,1.142347433089125,0.5711737165445625,0.006443634470190055,7.239305862777775,0.6195120733339596
Value 28,Value 2,97,"{""W_Completeren aanvraag"": 43, ""W_Nabellen offertes"": 31, ""W_Nabellen incomplete dossiers"": 13, ""W_Afhandelen leads"": 10}","{""W_Completeren aanvraag"": 44, ""W_Nabellen offertes"": 40, ""W_Nabellen incomplete dossiers"": 13}",W_Completeren aanvraag,W_Completeren aanvraag,5891.957902763249,971.055159866,1.7727533848789712,0.8863766924394856,0.04051796157059315,6.879412551683618,0.5887137819561432
Value 2,Value 6,96,"{""W_Nabellen offertes"": 51, ""W_Nabellen incomplete dossiers"": 38, ""W_Valideren aanvraag"": 6, ""W_Afhandelen leads"": 1}","{""W_Valideren aanvraag"": 90, ""W_Nabellen incomplete dossiers"": 3, ""W_Nabellen offertes"": 2, ""W_Afhandelen leads"": 1}",W_Nabellen offertes,W_Valideren aanvraag,8154.2586097725625,2215.8918385355,1.332621740765641,0.6663108703828206,0.006248372819578235,7.7038614211169705,0.6592669590344375
Value 1,Value 31,95,"{""W_Completeren aanvraag"": 72, ""W_Afhandelen leads"": 20, ""A_CANCELLED"": 2, ""O_CANCELLED"": 1}","{""W_Completeren aanvraag"": 74, ""W_Afhandelen leads"": 20, ""W_Nabellen offertes"": 1}",W_Completeren aanvraag,W_Completeren aanvraag,890.6338558259577,99.564218677,0.962769692524698,0.481384846262349,0.0038131171229027856,4.610796515241736,0.394574309059842
Value 27,Value 2,94,"{""W_Nabellen offertes"": 38, ""W_Completeren aanvraag"": 33, ""W_Nabellen incomplete dossiers"": 15, ""W_Afhandelen leads"": 8}","{""W_Nabellen offertes"": 49, ""W_Completeren aanvraag"": 27, ""W_Nabellen incomplete dossiers"": 15, ""W_Afhandelen leads"": 3}",W_Nabellen offertes,W_Nabellen offertes,6900.404623867054,3027.78034347,1.783422783764733,0.8917113918823665,0.0356330553449583,8.015915290560121,0.6859713341934714
Value 11,Value 12,94,"{""W_Nabellen offertes"": 54, ""W_Completeren aanvraag"": 38, ""W_Afhandelen leads"": 2}","{""W_Nabellen offertes"": 54, ""W_Completeren aanvraag"": 40}",W_Nabellen offertes,W_Nabellen offertes,3458.6783951093303,3190.226838336,1.1058104407448335,0.6976887088758825,0.026132888518209618,8.068160710663628,0.6904422971758406
Value 46,Value 26,94,"{""W_Nabellen offertes"": 81, ""W_Nabellen incomplete dossiers"": 12, ""W_Valideren aanvraag"": 1}","{""W_Valideren aanvraag"": 93, ""W_Nabellen incomplete dossiers"": 1}",W_Nabellen offertes,W_Valideren aanvraag,3069.2545151622344,2762.7035807275,0.6338718278232919,0.3999285961244389,0.03967918953144787,7.924326936273935,0.6781335535646932
Value 1,Value 27,93,"{""W_Completeren aanvraag"": 58, ""W_Afhandelen leads"": 33, ""A_CANCELLED"": 2}","{""W_Completeren aanvraag"": 59, ""W_Afhandelen leads"": 33, ""W_Nabellen offertes"": 1}",W_Completeren aanvraag,W_Completeren aanvraag,279.8548123999677,69.499662517,1.074342642761492,0.6778347388488165,0.0037328409729469373,4.255607922813858,0.36417862948910296
Value 1,Value 32,90,"{""W_Afhandelen leads"": 67, ""W_Completeren aanvraag"": 22, ""O_CANCELLED"": 1}","{""W_Afhandelen leads"": 67, ""W_Completeren aanvraag"": 22, ""W_Nabellen offertes"": 1}",W_Afhandelen leads,W_Afhandelen leads,119.04794243247777,15.6273826955,0.8859034144331048,0.5589428229563916,0.0036124267480131655,2.8110508963026586,0.24055897098779674
Value 2,Value 34,89,"{""W_Completeren aanvraag"": 53, ""W_Nabellen offertes"": 24, ""W_Afhandelen leads"": 11, ""W_Nabellen incomplete dossiers"": 1}","{""W_Completeren aanvraag"": 63, ""W_Nabellen offertes"": 25, ""W_Nabellen incomplete dossiers"": 1}",W_Completeren aanvraag,W_Completeren aanvraag,3136.568199450023,822.059479688,1.40076003867238,0.70038001933619,0.005792762301483989,6.713028469861459,0.5744752693897102
Value 12,Value 14,87,"{""W_Completeren aanvraag"": 56, ""W_Nabellen offertes"": 29, ""W_Afhandelen leads"": 2}","{""W_Completeren aanvraag"": 57, ""W_Nabellen offertes"": 30}",W_Completeren aanvraag,W_Completeren aanvraag,1653.3120856502303,481.330771485,1.0625604556886659,0.6704010064624255,0.020134228187919462,6.178630126584376,0.5287435056121833
Value 2,Value 31,86,"{""W_Nabellen offertes"": 36, ""W_Completeren aanvraag"": 35, ""W_Nabellen incomplete dossiers"": 8, ""W_Afhandelen leads"": 7}","{""W_Nabellen offertes"": 49, ""W_Completeren aanvraag"": 29, ""W_Nabellen incomplete dossiers"": 8}",W_Nabellen offertes,W_Nabellen offertes,12263.869466744301,6002.394602861999,1.6670358000579084,0.8335179000289542,0.005597500650872169,8.700080355367968,0.744519560478683
Value 24,Value 2,85,"{""W_Nabellen offertes"": 36, ""W_Completeren aanvraag"": 24, ""W_Nabellen incomplete dossiers"": 21, ""W_Afhandelen leads"": 4}","{""W_Nabellen offertes"": 47, ""W_Nabellen incomplete dossiers"": 21, ""W_Completeren aanvraag"": 16, ""W_Afhandelen leads"": 1}",W_Nabellen offertes,W_Nabellen offertes,11138.601948141328,4494.837022404,1.745919572048467,0.8729597860242335,0.03225806451612903,8.410907141451197,0.7197732241997675
Value 20,Value 14,84,"{""W_Completeren aanvraag"": 54, ""W_Nabellen offertes"": 26, ""W_Nabellen incomplete dossiers"": 3, ""W_Afhandelen leads"": 1}","{""W_Completeren aanvraag"": 54, ""W_Nabellen offertes"": 27, ""W_Nabellen incomplete dossiers"": 3}",W_Completeren aanvraag,W_Completeren aanvraag,4349.382906167107,1002.1559733955,1.181243074080437,0.5906215370402185,0.01831262262916939,6.91090628274687,0.5914088948575521
Value 21,Value 8,83,"{""W_Nabellen offertes"": 58, ""W_Nabellen incomplete dossiers"": 24, ""W_Valideren aanvraag"": 1}","{""W_Valideren aanvraag"": 83}",W_Nabellen offertes,W_Valideren aanvraag,2908.1578774726268,1045.180917712,0.9557382538203353,0.6030037009616792,0.041855774079677256,6.952901591152503,0.5950026925328847
Value 16,Value 2,82,"{""W_Valideren aanvraag"": 57, ""W_Nabellen incomplete dossiers"": 17, ""W_Completeren aanvraag"": 6, ""W_Nabellen offertes"": 2}","{""W_Nabellen incomplete dossiers"": 73, ""W_Completeren aanvraag"": 6, ""W_Nabellen offertes"": 2, ""W_Valideren aanvraag"": 1}",W_Valideren aanvraag,W_Nabellen incomplete dossiers,638.002406486305,71.04394816749999,1.2420474422647547,0.6210237211323774,0.021155830753353973,4.277276324018387,0.36603292828659834
Value 43,Value 2,82,"{""W_Completeren aanvraag"": 45, ""W_Afhandelen leads"": 20, ""W_Nabellen offertes"": 10, ""W_Nabellen incomplete dossiers"": 7}","{""W_Completeren aanvraag"": 49, ""W_Nabellen offertes"": 22, ""W_Nabellen incomplete dossiers"": 7, ""W_Afhandelen leads"": 4}",W_Completeren aanvraag,W_Completeren aanvraag,2700.5215444629025,206.532765831,1.644835948083212,0.822417974041606,0.023269012485811577,5.335289234823934,0.4565736216087811
Value 2,Value 28,82,"{""W_Nabellen offertes"": 37, ""W_Completeren aanvraag"": 26, ""W_Nabellen incomplete dossiers"": 13, ""W_Afhandelen leads"": 6}","{""W_Nabellen offertes"": 37, ""W_Completeren aanvraag"": 31, ""W_Nabellen incomplete dossiers"": 13, ""W_Valideren aanvraag"": 1}",W_Nabellen offertes,W_Nabellen offertes,2963.603407191988,915.0521140115,1.74076299803149,0.870381499015745,0.005337151783389742,6.8200732560814386,0.583635752274085
Value 33,Value 15,81,"{""W_Completeren aanvraag"": 37, ""W_Afhandelen leads"": 32, ""W_Nabellen offertes"": 8, ""W_Nabellen incomplete dossiers"": 4}","{""W_Completeren aanvraag"": 51, ""W_Nabellen offertes"": 24, ""W_Nabellen incomplete dossiers"": 4, ""W_Afhandelen leads"": 2}",W_Completeren aanvraag,W_Completeren aanvraag,5378.329168130419,151.986521975,1.5898527864862155,0.7949263932431078,0.018214526647177872,5.0303498258454695,0.430478074731999
Value 39,Value 22,81,"{""W_Nabellen offertes"": 55, ""W_Nabellen incomplete dossiers"": 26}","{""W_Valideren aanvraag"": 80, ""W_Nabellen incomplete dossiers"": 1}",W_Nabellen offertes,W_Valideren aanvraag,5198.922285425766,5446.819498695,0.9054522631867892,0.9054522631867892,0.08316221765913757,8.60297071561657,0.7362092893831585
Value 2,Value 46,80,"{""W_Nabellen offertes"": 66, ""W_Completeren aanvraag"": 9, ""W_Nabellen incomplete dossiers"": 5}","{""W_Nabellen offertes"": 74, ""W_Nabellen incomplete dossiers"": 5, ""W_Completeren aanvraag"": 1}",W_Nabellen offertes,W_Nabellen offertes,5396.750575875088,3792.4351143924996,0.833565877823918,0.5259215138810203,0.005206977349648529,8.241027250214422,0.7052355536505832
Value 2,Value 24,80,"{""W_Completeren aanvraag"": 27, ""W_Nabellen incomplete dossiers"": 26, ""W_Nabellen offertes"": 25, ""W_Afhandelen leads"": 2}","{""W_Nabellen offertes"": 34, ""W_Nabellen incomplete dossiers"": 26, ""W_Completeren aanvraag"": 20}",W_Completeren aanvraag,W_Nabellen offertes,5579.308821067375,916.5929882125,1.7133055952067355,0.8566527976033678,0.005206977349648529,6.821753924343615,0.5837795774279636
Value 4,Value 14,79,"{""W_Completeren aanvraag"": 40, ""W_Nabellen offertes"": 26, ""W_Afhandelen leads"": 10, ""W_Nabellen incomplete dossiers"": 3}","{""W_Completeren aanvraag"": 43, ""W_Nabellen offertes"": 33, ""W_Nabellen incomplete dossiers"": 3}",W_Completeren aanvraag,W_Completeren aanvraag,2783.8809861514046,656.306411294,1.5814677745290018,0.7907338872645009,0.02266857962697274,6.488150289206443,0.5552310558441174
Value 2,Value 8,77,"{""W_Nabellen offertes"": 49, ""W_Nabellen incomplete dossiers"": 24, ""W_Valideren aanvraag"": 2, ""W_Afhandelen leads"": 1, ""W_Completeren aanvraag"": 1}","{""W_Valideren aanvraag"": 62, ""W_Nabellen incomplete dossiers"": 12, ""W_Beoordelen fraude"": 1, ""W_Nabellen offertes"": 1, ""W_Completeren aanvraag"": 1}",W_Nabellen offertes,W_Valideren aanvraag,7205.290991092624,6932.459045811,1.238736120189019,0.5334946086041957,0.0050117156990367095,8.84411410846428,0.7568454175017387
Value 46,Value 8,77,"{""W_Nabellen offertes"": 68, ""W_Nabellen incomplete dossiers"": 7, ""W_Valideren aanvraag"": 2}","{""W_Valideren aanvraag"": 76, ""W_Nabellen incomplete dossiers"": 1}",W_Nabellen offertes,W_Valideren aanvraag,2593.4877312224803,2465.152476604,0.6096572204426117,0.38465087985691676,0.032503165892781766,7.8104145133634875,0.6683853646314702
Value 1,Value 37,75,"{""W_Afhandelen leads"": 70, ""W_Completeren aanvraag"": 4, ""A_CANCELLED"": 1}","{""W_Afhandelen leads"": 70, ""W_Completeren aanvraag"": 5}",W_Afhandelen leads,W_Afhandelen leads,750.7548348077867,159.65996514,0.40148787468057884,0.2533106458341458,0.0030103556233443043,5.079290113765685,0.4346661971588887
Value 4,Value 20,75,"{""W_Nabellen offertes"": 56, ""W_Completeren aanvraag"": 18, ""W_Afhandelen leads"": 1}","{""W_Nabellen offertes"": 59, ""W_Completeren aanvraag"": 16}",W_Nabellen offertes,W_Nabellen offertes,2986.257597585493,2271.342889043,0.8918783483467148,0.5627125865381113,0.021520803443328552,7.728566687926995,0.6613811411609922
Value 11,Value 20,73,"{""W_Nabellen offertes"": 51, ""W_Completeren aanvraag"": 20, ""W_Afhandelen leads"": 2}","{""W_Nabellen offertes"": 52, ""W_Completeren aanvraag"": 21}",W_Nabellen offertes,W_Nabellen offertes,4784.6092033631785,2776.65294022,1.0154101158896949,0.6406524541922503,0.020294690019460663,7.929361583983418,0.6785643994358485
Value 40,Value 2,73,"{""W_Nabellen offertes"": 47, ""W_Nabellen incomplete dossiers"": 13, ""W_Afhandelen leads"": 9, ""W_Completeren aanvraag"": 4}","{""W_Nabellen offertes"": 47, ""W_Completeren aanvraag"": 13, ""W_Nabellen incomplete dossiers"": 13}",W_Nabellen offertes,W_Nabellen offertes,8270.170579861151,2687.896210211,1.4541982934325655,0.7270991467162827,0.03642714570858283,7.896886057610596,0.6757852682515613
Value 12,Value 20,72,"{""W_Completeren aanvraag"": 42, ""W_Nabellen offertes"": 27, ""W_Nabellen incomplete dossiers"": 3}","{""W_Completeren aanvraag"": 40, ""W_Nabellen offertes"": 29, ""W_Nabellen incomplete dossiers"": 3}",W_Completeren aanvraag,W_Completeren aanvraag,2227.914547856611,1796.8041679845,1.1752835873133534,0.7415213841201925,0.0166628095348299,7.4943212925171325,0.6413353172477566
Value 12,Value 15,72,"{""W_Nabellen offertes"": 52, ""W_Completeren aanvraag"": 13, ""W_Afhandelen leads"": 4, ""W_Nabellen incomplete dossiers"": 3}","{""W_Nabellen offertes"": 56, ""W_Completeren aanvraag"": 13, ""W_Nabellen incomplete dossiers"": 3}",W_Nabellen offertes,W_Nabellen offertes,4095.977909781597,741.414937764,1.2076545961460006,0.6038272980730003,0.0166628095348299,6.609908302180128,0.5656506403308278
Value 2,Value 21,71,"{""W_Nabellen offertes"": 47, ""W_Nabellen incomplete dossiers"": 16, ""W_Completeren aanvraag"": 8}","{""W_Nabellen offertes"": 54, ""W_Nabellen incomplete dossiers"": 16, ""W_Valideren aanvraag"": 1}",W_Nabellen offertes,W_Nabellen offertes,16454.917880094254,2502.58755466,1.2333291472673729,0.7781440549578994,0.0046211923978130695,7.825480004060399,0.6696746116330959
Value 10,Value 13,71,"{""W_Completeren aanvraag"": 54, ""W_Nabellen offertes"": 17}","{""W_Completeren aanvraag"": 53, ""W_Nabellen offertes"": 18}",W_Completeren aanvraag,W_Completeren aanvraag,2818.730219384493,1184.367672132,0.7941021417852022,0.7941021417852022,0.020079185520361992,7.077808277286228,0.6056917284110133
Value 12,Value 10,71,"{""W_Nabellen offertes"": 40, ""W_Completeren aanvraag"": 30, ""W_Nabellen incomplete dossiers"": 1}","{""W_Nabellen offertes"": 40, ""W_Completeren aanvraag"": 30, ""W_Nabellen incomplete dossiers"": 1}",W_Nabellen offertes,W_Nabellen offertes,2727.038920964915,1499.366729972,1.0781437157898925,0.6802329489179324,0.01643138162462393,7.313464843856312,0.6258583149481618
Value 21,Value 26,71,"{""W_Nabellen offertes"": 38, ""W_Nabellen incomplete dossiers"": 31, ""W_Valideren aanvraag"": 2}","{""W_Valideren aanvraag"": 70, ""W_Nabellen incomplete dossiers"": 1}",W_Nabellen offertes,W_Valideren aanvraag,1799.115392862479,1141.540713083,1.1497283711546908,0.7253978378867423,0.03580433686333838,7.041009757217034,0.6025426519807848
Value 31,Value 2,69,"{""W_Nabellen offertes"": 39, ""W_Completeren aanvraag"": 21, ""W_Nabellen incomplete dossiers"": 9}","{""W_Nabellen offertes"": 47, ""W_Completeren aanvraag"": 13, ""W_Nabellen incomplete dossiers"": 9}",W_Nabellen offertes,W_Nabellen offertes,13813.670806498134,7545.072705394,1.370862465083061,0.8649179172752164,0.029831387808041506,8.928782535435964,0.7640910172503073
Value 2,Value 32,69,"{""W_Completeren aanvraag"": 51, ""W_Nabellen offertes"": 16, ""W_Nabellen incomplete dossiers"": 2}","{""W_Completeren aanvraag"": 48, ""W_Nabellen offertes"": 19, ""W_Nabellen incomplete dossiers"": 2}",W_Completeren aanvraag,W_Completeren aanvraag,2589.6107387765505,855.655882744,0.959340508364455,0.6052764705335023,0.004491017964071856,6.753036300905348,0.5778989863633268
Value 46,Value 6,69,"{""W_Nabellen offertes"": 55, ""W_Nabellen incomplete dossiers"": 12, ""W_Valideren aanvraag"": 2}","{""W_Valideren aanvraag"": 69}",W_Nabellen offertes,W_Valideren aanvraag,2619.466695849188,2656.5501643,0.8477370038432394,0.5348624989282207,0.02912621359223301,7.885159986538414,0.6747817959933521
Value 14,Value 11,68,"{""W_Completeren aanvraag"": 33, ""W_Nabellen offertes"": 31, ""W_Nabellen incomplete dossiers"": 3, ""W_Afhandelen leads"": 1}","{""W_Nabellen offertes"": 33, ""W_Completeren aanvraag"": 31, ""W_Nabellen incomplete dossiers"": 3, ""W_Afhandelen leads"": 1}",W_Completeren aanvraag,W_Nabellen offertes,2811.8621281532205,430.524564052,1.3109925609123163,0.6554962804561582,0.01338055883510429,6.067324436022547,0.5192183908510606
Value 15,Value 5,68,"{""W_Nabellen incomplete dossiers"": 30, ""W_Nabellen offertes"": 29, ""W_Completeren aanvraag"": 9}","{""W_Nabellen offertes"": 37, ""W_Nabellen incomplete dossiers"": 29, ""W_Valideren aanvraag"": 1, ""A_CANCELLED"": 1}",W_Nabellen incomplete dossiers,W_Nabellen offertes,8688.507838103618,3146.022949876,1.4313232568395167,0.9030644297188521,0.011142061281337047,8.05421218965809,0.6892486361630473
Value 20,Value 12,68,"{""W_Nabellen offertes"": 40, ""W_Completeren aanvraag"": 27, ""W_Nabellen incomplete dossiers"": 1}","{""W_Nabellen offertes"": 41, ""W_Completeren aanvraag"": 26, ""W_Nabellen incomplete dossiers"": 1}",W_Nabellen offertes,W_Nabellen offertes,6433.67172178672,5808.7728629585,1.0689468654575724,0.6744303824041281,0.014824504033137127,8.667296754926596,0.7417140654953569
Value 21,Value 6,68,"{""W_Nabellen offertes"": 50, ""W_Nabellen incomplete dossiers"": 17, ""W_Valideren aanvraag"": 1}","{""W_Valideren aanvraag"": 67, ""W_Nabellen incomplete dossiers"": 1}",W_Nabellen offertes,W_Valideren aanvraag,4787.24402053444,2104.0566855925,0.915702873750457,0.5777441884800513,0.03429147755925366,7.652097674776467,0.6548372158481711
Value 12,Value 11,65,"{""W_Completeren aanvraag"": 38, ""W_Nabellen offertes"": 22, ""W_Afhandelen leads"": 4, ""W_Nabellen incomplete dossiers"": 1}","{""W_Completeren aanvraag"": 38, ""W_Nabellen offertes"": 24, ""W_Afhandelen leads"": 2, ""W_Nabellen incomplete dossiers"": 1}",W_Completeren aanvraag,W_Completeren aanvraag,2185.2873330254924,783.740150413,1.3219256419380425,0.6609628209690213,0.015042814163388105,6.665352644401499,0.5703953548180009
Value 13,Value 20,63,"{""W_Nabellen offertes"": 41, ""W_Completeren aanvraag"": 22}","{""W_Nabellen offertes"": 41, ""W_Completeren aanvraag"": 22}",W_Nabellen offertes,W_Nabellen offertes,8853.877375681635,6115.128315019,0.9333572600179805,0.9333572600179805,0.021852237252861603,8.718684547047806,0.7461116359592259
Value 14,Value 41,62,"{""W_Nabellen offertes"": 39, ""W_Completeren aanvraag"": 18, ""W_Nabellen incomplete dossiers"": 5}","{""W_Nabellen offertes"": 42, ""W_Completeren aanvraag"": 15, ""W_Nabellen incomplete dossiers"": 5}",W_Nabellen offertes,W_Nabellen offertes,4619.218684512935,1819.55790164,1.2316321646445183,0.7770733781298467,0.012199921290830381,7.506898272459887,0.642411607028615
Value 15,Value 12,62,"{""W_Nabellen offertes"": 26, ""W_Completeren aanvraag"": 25, ""W_Afhandelen leads"": 6, ""W_Nabellen incomplete dossiers"": 5}","{""W_Nabellen offertes"": 30, ""W_Completeren aanvraag"": 24, ""W_Nabellen incomplete dossiers"": 5, ""W_Afhandelen leads"": 3}",W_Nabellen offertes,W_Nabellen offertes,4123.78457638021,1853.9181933625,1.6731115862771935,0.8365557931385967,0.010158938227101426,7.525595873455868,0.6440116761207291
Value 34,Value 20,61,"{""W_Completeren aanvraag"": 56, ""W_Nabellen offertes"": 5}","{""W_Completeren aanvraag"": 54, ""W_Nabellen offertes"": 7}",W_Completeren aanvraag,W_Completeren aanvraag,4950.605848163425,2448.195683227,0.40907313904382653,0.40907313904382653,0.02397798742138365,7.803514957078565,0.6677949270259624
Value 22,Value 2,61,"{""W_Valideren aanvraag"": 55, ""W_Nabellen incomplete dossiers"": 5, ""W_Nabellen offertes"": 1}","{""W_Nabellen incomplete dossiers"": 60, ""W_Nabellen offertes"": 1}",W_Valideren aanvraag,W_Nabellen incomplete dossiers,257.4199064795901,72.858656356,0.5277139815252946,0.3329504523199668,0.013946044810242341,4.302153217490734,0.36816179756568257
Value 14,Value 4,60,"{""W_Completeren aanvraag"": 29, ""W_Nabellen offertes"": 19, ""W_Nabellen incomplete dossiers"": 12}","{""W_Completeren aanvraag"": 29, ""W_Nabellen offertes"": 19, ""W_Nabellen incomplete dossiers"": 12}",W_Completeren aanvraag,W_Completeren aanvraag,4086.137035871017,2024.7072594945,1.496696901895492,0.9443106074840867,0.011806375442739079,7.613674182510086,0.6515490805200219
Value 20,Value 11,60,"{""W_Nabellen offertes"": 34, ""W_Completeren aanvraag"": 26}","{""W_Nabellen offertes"": 36, ""W_Completeren aanvraag"": 24}",W_Nabellen offertes,W_Nabellen offertes,12641.3847179317,1152.084571497,0.9871377743721863,0.9871377743721863,0.013080444735120994,7.050195866665876,0.6033287640498696
Value 23,Value 2,60,"{""W_Nabellen incomplete dossiers"": 28, ""W_Nabellen offertes"": 28, ""W_Completeren aanvraag"": 4}","{""W_Nabellen offertes"": 30, ""W_Nabellen incomplete dossiers"": 27, ""W_Completeren aanvraag"": 2, ""W_Valideren aanvraag"": 1}",W_Nabellen incomplete dossiers,W_Nabellen offertes,6949.051727260683,4085.6656804815,1.2866926683547546,0.8118126881672664,0.04524886877828054,8.315484679504323,0.7116073353198279
Value 26,Value 2,60,"{""W_Valideren aanvraag"": 45, ""W_Nabellen incomplete dossiers"": 14, ""A_ACTIVATED"": 1}","{""W_Nabellen incomplete dossiers"": 60}",W_Valideren aanvraag,W_Nabellen incomplete dossiers,68.97402363199998,37.923131573,0.8996179582144881,0.5675957366847247,0.017371163867979156,3.66158871587435,0.31334474051316685
Value 25,Value 2,60,"{""W_Nabellen offertes"": 28, ""W_Afhandelen leads"": 14, ""W_Completeren aanvraag"": 12, ""W_Nabellen incomplete dossiers"": 6}","{""W_Nabellen offertes"": 35, ""W_Completeren aanvraag"": 16, ""W_Nabellen incomplete dossiers"": 6, ""W_Afhandelen leads"": 3}",W_Nabellen offertes,W_Nabellen offertes,7479.225876939817,3532.060613658,1.799586733285182,0.899793366642591,0.03775959723096287,8.169919803639374,0.699150450673557
Value 13,Value 10,59,"{""W_Completeren aanvraag"": 31, ""W_Nabellen offertes"": 28}","{""W_Nabellen offertes"": 31, ""W_Completeren aanvraag"": 28}",W_Completeren aanvraag,W_Nabellen offertes,4152.717885354814,4771.695807322,0.9981341775041117,0.9981341775041117,0.02046479361775928,8.47066658300803,0.7248872083637061
Value 6,Value 2,59,"{""W_Valideren aanvraag"": 43, ""W_Afhandelen leads"": 9, ""W_Nabellen incomplete dossiers"": 6, ""W_Nabellen offertes"": 1}","{""W_Nabellen incomplete dossiers"": 49, ""W_Completeren aanvraag"": 9, ""W_Nabellen offertes"": 1}",W_Valideren aanvraag,W_Nabellen incomplete dossiers,205.06079470455927,70.24349599,1.1814822956415372,0.5907411478207686,0.02220549491908167,4.266103530631213,0.3650768034139349
Value 4,Value 5,58,"{""W_Nabellen incomplete dossiers"": 32, ""W_Nabellen offertes"": 24, ""W_Completeren aanvraag"": 2}","{""W_Nabellen incomplete dossiers"": 32, ""W_Nabellen offertes"": 26}",W_Nabellen incomplete dossiers,W_Nabellen incomplete dossiers,8528.26458496138,3726.0073672505,1.1676516844843352,0.7367061895489988,0.016642754662840747,8.223360876201346,0.7037237330146563
Value 10,Value 14,58,"{""W_Nabellen offertes"": 32, ""W_Completeren aanvraag"": 24, ""W_Nabellen incomplete dossiers"": 2}","{""W_Nabellen offertes"": 37, ""W_Completeren aanvraag"": 19, ""W_Nabellen incomplete dossiers"": 2}",W_Nabellen offertes,W_Nabellen offertes,6013.438680201156,1720.2229632265,1.1676516844843352,0.7367061895489988,0.016402714932126698,7.450790342280573,0.6376101052251636
Value 11,Value 14,58,"{""W_Nabellen offertes"": 29, ""W_Completeren aanvraag"": 26, ""W_Afhandelen leads"": 2, ""W_Nabellen incomplete dossiers"": 1}","{""W_Nabellen offertes"": 30, ""W_Completeren aanvraag"": 27, ""W_Nabellen incomplete dossiers"": 1}",W_Nabellen offertes,W_Nabellen offertes,3004.877069140776,197.3171018895,1.287414072190193,0.6437070360950965,0.016124548234639977,5.289867274315904,0.45268658416864377
Value 13,Value 12,58,"{""W_Nabellen offertes"": 29, ""W_Completeren aanvraag"": 29}","{""W_Nabellen offertes"": 33, ""W_Completeren aanvraag"": 25}",W_Nabellen offertes,W_Nabellen offertes,3864.388094290431,3269.8665320600003,1.0,1.0,0.020117932708983696,8.092810223300216,0.6925517080737391
Value 20,Value 1,57,"{""W_Nabellen offertes"": 31, ""W_Completeren aanvraag"": 26}","{""A_CANCELLED"": 45, ""O_CANCELLED"": 12}",W_Nabellen offertes,A_CANCELLED,314.611192877614,6.0653e-05,0.9944423248022587,0.9944423248022587,0.012426422498364944,6.065116068116859e-05,5.190294071824783e-06
Value 15,Value 33,57,"{""W_Completeren aanvraag"": 34, ""W_Nabellen offertes"": 11, ""W_Nabellen incomplete dossiers"": 6, ""W_Afhandelen leads"": 6}","{""W_Completeren aanvraag"": 38, ""W_Nabellen offertes"": 13, ""W_Nabellen incomplete dossiers"": 6}",W_Completeren aanvraag,W_Completeren aanvraag,1769.9373841941053,243.983419548,1.5864508138809579,0.7932254069404789,0.009339669015238408,5.501190532940364,0.4707708193944633
Value 15,Value 11,57,"{""W_Nabellen offertes"": 41, ""W_Completeren aanvraag"": 13, ""W_Afhandelen leads"": 3}","{""W_Nabellen offertes"": 48, ""W_Completeren aanvraag"": 9}",W_Nabellen offertes,W_Nabellen offertes,12325.959569039422,7509.657530117,1.0518332417552838,0.6636328880189285,0.009339669015238408,8.924078294869233,0.7636884463571582
Value 10,Value 20,56,"{""W_Completeren aanvraag"": 28, ""W_Nabellen offertes"": 28}","{""W_Nabellen offertes"": 29, ""W_Completeren aanvraag"": 27}",W_Completeren aanvraag,W_Nabellen offertes,4998.286066210769,1059.3825928820002,1.0,1.0,0.01583710407239819,6.966385058665271,0.5961565560486556
Value 39,Value 26,56,"{""W_Nabellen incomplete dossiers"": 29, ""W_Nabellen offertes"": 27}","{""W_Valideren aanvraag"": 56}",W_Nabellen incomplete dossiers,W_Valideren aanvraag,5086.358539049125,2805.9930082134997,0.9990797181805819,0.9990797181805819,0.057494866529774126,7.9398690855192715,0.6794635911795633
Value 13,Value 14,56,"{""W_Completeren aanvraag"": 34, ""W_Nabellen offertes"": 22}","{""W_Completeren aanvraag"": 29, ""W_Nabellen offertes"": 27}",W_Completeren aanvraag,W_Completeren aanvraag,5654.905411069929,2172.287702985,0.9666186325481028,0.9666186325481028,0.019424210891432536,7.68399637047313,0.6575669840721243
Value 32,Value 2,55,"{""W_Nabellen offertes"": 30, ""W_Completeren aanvraag"": 14, ""W_Afhandelen leads"": 11}","{""W_Nabellen offertes"": 32, ""W_Completeren aanvraag"": 23}",W_Nabellen offertes,W_Nabellen offertes,6289.082687280873,1665.286752741,1.4438427211233453,0.9109633322342948,0.032699167657550536,7.418352928408552,0.6348342355627459
Value 48,Value 48,55,"{""W_Valideren aanvraag"": 13, ""W_Completeren aanvraag"": 9, ""W_Nabellen offertes"": 6, ""A_CANCELLED"": 4, ""A_DECLINED"": 2, ""O_SELECTED"": 2, ""O_CREATED"": 2, ""O_SENT"": 2, ""O_CANCELLED"": 2, ""A_APPROVED"": 2, ""O_ACCEPTED"": 2, ""A_REGISTERED"": 2, ""A_ACTIVATED"": 2, ""W_Beoordelen fraude"": 2, ""W_Afhandelen leads"": 1, ""A_ACCEPTED"": 1, ""A_FINALIZED"": 1}","{""W_Valideren aanvraag"": 13, ""W_Completeren aanvraag"": 8, ""W_Nabellen offertes"": 7, ""A_CANCELLED"": 4, ""A_DECLINED"": 2, ""O_SELECTED"": 2, ""O_CREATED"": 2, ""O_SENT"": 2, ""O_CANCELLED"": 2, ""A_APPROVED"": 2, ""O_ACCEPTED"": 2, ""A_REGISTERED"": 2, ""A_ACTIVATED"": 2, ""W_Beoordelen fraude"": 2, ""W_Afhandelen leads"": 1, ""A_ACCEPTED"": 1, ""A_FINALIZED"": 1}",W_Valideren aanvraag,W_Valideren aanvraag,19.413049812690915,0.194056594,3.596908507103896,0.8799856162126274,0.859375,0.17735641250709583,0.015177482608696452
Value 44,Value 2,54,"{""W_Nabellen incomplete dossiers"": 18, ""W_Afhandelen leads"": 13, ""W_Nabellen offertes"": 12, ""W_Completeren aanvraag"": 11}","{""W_Completeren aanvraag"": 24, ""W_Nabellen incomplete dossiers"": 18, ""W_Nabellen offertes"": 12}",W_Nabellen incomplete dossiers,W_Completeren aanvraag,2288.700926245592,310.763750636,1.972708535951247,0.9863542679756235,0.0207532667179093,5.742245691481568,0.49139939675897953
Value 33,Value 5,54,"{""W_Nabellen incomplete dossiers"": 40, ""W_Completeren aanvraag"": 8, ""W_Nabellen offertes"": 6}","{""W_Nabellen incomplete dossiers"": 39, ""W_Nabellen offertes"": 14, ""O_CANCELLED"": 1}",W_Nabellen incomplete dossiers,W_Nabellen incomplete dossiers,5663.990020179167,1819.834209821,1.081056042907516,0.682070422748574,0.012143017764785248,7.507050032101844,0.642424594037621
Value 2,Value 23,54,"{""W_Nabellen offertes"": 29, ""W_Nabellen incomplete dossiers"": 13, ""W_Completeren aanvraag"": 12}","{""W_Nabellen offertes"": 31, ""W_Nabellen incomplete dossiers"": 13, ""W_Completeren aanvraag"": 10}",W_Nabellen offertes,W_Nabellen offertes,10399.615842084166,2057.08055239,1.458466850252586,0.9201901304220038,0.003514709711012757,7.629529056731014,0.6529058799407453
Value 1,Value 45,53,"{""W_Afhandelen leads"": 28, ""W_Completeren aanvraag"": 25}","{""W_Afhandelen leads"": 28, ""W_Completeren aanvraag"": 25}",W_Afhandelen leads,W_Afhandelen leads,158.89990276383023,8.05571956,0.9976875760352552,0.9976875760352552,0.002127317973829975,2.2033965536668423,0.18855823931374469
Value 41,Value 12,53,"{""W_Nabellen offertes"": 32, ""W_Completeren aanvraag"": 18, ""W_Nabellen incomplete dossiers"": 2, ""W_Afhandelen leads"": 1}","{""W_Nabellen offertes"": 32, ""W_Completeren aanvraag"": 19, ""W_Nabellen incomplete dossiers"": 2}",W_Nabellen offertes,W_Nabellen offertes,5439.519809373152,2373.772858724,1.2551157370922252,0.6275578685461126,0.015056818181818182,7.772657073463095,0.6651542275142026
Value 40,Value 5,53,"{""W_Nabellen incomplete dossiers"": 33, ""W_Nabellen offertes"": 20}","{""W_Nabellen incomplete dossiers"": 33, ""W_Nabellen offertes"": 20}",W_Nabellen incomplete dossiers,W_Nabellen incomplete dossiers,3931.414112718056,1420.618400147,0.9561550236844027,0.9561550236844027,0.026447105788423155,7.259551220022717,0.6212445934788383
Value 33,Value 12,52,"{""W_Completeren aanvraag"": 32, ""W_Nabellen incomplete dossiers"": 11, ""W_Afhandelen leads"": 4, ""W_Nabellen offertes"": 3, ""W_Valideren aanvraag"": 2}","{""W_Completeren aanvraag"": 29, ""W_Nabellen incomplete dossiers"": 11, ""W_Nabellen offertes"": 10, ""W_Valideren aanvraag"": 2}",W_Completeren aanvraag,W_Completeren aanvraag,2343.087582058115,459.287893172,1.6079659622339046,0.6925132461140696,0.011693276366089498,6.1318521484394894,0.5247404253754561
Value 5,Value 2,52,"{""W_Nabellen incomplete dossiers"": 44, ""W_Nabellen offertes"": 7, ""W_Valideren aanvraag"": 1}","{""W_Nabellen incomplete dossiers"": 45, ""W_Valideren aanvraag"": 5, ""W_Nabellen offertes"": 2}",W_Nabellen incomplete dossiers,W_Nabellen incomplete dossiers,3866.525702472558,2127.2010890745,0.7030074936325478,0.4435483447164713,0.014092140921409214,7.663032342742534,0.6557729628591805
Value 30,Value 2,51,"{""W_Completeren aanvraag"": 17, ""W_Nabellen offertes"": 16, ""W_Nabellen incomplete dossiers"": 10, ""W_Afhandelen leads"": 7, ""A_CANCELLED"": 1}","{""W_Nabellen offertes"": 22, ""W_Completeren aanvraag"": 18, ""W_Nabellen incomplete dossiers"": 10, ""W_Afhandelen leads"": 1}",W_Completeren aanvraag,W_Nabellen offertes,9256.396495309118,465.129363589,2.018354092863013,0.8692577936875879,0.03467029231815092,6.144463199868951,0.5258196308636724
Value 18,Value 14,51,"{""W_Completeren aanvraag"": 21, ""W_Nabellen offertes"": 17, ""W_Nabellen incomplete dossiers"": 11, ""W_Afhandelen leads"": 2}","{""W_Nabellen offertes"": 25, ""W_Completeren aanvraag"": 15, ""W_Nabellen incomplete dossiers"": 11}",W_Completeren aanvraag,W_Nabellen offertes,5657.455805722019,1740.294515085,1.7159688324691427,0.8579844162345713,0.015917602996254682,7.462384089783747,0.6386022537390607
Value 2,Value 25,51,"{""W_Nabellen offertes"": 27, ""W_Completeren aanvraag"": 11, ""W_Nabellen incomplete dossiers"": 8, ""W_Afhandelen leads"": 5}","{""W_Nabellen offertes"": 27, ""W_Completeren aanvraag"": 11, ""W_Nabellen incomplete dossiers"": 7, ""W_Afhandelen leads"": 3, ""W_Valideren aanvraag"": 3}",W_Nabellen offertes,W_Nabellen offertes,2880.809043409294,818.622983425,1.7107517961310892,0.8553758980655446,0.0033194480604009373,6.7088444582177855,0.5741172176956172
Value 10,Value 12,51,"{""W_Completeren aanvraag"": 31, ""W_Nabellen offertes"": 20}","{""W_Completeren aanvraag"": 31, ""W_Nabellen offertes"": 20}",W_Completeren aanvraag,W_Completeren aanvraag,2633.009527116588,1227.917996812,0.9661773513883509,0.9661773513883509,0.014423076923076924,7.113889383834634,0.6087794113394163
Value 20,Value 4,51,"{""W_Nabellen offertes"": 37, ""W_Completeren aanvraag"": 13, ""W_Nabellen incomplete dossiers"": 1}","{""W_Nabellen offertes"": 37, ""W_Completeren aanvraag"": 13, ""W_Nabellen incomplete dossiers"": 1}",W_Nabellen offertes,W_Nabellen offertes,3995.260768114686,1298.574264818,0.9497686583615869,0.5992373055699698,0.011118378024852845,7.169792001211987,0.6135633432595065
Value 2,Value 44,50,"{""W_Nabellen incomplete dossiers"": 21, ""W_Afhandelen leads"": 11, ""W_Nabellen offertes"": 10, ""W_Completeren aanvraag"": 8}","{""W_Nabellen incomplete dossiers"": 21, ""W_Completeren aanvraag"": 15, ""W_Nabellen offertes"": 10, ""W_Afhandelen leads"": 4}",W_Nabellen incomplete dossiers,W_Nabellen incomplete dossiers,1329.82717416552,186.01873517299998,1.8936222971299677,0.9468111485649838,0.0032543608435303306,5.231208799927004,0.44766681655886215
Value 31,Value 20,50,"{""W_Nabellen offertes"": 27, ""W_Completeren aanvraag"": 22, ""W_Nabellen incomplete dossiers"": 1}","{""W_Nabellen offertes"": 28, ""W_Completeren aanvraag"": 21, ""W_Nabellen incomplete dossiers"": 1}",W_Nabellen offertes,W_Nabellen offertes,5117.1773818096,3224.8773669820002,1.1140670264060408,0.7028980344324498,0.021616947686986597,8.078960244007863,0.6913664798834018
Value 10,Value 4,50,"{""W_Completeren aanvraag"": 32, ""W_Nabellen offertes"": 18}","{""W_Completeren aanvraag"": 28, ""W_Nabellen offertes"": 22}",W_Completeren aanvraag,W_Completeren aanvraag,5641.045244334761,1713.750284667,0.9426831892554922,0.9426831892554922,0.01414027149321267,7.447022742390206,0.6372876884542995
Value 31,Value 14,49,"{""W_Completeren aanvraag"": 17, ""W_Nabellen offertes"": 16, ""W_Nabellen incomplete dossiers"": 14, ""W_Afhandelen leads"": 2}","{""W_Nabellen offertes"": 23, ""W_Nabellen incomplete dossiers"": 14, ""W_Completeren aanvraag"": 12}",W_Completeren aanvraag,W_Nabellen offertes,4517.637980725184,4082.135962585,1.7618560235016933,0.8809280117508467,0.021184608733246867,8.314620590443086,0.7115333898869343
Value 9,Value 2,49,"{""W_Completeren aanvraag"": 31, ""W_Nabellen offertes"": 14, ""W_Afhandelen leads"": 3, ""W_Nabellen incomplete dossiers"": 1}","{""W_Completeren aanvraag"": 27, ""W_Nabellen offertes"": 19, ""W_Afhandelen leads"": 2, ""W_Nabellen incomplete dossiers"": 1}",W_Completeren aanvraag,W_Completeren aanvraag,10127.253476262347,2751.37202558,1.295568169973105,0.6477840849865525,0.06265984654731457,7.920218373630402,0.6777819585071057
Value 14,Value 20,49,"{""W_Nabellen offertes"": 29, ""W_Completeren aanvraag"": 19, ""W_Nabellen incomplete dossiers"": 1}","{""W_Nabellen offertes"": 29, ""W_Completeren aanvraag"": 19, ""W_Nabellen incomplete dossiers"": 1}",W_Nabellen offertes,W_Nabellen offertes,6868.751837891367,4391.697940992,1.0924226683166833,0.689241964916919,0.009641873278236915,8.387698882447635,0.717787150268606
Value 20,Value 13,49,"{""W_Nabellen offertes"": 31, ""W_Completeren aanvraag"": 18}","{""W_Nabellen offertes"": 32, ""W_Completeren aanvraag"": 17}",W_Nabellen offertes,W_Nabellen offertes,8466.715921798794,3760.230286075,0.9486131982385806,0.9486131982385806,0.010682363200348812,8.23250138660782,0.7045059428923134
Value 10,Value 11,48,"{""W_Nabellen offertes"": 25, ""W_Completeren aanvraag"": 23}","{""W_Nabellen offertes"": 25, ""W_Completeren aanvraag"": 23}",W_Nabellen offertes,W_Nabellen offertes,4639.551195990875,1599.4128515095,0.9987472979361685,0.9987472979361685,0.013574660633484163,7.378016907136729,0.6313824333262036
Value 1,Value 9,48,"{""W_Completeren aanvraag"": 35, ""W_Afhandelen leads"": 13}","{""W_Completeren aanvraag"": 35, ""W_Afhandelen leads"": 13}",W_Completeren aanvraag,W_Completeren aanvraag,1665.1277892669375,100.50661069399999,0.8426578772022391,0.8426578772022391,0.0019266275989403548,4.620123926351124,0.39537251318393163
Value 11,Value 5,48,"{""W_Nabellen offertes"": 30, ""W_Nabellen incomplete dossiers"": 18}","{""W_Nabellen offertes"": 29, ""W_Nabellen incomplete dossiers"": 17, ""A_CANCELLED"": 2}",W_Nabellen offertes,W_Nabellen offertes,3977.9264225188126,1824.6958046435002,0.954434002924965,0.954434002924965,0.013344453711426188,7.5097164561727485,0.6426527763987293
Value 39,Value 16,48,"{""W_Nabellen offertes"": 31, ""W_Nabellen incomplete dossiers"": 15, ""W_Valideren aanvraag"": 2}","{""W_Valideren aanvraag"": 48}",W_Nabellen offertes,W_Valideren aanvraag,7066.588297233062,4286.500170093999,1.1228074058019706,0.7084125998508447,0.049281314168377825,8.363459131146264,0.7157128051766236
Value 10,Value 31,47,"{""W_Completeren aanvraag"": 32, ""W_Nabellen offertes"": 9, ""W_Nabellen incomplete dossiers"": 6}","{""W_Completeren aanvraag"": 25, ""W_Nabellen offertes"": 16, ""W_Nabellen incomplete dossiers"": 6}",W_Completeren aanvraag,W_Completeren aanvraag,3842.755838693,1434.395459149,1.2133314045008767,0.7655268840422486,0.013291855203619909,7.269195671516675,0.622069928704956
Value 1,Value 6,47,"{""W_Afhandelen leads"": 36, ""W_Completeren aanvraag"": 11}","{""W_Afhandelen leads"": 36, ""W_Completeren aanvraag"": 11}",W_Afhandelen leads,W_Afhandelen leads,92.8741394256596,8.259637695,0.7849920887641584,0.7849920887641584,0.0018864895239624308,2.2256649220827183,0.1904638810076557
Value 20,Value 15,47,"{""W_Nabellen offertes"": 37, ""W_Completeren aanvraag"": 9, ""W_Afhandelen leads"": 1}","{""W_Nabellen offertes"": 38, ""W_Completeren aanvraag"": 9}",W_Nabellen offertes,W_Nabellen offertes,6913.224574702956,3090.64772442,0.8465229039914256,0.5340964872079047,0.01024634837584478,8.036459471916519,0.687729426561483
Value 15,Value 10,47,"{""W_Nabellen offertes"": 33, ""W_Completeren aanvraag"": 14}","{""W_Nabellen offertes"": 34, ""W_Completeren aanvraag"": 13}",W_Nabellen offertes,W_Nabellen offertes,4283.086305690192,1003.601292972,0.8786744932173093,0.8786744932173093,0.007701130591512371,6.912346018366679,0.591532101918531
Value 20,Value 41,46,"{""W_Nabellen offertes"": 31, ""W_Completeren aanvraag"": 13, ""W_Nabellen incomplete dossiers"": 1, ""W_Afhandelen leads"": 1}","{""W_Nabellen offertes"": 32, ""W_Completeren aanvraag"": 13, ""W_Nabellen incomplete dossiers"": 1}",W_Nabellen offertes,W_Nabellen offertes,5733.343339083371,2972.8416035174996,1.1390880004520707,0.5695440002260354,0.010028340963592761,7.997609865183926,0.6844048259890901
Value 14,Value 13,46,"{""W_Nabellen offertes"": 25, ""W_Completeren aanvraag"": 21}","{""W_Nabellen offertes"": 28, ""W_Completeren aanvraag"": 18}",W_Nabellen offertes,W_Nabellen offertes,7489.323291852262,4249.7270145335,0.994538681650011,0.994538681650011,0.00905155450609996,8.35484530953216,0.7149756673089007
Value 34,Value 11,46,"{""W_Completeren aanvraag"": 24, ""W_Nabellen offertes"": 18, ""W_Afhandelen leads"": 4}","{""W_Nabellen offertes"": 24, ""W_Completeren aanvraag"": 22}",W_Completeren aanvraag,W_Nabellen offertes,5523.921277890827,747.5067210674999,1.3257847812033308,0.8364770652934062,0.018081761006289308,6.618080183201466,0.5663499586150017
Value 41,Value 11,45,"{""W_Completeren aanvraag"": 29, ""W_Nabellen offertes"": 15, ""W_Nabellen incomplete dossiers"": 1}","{""W_Completeren aanvraag"": 27, ""W_Nabellen offertes"": 17, ""W_Nabellen incomplete dossiers"": 1}",W_Completeren aanvraag,W_Completeren aanvraag,4544.384400417888,413.970095442,1.0588573676001776,0.6680646180073022,0.01278409090909091,6.028206458458407,0.5158708241306109
Value 34,Value 14,45,"{""W_Completeren aanvraag"": 21, ""W_Nabellen offertes"": 20, ""W_Nabellen incomplete dossiers"": 4}","{""W_Nabellen offertes"": 24, ""W_Completeren aanvraag"": 17, ""W_Nabellen incomplete dossiers"": 4}",W_Completeren aanvraag,W_Nabellen offertes,5017.198430636911,196.120386285,1.3434702568607586,0.8476353580917411,0.01768867924528302,5.283814639987106,0.4521686229009143
Value 41,Value 14,45,"{""W_Nabellen offertes"": 33, ""W_Completeren aanvraag"": 11, ""W_Nabellen incomplete dossiers"": 1}","{""W_Nabellen offertes"": 34, ""W_Completeren aanvraag"": 10, ""W_Nabellen incomplete dossiers"": 1}",W_Nabellen offertes,W_Nabellen offertes,6343.541933884756,2805.230132475,0.9469919020221362,0.5974853673769922,0.01278409090909091,7.939597271723855,0.679440330395843
Value 14,Value 21,44,"{""W_Nabellen offertes"": 32, ""W_Nabellen incomplete dossiers"": 9, ""W_Completeren aanvraag"": 3}","{""W_Nabellen offertes"": 34, ""W_Nabellen incomplete dossiers"": 9, ""W_Completeren aanvraag"": 1}",W_Nabellen offertes,W_Nabellen offertes,4941.331220303865,2905.88769559,1.0666086069294727,0.6729551055272077,0.008658008658008658,7.974838267404644,0.6824561198533396
Value 15,Value 41,44,"{""W_Nabellen offertes"": 25, ""W_Completeren aanvraag"": 15, ""W_Nabellen incomplete dossiers"": 4}","{""W_Nabellen offertes"": 33, ""W_Completeren aanvraag"": 7, ""W_Nabellen incomplete dossiers"": 4}",W_Nabellen offertes,W_Nabellen offertes,13072.999863175299,6896.7624051805,1.307164262307845,0.8247288258953046,0.00720956906439456,8.838952348887993,0.7564036938837881
Value 1,Value 42,44,"{""W_Beoordelen fraude"": 44}","{""W_Beoordelen fraude"": 44}",W_Beoordelen fraude,W_Beoordelen fraude,4002.745709694613,1594.864237412,0.0,0.0,0.0017660752990286586,7.375170710113387,0.6311388666842533
Value 41,Value 10,44,"{""W_Nabellen offertes"": 34, ""W_Completeren aanvraag"": 5, ""W_Afhandelen leads"": 4, ""W_Nabellen incomplete dossiers"": 1}","{""W_Nabellen offertes"": 35, ""W_Completeren aanvraag"": 8, ""W_Nabellen incomplete dossiers"": 1}",W_Nabellen offertes,W_Nabellen offertes,6678.890407550113,1324.3897231905,1.0825366850702893,0.5412683425351447,0.0125,7.1894618258821765,0.6152466115305986
Value 13,Value 4,44,"{""W_Nabellen offertes"": 27, ""W_Completeren aanvraag"": 16, ""W_Nabellen incomplete dossiers"": 1}","{""W_Nabellen offertes"": 31, ""W_Completeren aanvraag"": 12, ""W_Nabellen incomplete dossiers"": 1}",W_Nabellen offertes,W_Nabellen offertes,7118.250920248908,1267.3744927779999,1.08711428776426,0.685892749683115,0.015261879986125564,7.145491432700084,0.611483793663542
Value 2,Value 9,44,"{""W_Completeren aanvraag"": 19, ""W_Afhandelen leads"": 15, ""W_Nabellen offertes"": 9, ""W_Nabellen incomplete dossiers"": 1}","{""W_Completeren aanvraag"": 30, ""W_Nabellen offertes"": 13, ""W_Nabellen incomplete dossiers"": 1}",W_Completeren aanvraag,W_Completeren aanvraag,8999.515991999862,163.47296673099999,1.6448110117614627,0.8224055058807314,0.002863837542306691,5.102746220719027,0.4366734809684765
Value 13,Value 41,43,"{""W_Nabellen offertes"": 22, ""W_Completeren aanvraag"": 20, ""W_Afhandelen leads"": 1}","{""W_Nabellen offertes"": 22, ""W_Completeren aanvraag"": 20, ""W_Afhandelen leads"": 1}",W_Nabellen offertes,W_Nabellen offertes,4124.958000706976,2824.804814006,1.1344959754516843,0.7157872662195415,0.014915019077349982,7.946548492920744,0.6800351892866697
Value 8,Value 2,43,"{""W_Nabellen incomplete dossiers"": 22, ""W_Valideren aanvraag"": 19, ""W_Afhandelen leads"": 1, ""W_Nabellen offertes"": 1}","{""W_Nabellen incomplete dossiers"": 41, ""W_Afhandelen leads"": 1, ""W_Nabellen offertes"": 1}",W_Nabellen incomplete dossiers,W_Nabellen incomplete dossiers,1144.6460066136744,212.871384945,1.2677038624823616,0.6338519312411808,0.01545095220984549,5.365374829416087,0.45914823158335094
Value 41,Value 5,43,"{""W_Nabellen offertes"": 25, ""W_Nabellen incomplete dossiers"": 18}","{""W_Nabellen offertes"": 25, ""W_Nabellen incomplete dossiers"": 18}",W_Nabellen offertes,W_Nabellen offertes,6103.2468321976285,3809.445596634,0.9807983646944296,0.9807983646944296,0.012215909090909092,8.245501415779216,0.7056184356061221
Value 43,Value 15,43,"{""W_Afhandelen leads"": 21, ""W_Completeren aanvraag"": 13, ""W_Nabellen incomplete dossiers"": 5, ""W_Nabellen offertes"": 4}","{""W_Completeren aanvraag"": 33, ""W_Nabellen incomplete dossiers"": 5, ""W_Nabellen offertes"": 5}",W_Afhandelen leads,W_Completeren aanvraag,1276.6112800493024,34.687337555,1.7064037619433776,0.8532018809716888,0.012202043132803632,3.574795935531964,0.30591734673819254
Value 18,Value 15,43,"{""W_Completeren aanvraag"": 28, ""W_Afhandelen leads"": 8, ""W_Nabellen offertes"": 7}","{""W_Completeren aanvraag"": 33, ""W_Nabellen offertes"": 10}",W_Completeren aanvraag,W_Completeren aanvraag,4646.204521973163,831.040887603,1.280743306515676,0.808059058768229,0.013420724094881398,6.7238815833673,0.5754040372823204
Value 12,Value 4,43,"{""W_Nabellen offertes"": 25, ""W_Completeren aanvraag"": 11, ""W_Nabellen incomplete dossiers"": 5, ""W_Afhandelen leads"": 2}","{""W_Nabellen offertes"": 26, ""W_Completeren aanvraag"": 10, ""W_Nabellen incomplete dossiers"": 5, ""W_Afhandelen leads"": 2}",W_Nabellen offertes,W_Nabellen offertes,3655.3984391577906,1666.621376167,1.524874219264535,0.7624371096322675,0.009951400138856746,7.419153564446313,0.6349027509288792
Value 2,Value 30,42,"{""W_Completeren aanvraag"": 17, ""W_Nabellen offertes"": 16, ""W_Nabellen incomplete dossiers"": 7, ""W_Afhandelen leads"": 2}","{""W_Nabellen offertes"": 17, ""W_Completeren aanvraag"": 15, ""W_Nabellen incomplete dossiers"": 7, ""W_Valideren aanvraag"": 1, ""W_Afhandelen leads"": 1, ""A_CANCELLED"": 1}",W_Completeren aanvraag,W_Nabellen offertes,5444.5130621888575,1595.683721968,1.6985471190725936,0.8492735595362968,0.0027336631085654777,7.37568408349692,0.6311827992124895
Value 15,Value 20,42,"{""W_Nabellen offertes"": 25, ""W_Completeren aanvraag"": 14, ""W_Nabellen incomplete dossiers"": 2, ""W_Afhandelen leads"": 1}","{""W_Nabellen offertes"": 25, ""W_Completeren aanvraag"": 15, ""W_Nabellen incomplete dossiers"": 2}",W_Nabellen offertes,W_Nabellen offertes,7828.616667702,3805.3623091854997,1.3113799548460325,0.6556899774230163,0.006881861379649353,8.244429237541256,0.7055266826983472
Value 18,Value 12,42,"{""W_Completeren aanvraag"": 29, ""W_Nabellen offertes"": 9, ""W_Afhandelen leads"": 3, ""W_Nabellen incomplete dossiers"": 1}","{""W_Completeren aanvraag"": 32, ""W_Nabellen offertes"": 9, ""W_Nabellen incomplete dossiers"": 1}",W_Completeren aanvraag,W_Completeren aanvraag,1525.1509759895953,1463.482039435,1.2455159614967635,0.6227579807483817,0.013108614232209739,7.2892569022356035,0.6237866920068378
Value 15,Value 28,42,"{""W_Nabellen offertes"": 23, ""W_Completeren aanvraag"": 11, ""W_Nabellen incomplete dossiers"": 7, ""W_Afhandelen leads"": 1}","{""W_Nabellen offertes"": 24, ""W_Completeren aanvraag"": 11, ""W_Nabellen incomplete dossiers"": 7}",W_Nabellen offertes,W_Nabellen offertes,2191.7143544266905,1333.4223037565,1.5411946311424556,0.7705973155712278,0.006881861379649353,7.1962537459106155,0.6158278380374618
Value 34,Value 12,41,"{""W_Completeren aanvraag"": 32, ""W_Nabellen offertes"": 8, ""W_Nabellen incomplete dossiers"": 1}","{""W_Completeren aanvraag"": 30, ""W_Nabellen offertes"": 10, ""W_Nabellen incomplete dossiers"": 1}",W_Completeren aanvraag,W_Completeren aanvraag,1901.1924808604147,304.336623332,0.8697471265693033,0.5487493402358538,0.01611635220125786,5.721414851052773,0.4896167732052927
Value 2,Value 55,41,"{""W_Nabellen offertes"": 18, ""W_Completeren aanvraag"": 16, ""W_Nabellen incomplete dossiers"": 5, ""W_Afhandelen leads"": 2}","{""W_Nabellen offertes"": 23, ""W_Completeren aanvraag"": 13, ""W_Nabellen incomplete dossiers"": 5}",W_Nabellen offertes,W_Nabellen offertes,3245.0572263952927,1737.799230139,1.633935163144951,0.8169675815724755,0.002668575891694871,7.460950056360341,0.6384795346502137
Value 4,Value 1,41,"{""W_Nabellen offertes"": 31, ""W_Completeren aanvraag"": 9, ""W_Nabellen incomplete dossiers"": 1}","{""A_CANCELLED"": 26, ""O_CANCELLED"": 15}",W_Nabellen offertes,A_CANCELLED,499.53150233326835,3.5856e-05,0.915859062301646,0.5778427324841636,0.011764705882352941,3.585535718899771e-05,3.0683641627157936e-06
Value 33,Value 28,41,"{""W_Nabellen incomplete dossiers"": 17, ""W_Completeren aanvraag"": 16, ""W_Afhandelen leads"": 6, ""W_Nabellen offertes"": 2}","{""W_Nabellen incomplete dossiers"": 17, ""W_Completeren aanvraag"": 16, ""W_Nabellen offertes"": 4, ""W_Afhandelen leads"": 4}",W_Nabellen incomplete dossiers,W_Nabellen incomplete dossiers,817.8653340655611,96.134202139,1.6747070459453346,0.8373535229726673,0.009219698673262874,4.576093549517647,0.3916045621456926
Value 2,Value 43,41,"{""W_Completeren aanvraag"": 19, ""W_Nabellen incomplete dossiers"": 11, ""W_Afhandelen leads"": 6, ""W_Nabellen offertes"": 5}","{""W_Completeren aanvraag"": 23, ""W_Nabellen incomplete dossiers"": 11, ""W_Nabellen offertes"": 7}",W_Completeren aanvraag,W_Completeren aanvraag,2040.1658814340246,174.340975276,1.7994108817107142,0.8997054408553571,0.002668575891694871,5.1667325083441265,0.4421491824325335
Value 41,Value 20,41,"{""W_Nabellen offertes"": 34, ""W_Completeren aanvraag"": 7}","{""W_Nabellen offertes"": 34, ""W_Completeren aanvraag"": 7}",W_Nabellen offertes,W_Nabellen offertes,4430.085760048463,4199.780760508,0.6593758812786992,0.6593758812786992,0.011647727272727273,8.343025682354106,0.7139641888774173
Value 16,Value 33,41,"{""W_Valideren aanvraag"": 32, ""W_Nabellen incomplete dossiers"": 9}","{""W_Nabellen incomplete dossiers"": 38, ""W_Valideren aanvraag"": 3}",W_Valideren aanvraag,W_Nabellen incomplete dossiers,275.2329311447073,72.916991951,0.7592757847892833,0.7592757847892833,0.010577915376676987,4.302942733201863,0.36822936129684714
Value 2,Value 58,40,"{""W_Nabellen offertes"": 30, ""W_Completeren aanvraag"": 8, ""W_Nabellen incomplete dossiers"": 2}","{""W_Nabellen offertes"": 30, ""W_Completeren aanvraag"": 8, ""W_Nabellen incomplete dossiers"": 2}",W_Nabellen offertes,W_Nabellen offertes,2986.116001684375,2560.5430622465,0.9917601481809735,0.6257309858938137,0.0026034886748242643,7.848365114577593,0.671633031754268
Value 41,Value 46,40,"{""W_Nabellen offertes"": 25, ""W_Nabellen incomplete dossiers"": 15}","{""W_Nabellen offertes"": 25, ""W_Nabellen incomplete dossiers"": 15}",W_Nabellen offertes,W_Nabellen offertes,3887.8509342455,2826.7586122495,0.954434002924965,0.954434002924965,0.011363636363636364,7.947239667025984,0.6800943373197946
Value 14,Value 15,40,"{""W_Completeren aanvraag"": 21, ""W_Nabellen offertes"": 18, ""W_Nabellen incomplete dossiers"": 1}","{""W_Completeren aanvraag"": 20, ""W_Nabellen offertes"": 19, ""W_Nabellen incomplete dossiers"": 1}",W_Completeren aanvraag,W_Completeren aanvraag,6581.707538284873,2158.545114003,1.139495197279473,0.7189414240153972,0.007870916961826053,7.677652883130911,0.657024132717307
Value 14,Value 5,40,"{""W_Nabellen offertes"": 34, ""W_Nabellen incomplete dossiers"": 4, ""W_Completeren aanvraag"": 2}","{""W_Nabellen offertes"": 36, ""W_Nabellen incomplete dossiers"": 4}",W_Nabellen offertes,W_Nabellen offertes,6898.410125363924,4930.611714377,0.747584679824574,0.4716734178155154,0.007870916961826053,8.503421133362044,0.7276902173518014
Value 15,Value 34,39,"{""W_Completeren aanvraag"": 22, ""W_Nabellen offertes"": 6, ""W_Afhandelen leads"": 6, ""W_Nabellen incomplete dossiers"": 5}","{""W_Completeren aanvraag"": 28, ""W_Nabellen offertes"": 6, ""W_Nabellen incomplete dossiers"": 5}",W_Completeren aanvraag,W_Completeren aanvraag,833.6348006831539,270.472050107,1.6767692421158067,0.8383846210579033,0.006390299852531542,5.603859187875772,0.4795568097215853
Value 16,Value 15,39,"{""W_Valideren aanvraag"": 31, ""W_Nabellen incomplete dossiers"": 6, ""W_Afhandelen leads"": 2}","{""W_Nabellen incomplete dossiers"": 37, ""W_Afhandelen leads"": 2}",W_Valideren aanvraag,W_Nabellen incomplete dossiers,57.58102434274359,61.029305314,0.8984827156232724,0.5668794783564052,0.010061919504643963,4.127606939728376,0.3532247955272313
Value 12,Value 5,38,"{""W_Nabellen offertes"": 22, ""W_Nabellen incomplete dossiers"": 12, ""W_Completeren aanvraag"": 4}","{""W_Nabellen offertes"": 24, ""W_Nabellen incomplete dossiers"": 12, ""A_CANCELLED"": 1, ""W_Completeren aanvraag"": 1}",W_Nabellen offertes,W_Nabellen offertes,5389.823500346238,2915.6881445525,1.3235315761100483,0.8350554511591555,0.008794260587826891,7.978204054503009,0.6827441510241774
Value 27,Value 15,38,"{""W_Completeren aanvraag"": 15, ""W_Nabellen offertes"": 8, ""W_Nabellen incomplete dossiers"": 8, ""W_Afhandelen leads"": 7}","{""W_Completeren aanvraag"": 19, ""W_Nabellen offertes"": 11, ""W_Nabellen incomplete dossiers"": 8}",W_Completeren aanvraag,W_Completeren aanvraag,4760.740080932973,2082.442771395,1.9254316347980327,0.9627158173990163,0.014404852160727824,7.641776982952271,0.6539540105642055
Value 8,Value 26,38,"{""W_Valideren aanvraag"": 37, ""W_Nabellen incomplete dossiers"": 1}","{""W_Valideren aanvraag"": 37, ""W_Nabellen incomplete dossiers"": 1}",W_Valideren aanvraag,W_Valideren aanvraag,678.7228581958946,113.2647406015,0.17556502585750278,0.17556502585750278,0.013654329859863456,4.738518042033932,0.4055042282222921
Value 33,Value 34,38,"{""W_Completeren aanvraag"": 30, ""W_Nabellen offertes"": 4, ""W_Afhandelen leads"": 2, ""W_Nabellen incomplete dossiers"": 2}","{""W_Completeren aanvraag"": 29, ""W_Nabellen offertes"": 7, ""W_Nabellen incomplete dossiers"": 2}",W_Completeren aanvraag,W_Completeren aanvraag,1876.0154242824738,894.9563311465,1.058277043226334,0.529138521613167,0.00854508657521925,6.7978916742275075,0.5817375374418023
Value 1,Value 35,37,"{""W_Afhandelen leads"": 27, ""W_Completeren aanvraag"": 10}","{""W_Afhandelen leads"": 27, ""W_Completeren aanvraag"": 10}",W_Afhandelen leads,W_Afhandelen leads,5637.507564366406,312.62627331,0.8418521897563207,0.8418521897563207,0.0014851087741831902,5.74820206465443,0.4919091203656093
Value 41,Value 15,37,"{""W_Nabellen offertes"": 28, ""W_Nabellen incomplete dossiers"": 5, ""W_Completeren aanvraag"": 4}","{""W_Nabellen offertes"": 29, ""W_Nabellen incomplete dossiers"": 5, ""W_Completeren aanvraag"": 3}",W_Nabellen offertes,W_Nabellen offertes,1613.6978685391891,1157.547851012,1.0414647631411194,0.6570911063619828,0.010511363636363636,7.054922647302557,0.6037332638358892
Value 44,Value 14,37,"{""W_Nabellen offertes"": 21, ""W_Nabellen incomplete dossiers"": 8, ""W_Completeren aanvraag"": 6, ""W_Afhandelen leads"": 2}","{""W_Nabellen offertes"": 22, ""W_Nabellen incomplete dossiers"": 8, ""W_Completeren aanvraag"": 7}",W_Nabellen offertes,W_Nabellen offertes,3316.0193111202434,2295.761177027,1.5946306390700067,0.7973153195350033,0.014219830899308224,7.739255225593202,0.6622958252834779
Value 12,Value 41,37,"{""W_Nabellen offertes"": 27, ""W_Completeren aanvraag"": 6, ""W_Nabellen incomplete dossiers"": 4}","{""W_Nabellen offertes"": 29, ""W_Completeren aanvraag"": 4, ""W_Nabellen incomplete dossiers"": 4}",W_Nabellen offertes,W_Nabellen offertes,6248.8897917568365,1767.104654386,1.1042712693386636,0.6967175998398836,0.00856283267762092,7.477663435102953,0.6399098016003214
Value 20,Value 34,37,"{""W_Nabellen offertes"": 18, ""W_Completeren aanvraag"": 16, ""W_Nabellen incomplete dossiers"": 2, ""W_Afhandelen leads"": 1}","{""W_Nabellen offertes"": 19, ""W_Completeren aanvraag"": 16, ""W_Nabellen incomplete dossiers"": 2}",W_Nabellen offertes,W_Nabellen offertes,2782.7474934891347,3170.510347605,1.3970574189813383,0.6985287094906691,0.008066274253324613,8.061963203753479,0.6899119382673782
Value 1,Value 58,37,"{""W_Afhandelen leads"": 22, ""W_Completeren aanvraag"": 13, ""O_CANCELLED"": 2}","{""W_Afhandelen leads"": 22, ""W_Completeren aanvraag"": 13, ""W_Nabellen offertes"": 2}",W_Afhandelen leads,W_Afhandelen leads,191.54600328891894,22.381519709,1.2036908806058488,0.7594443906768589,0.0014851087741831902,3.1519459543164334,0.26973146461944164
Value 20,Value 27,36,"{""W_Nabellen offertes"": 27, ""W_Completeren aanvraag"": 8, ""W_Nabellen incomplete dossiers"": 1}","{""W_Nabellen offertes"": 27, ""W_Completeren aanvraag"": 8, ""W_Nabellen incomplete dossiers"": 1}",W_Nabellen offertes,W_Nabellen offertes,12335.026203871168,4143.0888456395005,0.9370927081530444,0.59123967142861,0.007848266841072597,8.329438223294316,0.7128014261632803
Value 15,Value 21,36,"{""W_Nabellen offertes"": 18, ""W_Nabellen incomplete dossiers"": 14, ""W_Completeren aanvraag"": 4}","{""W_Nabellen offertes"": 21, ""W_Nabellen incomplete dossiers"": 14, ""W_Completeren aanvraag"": 1}",W_Nabellen offertes,W_Nabellen offertes,3400.21180066075,1065.1102097545,1.3821022532543101,0.872009434056298,0.005898738325413731,6.971771985643056,0.5966175486305639
Value 14,Value 46,36,"{""W_Nabellen offertes"": 32, ""W_Nabellen incomplete dossiers"": 3, ""W_Completeren aanvraag"": 1}","{""W_Nabellen offertes"": 33, ""W_Nabellen incomplete dossiers"": 3}",W_Nabellen offertes,W_Nabellen offertes,5945.746454202945,4562.799173032,0.5934003486044382,0.3743939357142152,0.0070838252656434475,8.425910707610678,0.7210571719366153
Value 15,Value 18,36,"{""W_Completeren aanvraag"": 18, ""W_Nabellen offertes"": 18}","{""W_Nabellen offertes"": 19, ""W_Completeren aanvraag"": 17}",W_Completeren aanvraag,W_Nabellen offertes,4644.76162228489,1317.3456046305,1.0,1.0,0.005898738325413731,7.184132899680336,0.6147905824329858
Value 20,Value 5,36,"{""W_Nabellen offertes"": 25, ""W_Nabellen incomplete dossiers"": 7, ""W_Completeren aanvraag"": 4}","{""W_Nabellen offertes"": 28, ""W_Nabellen incomplete dossiers"": 7, ""W_Completeren aanvraag"": 1}",W_Nabellen offertes,W_Nabellen offertes,6382.816608839971,5000.1029223005,1.1769280792542194,0.7425589430151934,0.007848266841072597,8.517413751551162,0.7288876520326983
Value 40,Value 15,36,"{""W_Nabellen offertes"": 18, ""W_Afhandelen leads"": 12, ""W_Nabellen incomplete dossiers"": 6}","{""W_Nabellen offertes"": 18, ""W_Completeren aanvraag"": 12, ""W_Nabellen incomplete dossiers"": 6}",W_Nabellen offertes,W_Nabellen offertes,3573.5854923566108,1074.4149068309998,1.4591479170272448,0.9206198357143051,0.017964071856287425,6.980461825941213,0.5973611918861602
Value 14,Value 40,35,"{""W_Nabellen offertes"": 25, ""W_Completeren aanvraag"": 7, ""W_Nabellen incomplete dossiers"": 2, ""W_Afhandelen leads"": 1}","{""W_Nabellen offertes"": 28, ""W_Completeren aanvraag"": 5, ""W_Nabellen incomplete dossiers"": 2}",W_Nabellen offertes,W_Nabellen offertes,4553.1231946679145,2283.772213037,1.1936290398372136,0.5968145199186068,0.006887052341597796,7.734021610410335,0.6618479525378821
Value 27,Value 18,35,"{""W_Completeren aanvraag"": 25, ""W_Nabellen offertes"": 5, ""W_Nabellen incomplete dossiers"": 4, ""W_Afhandelen leads"": 1}","{""W_Completeren aanvraag"": 25, ""W_Nabellen offertes"": 6, ""W_Nabellen incomplete dossiers"": 4}",W_Completeren aanvraag,W_Completeren aanvraag,3780.2740310786567,609.635495932,1.2519674392648257,0.6259837196324128,0.013267626990144048,6.414500211483712,0.5489283642302961
Value 33,Value 14,35,"{""W_Completeren aanvraag"": 28, ""W_Nabellen offertes"": 5, ""W_Nabellen incomplete dossiers"": 1, ""W_Afhandelen leads"": 1}","{""W_Nabellen offertes"": 18, ""W_Completeren aanvraag"": 15, ""W_Nabellen incomplete dossiers"": 1, ""W_Afhandelen leads"": 1}",W_Completeren aanvraag,W_Nabellen offertes,8439.102582480027,899.67055612,0.9516950657435455,0.4758475328717727,0.007870474477175624,6.803139548258699,0.5821866304050345
Value 12,Value 33,35,"{""W_Completeren aanvraag"": 20, ""W_Afhandelen leads"": 7, ""W_Nabellen incomplete dossiers"": 6, ""W_Nabellen offertes"": 2}","{""W_Completeren aanvraag"": 25, ""W_Nabellen incomplete dossiers"": 6, ""W_Nabellen offertes"": 3, ""W_Afhandelen leads"": 1}",W_Completeren aanvraag,W_Completeren aanvraag,953.9938826772286,572.210193292,1.5978595496170402,0.7989297748085201,0.00809997685720898,6.351252478929186,0.5435158654809352
Value 11,Value 4,35,"{""W_Nabellen offertes"": 19, ""W_Completeren aanvraag"": 12, ""W_Nabellen incomplete dossiers"": 3, ""W_Afhandelen leads"": 1}","{""W_Nabellen offertes"": 19, ""W_Completeren aanvraag"": 13, ""W_Nabellen incomplete dossiers"": 3}",W_Nabellen offertes,W_Nabellen offertes,2816.017068387429,1548.048881641,1.4582812950522388,0.7291406475261194,0.009730330831248262,7.345396396820832,0.6285908949712737
Value 14,Value 24,35,"{""W_Completeren aanvraag"": 21, ""W_Nabellen offertes"": 10, ""W_Nabellen incomplete dossiers"": 3, ""W_Afhandelen leads"": 1}","{""W_Completeren aanvraag"": 19, ""W_Nabellen offertes"": 12, ""W_Nabellen incomplete dossiers"": 3, ""W_Afhandelen leads"": 1}",W_Completeren aanvraag,W_Completeren aanvraag,5393.699636822371,68.271019128,1.4089163218195078,0.7044581609097539,0.006887052341597796,4.238026624327039,0.36267408929092254
Value 20,Value 31,35,"{""W_Nabellen offertes"": 19, ""W_Completeren aanvraag"": 16}","{""W_Nabellen offertes"": 21, ""W_Completeren aanvraag"": 14}",W_Nabellen offertes,W_Nabellen offertes,3336.5211168312567,2234.892391871,0.9946937953613058,0.9946937953613058,0.00763025942882058,7.712395707835626,0.6599972906103813
Value 24,Value 20,35,"{""W_Nabellen offertes"": 22, ""W_Completeren aanvraag"": 12, ""W_Nabellen incomplete dossiers"": 1}","{""W_Nabellen offertes"": 23, ""W_Completeren aanvraag"": 11, ""W_Nabellen incomplete dossiers"": 1}",W_Nabellen offertes,W_Nabellen offertes,7719.740777429514,2320.591161782,1.097081713554269,0.6921814951805473,0.013282732447817837,7.750008075171436,0.6632160129731169
Value 28,Value 5,34,"{""W_Nabellen incomplete dossiers"": 16, ""W_Nabellen offertes"": 10, ""W_Completeren aanvraag"": 8}","{""W_Nabellen offertes"": 18, ""W_Nabellen incomplete dossiers"": 16}",W_Nabellen incomplete dossiers,W_Nabellen offertes,6506.219080824147,3350.4662877230003,1.5221898721658211,0.9603948809345499,0.014202172096908938,8.11715322688512,0.694634889100749
Value 45,Value 2,34,"{""W_Nabellen incomplete dossiers"": 17, ""W_Completeren aanvraag"": 9, ""W_Nabellen offertes"": 4, ""W_Afhandelen leads"": 4}","{""W_Nabellen incomplete dossiers"": 17, ""W_Nabellen offertes"": 9, ""W_Completeren aanvraag"": 8}",W_Nabellen incomplete dossiers,W_Nabellen incomplete dossiers,2992.963570048265,2016.0539247385,1.7340453908316165,0.8670226954158082,0.03807390817469205,7.609393272717559,0.6511827366534144
Value 55,Value 2,34,"{""W_Completeren aanvraag"": 16, ""W_Nabellen offertes"": 14, ""W_Nabellen incomplete dossiers"": 3, ""W_Afhandelen leads"": 1}","{""W_Nabellen offertes"": 19, ""W_Completeren aanvraag"": 12, ""W_Nabellen incomplete dossiers"": 3}",W_Completeren aanvraag,W_Nabellen offertes,3494.0180804721176,1182.3243626375001,1.497525887986518,0.748762943993259,0.019630484988452657,7.076083012902899,0.6055440868918642
Value 33,Value 43,34,"{""W_Completeren aanvraag"": 17, ""W_Afhandelen leads"": 14, ""W_Nabellen incomplete dossiers"": 3}","{""W_Completeren aanvraag"": 22, ""W_Afhandelen leads"": 8, ""W_Nabellen incomplete dossiers"": 3, ""W_Nabellen offertes"": 1}",W_Completeren aanvraag,W_Completeren aanvraag,849.8870774087059,72.826452484,1.336147408537819,0.8430151552039077,0.007645603777827749,4.301717102126588,0.3681244764828914
Value 14,Value 1,33,"{""W_Completeren aanvraag"": 17, ""W_Nabellen offertes"": 16}","{""A_CANCELLED"": 23, ""O_CANCELLED"": 10}",W_Completeren aanvraag,A_CANCELLED,1147.1770195617576,6.9638e-05,0.9993375041688847,0.9993375041688847,0.006493506493506494,6.963557538704081e-05,5.959145877181619e-06
Value 5,Value 33,33,"{""W_Nabellen incomplete dossiers"": 32, ""W_Nabellen offertes"": 1}","{""W_Nabellen incomplete dossiers"": 32, ""W_Valideren aanvraag"": 1}",W_Nabellen incomplete dossiers,W_Nabellen incomplete dossiers,1456.5730263507576,592.385923998,0.19590927087360493,0.19590927087360493,0.00894308943089431,6.385844986641772,0.5464761598214513
Value 4,Value 41,33,"{""W_Nabellen offertes"": 15, ""W_Nabellen incomplete dossiers"": 14, ""W_Completeren aanvraag"": 4}","{""W_Nabellen offertes"": 17, ""W_Nabellen incomplete dossiers"": 14, ""W_Completeren aanvraag"": 2}",W_Nabellen offertes,W_Nabellen offertes,4224.041049744061,1132.588537831,1.4108690332089309,0.8901592514441112,0.009469153515064563,7.033143577025951,0.6018694944030049
Value 11,Value 13,33,"{""W_Nabellen offertes"": 17, ""W_Completeren aanvraag"": 14, ""W_Afhandelen leads"": 2}","{""W_Nabellen offertes"": 17, ""W_Completeren aanvraag"": 16}",W_Nabellen offertes,W_Nabellen offertes,4982.811584902393,3411.193922289,1.2628839008717192,0.7967910283663547,0.009174311926605505,8.135110742368424,0.6961716245087926
Value 26,Value 8,33,"{""W_Valideren aanvraag"": 33}","{""W_Valideren aanvraag"": 29, ""W_Nabellen incomplete dossiers"": 4}",W_Valideren aanvraag,W_Valideren aanvraag,811.6327308415757,140.884196564,0.0,0.0,0.009554140127388535,4.955011207731314,0.424030884297624
Value 8,Value 22,32,"{""W_Valideren aanvraag"": 31, ""W_Nabellen offertes"": 1}","{""W_Valideren aanvraag"": 31, ""W_Nabellen offertes"": 1}",W_Valideren aanvraag,W_Valideren aanvraag,477.12364428531254,87.9019276695,0.20062232431271465,0.20062232431271465,0.011498383039885016,4.487533825856202,0.384025960127856
Value 27,Value 5,32,"{""W_Nabellen incomplete dossiers"": 25, ""W_Nabellen offertes"": 5, ""W_Completeren aanvraag"": 2}","{""W_Nabellen incomplete dossiers"": 23, ""W_Nabellen offertes"": 6, ""W_Valideren aanvraag"": 2, ""A_CANCELLED"": 1}",W_Nabellen incomplete dossiers,W_Nabellen incomplete dossiers,4566.325993767499,2959.8317716439997,0.946686086912346,0.5972924195251339,0.012130401819560273,7.993225511777679,0.6840296298141504
Value 15,Value 46,32,"{""W_Nabellen offertes"": 22, ""W_Nabellen incomplete dossiers"": 6, ""W_Completeren aanvraag"": 4}","{""W_Nabellen offertes"": 26, ""W_Nabellen incomplete dossiers"": 6}",W_Nabellen offertes,W_Nabellen offertes,4836.685203773968,3264.001779401,1.1994602933016414,0.7567751872715527,0.005243322955923316,8.091015586703032,0.6923981299461842
Value 62,Value 22,32,"{""W_Valideren aanvraag"": 29, ""W_Nabellen incomplete dossiers"": 3}","{""W_Valideren aanvraag"": 29, ""W_Nabellen incomplete dossiers"": 3}",W_Valideren aanvraag,W_Valideren aanvraag,127.28341836284375,41.021479322,0.4488644887230294,0.4488644887230294,0.06779661016949153,3.738180899985172,0.3198992063250955
Value 43,Value 41,32,"{""W_Nabellen incomplete dossiers"": 14, ""W_Completeren aanvraag"": 9, ""W_Nabellen offertes"": 5, ""W_Afhandelen leads"": 4}","{""W_Nabellen incomplete dossiers"": 14, ""W_Nabellen offertes"": 10, ""W_Completeren aanvraag"": 7, ""W_Afhandelen leads"": 1}",W_Nabellen incomplete dossiers,W_Nabellen incomplete dossiers,2678.472435138344,158.67003927849998,1.8299395501179976,0.9149697750589988,0.009080590238365494,5.073109431349575,0.43413727802619806
Value 14,Value 33,32,"{""W_Completeren aanvraag"": 16, ""W_Nabellen incomplete dossiers"": 9, ""W_Nabellen offertes"": 7}","{""W_Completeren aanvraag"": 16, ""W_Nabellen incomplete dossiers"": 9, ""W_Nabellen offertes"": 7}",W_Completeren aanvraag,W_Completeren aanvraag,6328.167496865469,2632.6517164730003,1.4943497041442486,0.9428296905853112,0.006296733569460842,7.876126647468331,0.6740087574282584
Value 16,Value 22,32,"{""W_Valideren aanvraag"": 32}","{""W_Valideren aanvraag"": 32}",W_Valideren aanvraag,W_Valideren aanvraag,967.2176168755936,330.9512140095,0.0,0.0,0.008255933952528379,5.804988012364385,0.49676864431291345
Value 39,Value 8,32,"{""W_Nabellen offertes"": 26, ""W_Nabellen incomplete dossiers"": 6}","{""W_Valideren aanvraag"": 32}",W_Nabellen offertes,W_Valideren aanvraag,6288.08430574128,3800.2211410785,0.6962122601251458,0.6962122601251458,0.03285420944558522,8.243077647007082,0.7054110187562516
Value 1,Value 19,32,"{""W_Completeren aanvraag"": 32}","{""W_Completeren aanvraag"": 32}",W_Completeren aanvraag,W_Completeren aanvraag,691.9248157929375,40.001857387,0.0,0.0,0.0012844183992935698,3.7136173678001487,0.3177971533049859
Value 43,Value 12,31,"{""W_Completeren aanvraag"": 20, ""W_Nabellen offertes"": 6, ""W_Afhandelen leads"": 3, ""W_Nabellen incomplete dossiers"": 2}","{""W_Completeren aanvraag"": 17, ""W_Nabellen offertes"": 12, ""W_Nabellen incomplete dossiers"": 2}",W_Completeren aanvraag,W_Completeren aanvraag,4441.940269599065,318.417996396,1.447640684443725,0.7238203422218625,0.008796821793416572,5.766500578576846,0.493475037114243
Value 24,Value 14,31,"{""W_Nabellen offertes"": 18, ""W_Completeren aanvraag"": 12, ""W_Nabellen incomplete dossiers"": 1}","{""W_Nabellen offertes"": 21, ""W_Completeren aanvraag"": 9, ""W_Nabellen incomplete dossiers"": 1}",W_Nabellen offertes,W_Nabellen offertes,5903.578769582549,2314.80974753,1.1452221157218592,0.7225547072569758,0.011764705882352941,7.747514688310863,0.6630026384738352
Value 11,Value 15,31,"{""W_Nabellen offertes"": 16, ""W_Completeren aanvraag"": 11, ""W_Nabellen incomplete dossiers"": 3, ""W_Afhandelen leads"": 1}","{""W_Nabellen offertes"": 18, ""W_Completeren aanvraag"": 10, ""W_Nabellen incomplete dossiers"": 3}",W_Nabellen offertes,W_Nabellen offertes,5264.648382562742,1798.270559735,1.5087564617683675,0.7543782308841838,0.008618293021962747,7.49513661715881,0.6414050896083642
Value 4,Value 13,31,"{""W_Nabellen offertes"": 18, ""W_Completeren aanvraag"": 9, ""W_Afhandelen leads"": 3, ""W_Nabellen incomplete dossiers"": 1}","{""W_Nabellen offertes"": 21, ""W_Completeren aanvraag"": 8, ""W_Nabellen incomplete dossiers"": 1, ""W_Afhandelen leads"": 1}",W_Nabellen offertes,W_Nabellen offertes,6469.377092623128,4250.556901281,1.4592652606737815,0.7296326303368907,0.008895265423242468,8.355040524549292,0.7149923730625048
Value 11,Value 10,31,"{""W_Nabellen offertes"": 14, ""W_Completeren aanvraag"": 14, ""W_Afhandelen leads"": 2, ""W_Nabellen incomplete dossiers"": 1}","{""W_Nabellen offertes"": 15, ""W_Completeren aanvraag"": 15, ""W_Nabellen incomplete dossiers"": 1}",W_Nabellen offertes,W_Nabellen offertes,7903.712666898677,2938.787055319,1.4507789614316198,0.7253894807158099,0.008618293021962747,7.986092427545931,0.6834192077812319
Value 2,Value 39,31,"{""W_Nabellen offertes"": 25, ""W_Completeren aanvraag"": 3, ""W_Nabellen incomplete dossiers"": 3}","{""W_Nabellen offertes"": 27, ""W_Nabellen incomplete dossiers"": 3, ""W_Completeren aanvraag"": 1}",W_Nabellen offertes,W_Nabellen offertes,14824.875697975582,9649.78659377,0.9023840604289702,0.5693409528732614,0.002017703722988805,9.174794703318856,0.7851437964917735
Value 23,Value 41,31,"{""W_Nabellen offertes"": 16, ""W_Nabellen incomplete dossiers"": 14, ""W_Completeren aanvraag"": 1}","{""W_Nabellen offertes"": 16, ""W_Nabellen incomplete dossiers"": 14, ""W_Completeren aanvraag"": 1}",W_Nabellen offertes,W_Nabellen offertes,5471.941969818258,2153.719485081,1.1702295713931186,0.7383326551010926,0.023378582202111614,7.675415824729122,0.6568326938259367
Value 20,Value 46,31,"{""W_Nabellen offertes"": 28, ""W_Nabellen incomplete dossiers"": 3}","{""W_Nabellen offertes"": 28, ""W_Nabellen incomplete dossiers"": 3}",W_Nabellen offertes,W_Nabellen offertes,3302.3986773063225,2404.530275855,0.4586858162005403,0.4586858162005403,0.006758229779812513,7.78552564715675,0.6662554707716256
Value 14,Value 43,30,"{""W_Completeren aanvraag"": 26, ""W_Nabellen incomplete dossiers"": 3, ""W_Nabellen offertes"": 1}","{""W_Completeren aanvraag"": 26, ""W_Nabellen incomplete dossiers"": 3, ""W_Nabellen offertes"": 1}",W_Completeren aanvraag,W_Completeren aanvraag,857.4846879575001,770.104779588,0.6746799231474564,0.42567563765103456,0.0059031877213695395,6.647824265221987,0.5688953432514892
Value 18,Value 5,30,"{""W_Nabellen offertes"": 20, ""W_Nabellen incomplete dossiers"": 8, ""W_Completeren aanvraag"": 2}","{""W_Nabellen offertes"": 21, ""W_Nabellen incomplete dossiers"": 8, ""W_Completeren aanvraag"": 1}",W_Nabellen offertes,W_Nabellen offertes,15038.6041161011,8601.958943986501,1.158938532350277,0.7312088026202269,0.009363295880149813,9.059861486319654,0.7753082519094927
Value 41,Value 13,30,"{""W_Nabellen offertes"": 19, ""W_Completeren aanvraag"": 9, ""W_Nabellen incomplete dossiers"": 1, ""W_Afhandelen leads"": 1}","{""W_Nabellen offertes"": 21, ""W_Completeren aanvraag"": 7, ""W_Nabellen incomplete dossiers"": 1, ""W_Afhandelen leads"": 1}",W_Nabellen offertes,W_Nabellen offertes,7737.741906324968,6233.2296864115,1.2655590033282207,0.6327795016641103,0.008522727272727272,8.73781030379541,0.7477483449809722
Value 15,Value 4,30,"{""W_Nabellen offertes"": 17, ""W_Completeren aanvraag"": 6, ""W_Nabellen incomplete dossiers"": 5, ""W_Afhandelen leads"": 2}","{""W_Nabellen offertes"": 17, ""W_Completeren aanvraag"": 7, ""W_Nabellen incomplete dossiers"": 5, ""W_Afhandelen leads"": 1}",W_Nabellen offertes,W_Nabellen offertes,5506.975818690066,6416.180056334,1.620014469607868,0.810007234803934,0.004915615271178109,8.766734056626614,0.7502235289868298
Value 4,Value 11,30,"{""W_Nabellen offertes"": 14, ""W_Completeren aanvraag"": 8, ""W_Nabellen incomplete dossiers"": 4, ""W_Afhandelen leads"": 4}","{""W_Nabellen offertes"": 15, ""W_Completeren aanvraag"": 10, ""W_Nabellen incomplete dossiers"": 4, ""W_Afhandelen leads"": 1}",W_Nabellen offertes,W_Nabellen offertes,3470.1175008064333,2373.8220190845,1.7967916319816366,0.8983958159908183,0.00860832137733142,7.772677774327807,0.6651559990149322
Value 15,Value 27,30,"{""W_Completeren aanvraag"": 21, ""W_Nabellen incomplete dossiers"": 5, ""W_Nabellen offertes"": 3, ""W_Afhandelen leads"": 1}","{""W_Completeren aanvraag"": 20, ""W_Nabellen offertes"": 5, ""W_Nabellen incomplete dossiers"": 5}",W_Completeren aanvraag,W_Completeren aanvraag,2868.945088779867,754.4443987760001,1.2867841337767103,0.6433920668883552,0.004915615271178109,6.627306183737819,0.5671394844105954
Value 22,Value 33,30,"{""W_Valideren aanvraag"": 28, ""W_Nabellen incomplete dossiers"": 1, ""W_Completeren aanvraag"": 1}","{""W_Nabellen incomplete dossiers"": 23, ""W_Valideren aanvraag"": 6, ""W_Completeren aanvraag"": 1}",W_Valideren aanvraag,W_Nabellen incomplete dossiers,614.3972847903333,79.5640756965,0.420026001688088,0.26500690173867,0.006858710562414266,4.389052839192389,0.37559833441504176
Value 40,Value 1,30,"{""W_Nabellen offertes"": 26, ""W_Completeren aanvraag"": 4}","{""A_CANCELLED"": 16, ""O_CANCELLED"": 14}",W_Nabellen offertes,A_CANCELLED,250.2784951344999,5.6903e-05,0.5665095065529053,0.5665095065529053,0.014970059880239521,5.690138108570926e-05,4.8694022935573825e-06
Value 4,Value 15,30,"{""W_Nabellen offertes"": 14, ""W_Afhandelen leads"": 11, ""W_Completeren aanvraag"": 4, ""W_Nabellen incomplete dossiers"": 1}","{""W_Nabellen offertes"": 14, ""W_Completeren aanvraag"": 14, ""W_Nabellen incomplete dossiers"": 1, ""W_Afhandelen leads"": 1}",W_Nabellen offertes,W_Nabellen offertes,3553.7036959601664,2145.4855775095,1.5950000384812941,0.7975000192406471,0.00860832137733142,7.6715871685689,0.656505052093309
Value 14,Value 23,29,"{""W_Completeren aanvraag"": 15, ""W_Nabellen offertes"": 13, ""W_Nabellen incomplete dossiers"": 1}","{""W_Completeren aanvraag"": 15, ""W_Nabellen offertes"": 13, ""W_Nabellen incomplete dossiers"": 1}",W_Completeren aanvraag,W_Completeren aanvraag,7189.075786449312,2388.27065627,1.1783577099564695,0.7434609395618622,0.005706414797323888,7.778743433612736,0.6656750749085293
Value 62,Value 26,29,"{""W_Valideren aanvraag"": 29}","{""W_Valideren aanvraag"": 29}",W_Valideren aanvraag,W_Valideren aanvraag,72.80853868158621,24.757677389,0.0,0.0,0.0614406779661017,3.248732733700686,0.2780141065611163
Value 1,Value 23,29,"{""W_Completeren aanvraag"": 19, ""W_Afhandelen leads"": 8, ""O_CANCELLED"": 1, ""A_REGISTERED"": 1}","{""W_Completeren aanvraag"": 19, ""W_Afhandelen leads"": 8, ""W_Nabellen offertes"": 1, ""W_Nabellen incomplete dossiers"": 1}",W_Completeren aanvraag,W_Completeren aanvraag,281.06677538693106,73.751258938,1.2472698656300507,0.6236349328150254,0.0011640041743597976,4.314166054108904,0.36918981012116936
Value 31,Value 4,29,"{""W_Nabellen offertes"": 14, ""W_Completeren aanvraag"": 11, ""W_Nabellen incomplete dossiers"": 3, ""W_Afhandelen leads"": 1}","{""W_Nabellen offertes"": 16, ""W_Completeren aanvraag"": 10, ""W_Nabellen incomplete dossiers"": 3}",W_Nabellen offertes,W_Nabellen offertes,3009.541192447931,1197.757401057,1.543787746300669,0.7718938731503345,0.012537829658452227,7.089040800157317,0.6066529647041804
Value 14,Value 34,29,"{""W_Completeren aanvraag"": 22, ""W_Nabellen offertes"": 6, ""W_Nabellen incomplete dossiers"": 1}","{""W_Completeren aanvraag"": 22, ""W_Nabellen offertes"": 6, ""W_Nabellen incomplete dossiers"": 1}",W_Completeren aanvraag,W_Completeren aanvraag,1972.753343236552,547.309821672,0.9401440773914521,0.5931648710702542,0.005706414797323888,6.306840495202331,0.5397152579860972
Value 12,Value 13,29,"{""W_Nabellen offertes"": 17, ""W_Completeren aanvraag"": 11, ""W_Afhandelen leads"": 1}","{""W_Nabellen offertes"": 17, ""W_Completeren aanvraag"": 12}",W_Nabellen offertes,W_Nabellen offertes,4808.577714524794,1457.140792211,1.1496838880149503,0.7253697721503477,0.006711409395973154,7.284917473208944,0.6234153402882684
Value 27,Value 20,29,"{""W_Completeren aanvraag"": 20, ""W_Nabellen offertes"": 6, ""W_Nabellen incomplete dossiers"": 3}","{""W_Completeren aanvraag"": 19, ""W_Nabellen offertes"": 7, ""W_Nabellen incomplete dossiers"": 3}",W_Completeren aanvraag,W_Completeren aanvraag,3644.8109244213447,390.000604283,1.1785594639469634,0.7435882321573667,0.010993176648976498,5.96870910546499,0.5107792685022801
Value 14,Value 10,29,"{""W_Completeren aanvraag"": 16, ""W_Nabellen offertes"": 13}","{""W_Completeren aanvraag"": 15, ""W_Nabellen offertes"": 14}",W_Completeren aanvraag,W_Completeren aanvraag,8600.973195416276,2232.971116013,0.9922666387194963,0.9922666387194963,0.005706414797323888,7.711536050276538,0.6599237244084715
Value 20,Value 18,29,"{""W_Nabellen offertes"": 19, ""W_Completeren aanvraag"": 10}","{""W_Nabellen offertes"": 19, ""W_Completeren aanvraag"": 10}",W_Nabellen offertes,W_Nabellen offertes,3687.8276040518626,1302.638838797,0.9293636260137187,0.9293636260137187,0.00632221495530848,7.172914740012225,0.6138305752877267
Value 33,Value 10,29,"{""W_Completeren aanvraag"": 23, ""W_Afhandelen leads"": 3, ""W_Nabellen offertes"": 2, ""W_Nabellen incomplete dossiers"": 1}","{""W_Completeren aanvraag"": 21, ""W_Nabellen offertes"": 7, ""W_Nabellen incomplete dossiers"": 1}",W_Completeren aanvraag,W_Completeren aanvraag,8384.085593458069,497.043225296,1.0374012540422355,0.5187006270211177,0.006521250281088374,6.210686871041076,0.531486799043784
Value 58,Value 2,29,"{""W_Nabellen offertes"": 15, ""W_Completeren aanvraag"": 14}","{""W_Nabellen offertes"": 16, ""W_Completeren aanvraag"": 13}",W_Nabellen offertes,W_Nabellen offertes,2574.575346892414,818.908716606,0.9991421039919088,0.9991421039919088,0.025732031943212066,6.709193012849438,0.574147045666229
Value 5,Value 62,29,"{""W_Nabellen offertes"": 24, ""W_Nabellen incomplete dossiers"": 4, ""W_Valideren aanvraag"": 1}","{""W_Valideren aanvraag"": 29}",W_Nabellen offertes,W_Valideren aanvraag,2504.9073178535855,2446.989039092,0.7876672014273048,0.496962673292849,0.007859078590785908,7.803022166127095,0.6677527558634433
Value 43,Value 18,29,"{""W_Completeren aanvraag"": 16, ""W_Nabellen incomplete dossiers"": 7, ""W_Afhandelen leads"": 6}","{""W_Completeren aanvraag"": 19, ""W_Nabellen incomplete dossiers"": 7, ""W_Afhandelen leads"": 2, ""W_Nabellen offertes"": 1}",W_Completeren aanvraag,W_Completeren aanvraag,563.3122181003794,165.871185195,1.4386272206886008,0.9076727178302497,0.008229284903518728,5.117222168638532,0.4379122771568235
Value 14,Value 31,29,"{""W_Nabellen offertes"": 20, ""W_Nabellen incomplete dossiers"": 8, ""W_Completeren aanvraag"": 1}","{""W_Nabellen offertes"": 20, ""W_Nabellen incomplete dossiers"": 8, ""W_Completeren aanvraag"": 1}",W_Nabellen offertes,W_Nabellen offertes,15676.0219020299,1330.517555093,1.04975472279146,0.6623214885612896,0.005706414797323888,7.19407458961544,0.6156413541866433
Value 40,Value 20,29,"{""W_Nabellen offertes"": 22, ""W_Completeren aanvraag"": 4, ""W_Nabellen incomplete dossiers"": 3}","{""W_Nabellen offertes"": 22, ""W_Completeren aanvraag"": 4, ""W_Nabellen incomplete dossiers"": 3}",W_Nabellen offertes,W_Nabellen offertes,4991.160845249103,2702.540728288,1.0351401981557098,0.6531007501342917,0.014471057884231538,7.902317573730961,0.6762500766015408
Value 14,Value 44,29,"{""W_Nabellen offertes"": 11, ""W_Nabellen incomplete dossiers"": 7, ""W_Completeren aanvraag"": 6, ""W_Afhandelen leads"": 5}","{""W_Completeren aanvraag"": 11, ""W_Nabellen offertes"": 11, ""W_Nabellen incomplete dossiers"": 7}",W_Nabellen offertes,W_Completeren aanvraag,2796.472305852586,902.545756606,1.9329931420869773,0.9664965710434886,0.005706414797323888,6.806326752475445,0.5824593791367337
Value 24,Value 5,28,"{""W_Nabellen offertes"": 16, ""W_Nabellen incomplete dossiers"": 9, ""W_Completeren aanvraag"": 3}","{""W_Nabellen offertes"": 19, ""W_Nabellen incomplete dossiers"": 9}",W_Nabellen offertes,W_Nabellen offertes,8590.630347848642,4862.894908390001,1.3329187608024513,0.8409781052838631,0.01062618595825427,8.489594817407244,0.7265070141792749
Value 24,Value 34,28,"{""W_Completeren aanvraag"": 19, ""W_Nabellen offertes"": 5, ""W_Afhandelen leads"": 3, ""W_Nabellen incomplete dossiers"": 1}","{""W_Completeren aanvraag"": 22, ""W_Nabellen offertes"": 5, ""W_Nabellen incomplete dossiers"": 1}",W_Completeren aanvraag,W_Completeren aanvraag,2318.170541369607,1582.3836345685,1.3403852530565896,0.6701926265282948,0.01062618595825427,7.367319377057105,0.6304669796674135
Value 33,Value 4,28,"{""W_Nabellen incomplete dossiers"": 10, ""W_Nabellen offertes"": 9, ""W_Completeren aanvraag"": 9}","{""W_Nabellen offertes"": 12, ""W_Nabellen incomplete dossiers"": 10, ""W_Completeren aanvraag"": 6}",W_Nabellen incomplete dossiers,W_Nabellen offertes,3595.4684898748214,1747.070097775,1.583143101527774,0.9988520869152713,0.006296379581740499,7.466267657113374,0.6389345945592876
Value 40,Value 46,28,"{""W_Nabellen offertes"": 26, ""W_Completeren aanvraag"": 2}","{""W_Nabellen offertes"": 28}",W_Nabellen offertes,W_Nabellen offertes,4635.697376883072,2749.36878463,0.37123232664087563,0.37123232664087563,0.013972055888223553,7.919490285171364,0.6777196514849437
Value 33,Value 11,28,"{""W_Completeren aanvraag"": 13, ""W_Nabellen incomplete dossiers"": 8, ""W_Afhandelen leads"": 6, ""W_Nabellen offertes"": 1}","{""W_Completeren aanvraag"": 16, ""W_Nabellen incomplete dossiers"": 8, ""W_Nabellen offertes"": 4}",W_Completeren aanvraag,W_Completeren aanvraag,4207.94474198525,389.970753463,1.6782302313375637,0.8391151156687818,0.006296379581740499,5.968632757860391,0.5107727349666462
Value 43,Value 5,28,"{""W_Nabellen incomplete dossiers"": 16, ""W_Nabellen offertes"": 7, ""W_Completeren aanvraag"": 5}","{""W_Nabellen incomplete dossiers"": 16, ""W_Nabellen offertes"": 12}",W_Nabellen incomplete dossiers,W_Nabellen incomplete dossiers,3473.8198914352142,1542.6049735665001,1.4051718888847455,0.886564753579592,0.007945516458569807,7.341875851714829,0.6282896202027769
Value 18,Value 46,28,"{""W_Nabellen offertes"": 23, ""W_Nabellen incomplete dossiers"": 4, ""W_Completeren aanvraag"": 1}","{""W_Nabellen offertes"": 24, ""W_Nabellen incomplete dossiers"": 4}",W_Nabellen offertes,W_Nabellen offertes,5722.924503441822,3092.381916859,0.8058576010107721,0.5084395376194123,0.008739076154806492,8.037020242869943,0.6877774151922449
Value 14,Value 27,27,"{""W_Completeren aanvraag"": 16, ""W_Nabellen offertes"": 9, ""W_Nabellen incomplete dossiers"": 2}","{""W_Completeren aanvraag"": 16, ""W_Nabellen offertes"": 9, ""W_Nabellen incomplete dossiers"": 2}",W_Completeren aanvraag,W_Completeren aanvraag,7921.570743567705,2402.438161216,1.2538013905715868,0.7910606023808819,0.005312868949232586,7.78465555836396,0.6661810119046814
Value 43,Value 34,27,"{""W_Afhandelen leads"": 14, ""W_Completeren aanvraag"": 9, ""W_Nabellen incomplete dossiers"": 4}","{""W_Completeren aanvraag"": 22, ""W_Nabellen incomplete dossiers"": 4, ""W_Nabellen offertes"": 1}",W_Afhandelen leads,W_Completeren aanvraag,236.33147763614815,63.478333299,1.4277655050602363,0.9008197382654823,0.007661748013620885,4.166329249523728,0.3565385025152095
Value 4,Value 46,27,"{""W_Nabellen offertes"": 18, ""W_Nabellen incomplete dossiers"": 9}","{""W_Nabellen offertes"": 18, ""W_Nabellen incomplete dossiers"": 9}",W_Nabellen offertes,W_Nabellen offertes,3784.652571119371,2748.25249469,0.9182958340544896,0.9182958340544896,0.0077474892395982785,7.919084333598107,0.6776849117038668
Value 43,Value 33,27,"{""W_Completeren aanvraag"": 13, ""W_Afhandelen leads"": 8, ""W_Nabellen incomplete dossiers"": 5, ""W_Nabellen offertes"": 1}","{""W_Completeren aanvraag"": 20, ""W_Nabellen incomplete dossiers"": 5, ""W_Nabellen offertes"": 2}",W_Completeren aanvraag,W_Completeren aanvraag,1137.786453687778,101.574359943,1.6543187314126904,0.8271593657063452,0.007661748013620885,4.63058799841602,0.39626798839983196
Value 12,Value 28,27,"{""W_Completeren aanvraag"": 12, ""W_Nabellen offertes"": 11, ""W_Nabellen incomplete dossiers"": 2, ""W_Afhandelen leads"": 2}","{""W_Completeren aanvraag"": 14, ""W_Nabellen offertes"": 11, ""W_Nabellen incomplete dossiers"": 2}",W_Completeren aanvraag,W_Completeren aanvraag,3035.000192454925,966.909649167,1.6040246201759079,0.8020123100879539,0.006248553575561213,6.8751387452829515,0.5883480459706092
Value 32,Value 11,27,"{""W_Nabellen offertes"": 18, ""W_Completeren aanvraag"": 7, ""W_Afhandelen leads"": 2}","{""W_Nabellen offertes"": 18, ""W_Completeren aanvraag"": 9}",W_Nabellen offertes,W_Nabellen offertes,3625.2066053641847,2723.055731982,1.173030669557363,0.7400999512755887,0.01605231866825208,7.9098771266717085,0.6768969941934441
Value 32,Value 41,27,"{""W_Nabellen offertes"": 19, ""W_Completeren aanvraag"": 7, ""W_Afhandelen leads"": 1}","{""W_Nabellen offertes"": 19, ""W_Completeren aanvraag"": 8}",W_Nabellen offertes,W_Nabellen offertes,5233.583470819889,6494.611342266,1.0377724203178629,0.6547614974144043,0.01605231866825208,8.778882049735415,0.7512631077172126
Value 18,Value 21,27,"{""W_Nabellen offertes"": 17, ""W_Nabellen incomplete dossiers"": 8, ""W_Completeren aanvraag"": 2}","{""W_Nabellen offertes"": 19, ""W_Nabellen incomplete dossiers"": 8}",W_Nabellen offertes,W_Nabellen offertes,7199.807833219482,3123.991334001,1.2183368243391808,0.7686849523473515,0.008426966292134831,8.047186789046977,0.688647429282016
Value 4,Value 32,27,"{""W_Nabellen offertes"": 12, ""W_Completeren aanvraag"": 12, ""W_Nabellen incomplete dossiers"": 3}","{""W_Nabellen offertes"": 12, ""W_Completeren aanvraag"": 12, ""W_Nabellen incomplete dossiers"": 3}",W_Nabellen offertes,W_Nabellen offertes,3842.7433766572594,2871.074153417,1.3921472236645345,0.8783471047618534,0.0077474892395982785,7.962789749269688,0.6814250538102861
Value 8,Value 16,27,"{""W_Valideren aanvraag"": 22, ""W_Nabellen incomplete dossiers"": 4, ""W_Beoordelen fraude"": 1}","{""W_Valideren aanvraag"": 23, ""W_Nabellen incomplete dossiers"": 4}",W_Valideren aanvraag,W_Valideren aanvraag,1144.4809120518887,171.595920433,0.824980257347893,0.5205045904698238,0.009701760689902982,5.150953142408232,0.44079884472168973
Value 27,Value 11,27,"{""W_Nabellen incomplete dossiers"": 14, ""W_Nabellen offertes"": 10, ""W_Completeren aanvraag"": 3}","{""W_Nabellen incomplete dossiers"": 14, ""W_Nabellen offertes"": 10, ""W_Completeren aanvraag"": 3}",W_Nabellen incomplete dossiers,W_Nabellen incomplete dossiers,2020.6622631503706,204.729778117,1.374252785132226,0.8670569710683644,0.01023502653525398,5.326563550970028,0.4558269109989443
Value 43,Value 14,27,"{""W_Completeren aanvraag"": 16, ""W_Nabellen offertes"": 6, ""W_Afhandelen leads"": 4, ""W_Nabellen incomplete dossiers"": 1}","{""W_Completeren aanvraag"": 15, ""W_Nabellen offertes"": 8, ""W_Afhandelen leads"": 3, ""W_Nabellen incomplete dossiers"": 1}",W_Completeren aanvraag,W_Completeren aanvraag,2009.1983833596298,367.367141448,1.5137847242254339,0.7568923621127169,0.007661748013620885,5.909080107808251,0.5056764472277859
Value 16,Value 8,27,"{""W_Valideren aanvraag"": 20, ""W_Nabellen incomplete dossiers"": 7}","{""W_Valideren aanvraag"": 17, ""W_Nabellen incomplete dossiers"": 9, ""W_Beoordelen fraude"": 1}",W_Valideren aanvraag,W_Valideren aanvraag,1774.2850237354073,572.146909499,0.8256265261578954,0.8256265261578954,0.00696594427244582,6.351142070413531,0.543506417142967
Value 15,Value 13,27,"{""W_Nabellen offertes"": 18, ""W_Completeren aanvraag"": 9}","{""W_Nabellen offertes"": 21, ""W_Completeren aanvraag"": 6}",W_Nabellen offertes,W_Nabellen offertes,6763.487893071555,4592.1784532,0.9182958340544896,0.9182958340544896,0.0044240537440602985,8.432327536869522,0.7216062996117999
Value 28,Value 12,27,"{""W_Completeren aanvraag"": 15, ""W_Nabellen offertes"": 10, ""W_Nabellen incomplete dossiers"": 2}","{""W_Nabellen offertes"": 13, ""W_Completeren aanvraag"": 12, ""W_Nabellen incomplete dossiers"": 2}",W_Completeren aanvraag,W_Nabellen offertes,3166.3981037927033,663.506239856,1.2799749139041574,0.8075742570071975,0.011278195488721804,6.499044268411694,0.5561633208667908
Value 8,Value 33,26,"{""W_Valideren aanvraag"": 15, ""W_Nabellen incomplete dossiers"": 11}","{""W_Nabellen incomplete dossiers"": 24, ""W_Valideren aanvraag"": 2}",W_Valideren aanvraag,W_Nabellen incomplete dossiers,1437.9853729256154,116.609440311,0.9828586897127056,0.9828586897127056,0.009342436219906576,4.767369306996082,0.4079732089939031
Value 4,Value 21,26,"{""W_Nabellen incomplete dossiers"": 15, ""W_Nabellen offertes"": 10, ""W_Completeren aanvraag"": 1}","{""W_Nabellen incomplete dossiers"": 15, ""W_Nabellen offertes"": 11}",W_Nabellen incomplete dossiers,W_Nabellen incomplete dossiers,4922.134253150423,1804.4460064915002,1.1687997226410385,0.7374305209802983,0.007460545193687231,7.498562935253179,0.6416983007900409
Value 26,Value 15,26,"{""W_Valideren aanvraag"": 22, ""W_Nabellen incomplete dossiers"": 4}","{""W_Nabellen incomplete dossiers"": 26}",W_Valideren aanvraag,W_Nabellen incomplete dossiers,467.0818281523077,14.990279934,0.6193821946787638,0.6193821946787638,0.007527504342790967,2.771981033509381,0.23721552174518531
Value 28,Value 33,26,"{""W_Completeren aanvraag"": 21, ""W_Nabellen offertes"": 2, ""W_Afhandelen leads"": 2, ""W_Nabellen incomplete dossiers"": 1}","{""W_Completeren aanvraag"": 20, ""W_Nabellen offertes"": 5, ""W_Nabellen incomplete dossiers"": 1}",W_Completeren aanvraag,W_Completeren aanvraag,2336.5288153227693,147.79386981649998,0.9989525689736319,0.49947628448681597,0.01086048454469507,5.002561924080594,0.4281000925107377
Value 14,Value 18,26,"{""W_Nabellen offertes"": 15, ""W_Nabellen incomplete dossiers"": 7, ""W_Completeren aanvraag"": 4}","{""W_Nabellen offertes"": 15, ""W_Nabellen incomplete dossiers"": 7, ""W_Completeren aanvraag"": 4}",W_Nabellen offertes,W_Nabellen offertes,3032.431087666423,1044.886194399,1.3829457416591304,0.8725416159876916,0.005116096025186935,6.952619837939861,0.5949785811719005
Value 44,Value 5,26,"{""W_Nabellen incomplete dossiers"": 18, ""W_Nabellen offertes"": 8}","{""W_Nabellen incomplete dossiers"": 18, ""W_Nabellen offertes"": 8}",W_Nabellen incomplete dossiers,W_Nabellen incomplete dossiers,2388.5325811307307,1500.964427203,0.8904916402194913,0.8904916402194913,0.009992313604919293,7.314529148423778,0.6259493940573676
Value 43,Value 10,26,"{""W_Completeren aanvraag"": 16, ""W_Nabellen incomplete dossiers"": 6, ""W_Nabellen offertes"": 2, ""W_Afhandelen leads"": 2}","{""W_Completeren aanvraag"": 15, ""W_Nabellen incomplete dossiers"": 6, ""W_Nabellen offertes"": 5}",W_Completeren aanvraag,W_Completeren aanvraag,2180.8563747377307,308.410570794,1.4885252948977485,0.7442626474488743,0.0073779795686719635,5.7346691030175245,0.49075102133222887
Value 18,Value 1,26,"{""W_Nabellen offertes"": 14, ""W_Completeren aanvraag"": 12}","{""A_CANCELLED"": 17, ""O_CANCELLED"": 9}",W_Nabellen offertes,A_CANCELLED,0.00014178076923076924,3.82405e-05,0.9957274520849255,0.9957274520849255,0.008114856429463172,3.823976885071949e-05,3.2724129817925075e-06
Value 31,Value 41,26,"{""W_Nabellen offertes"": 16, ""W_Nabellen incomplete dossiers"": 8, ""W_Completeren aanvraag"": 2}","{""W_Nabellen offertes"": 18, ""W_Nabellen incomplete dossiers"": 8}",W_Nabellen offertes,W_Nabellen offertes,1539.9782127508079,1600.4634456630001,1.2389012566026305,0.7816596645276667,0.01124081279723303,7.378673143726588,0.6314385915405528
Value 15,Value 32,26,"{""W_Completeren aanvraag"": 20, ""W_Nabellen offertes"": 4, ""W_Nabellen incomplete dossiers"": 2}","{""W_Completeren aanvraag"": 20, ""W_Nabellen offertes"": 4, ""W_Nabellen incomplete dossiers"": 2}",W_Completeren aanvraag,W_Completeren aanvraag,2853.0976001275,355.08905160300003,0.9912642605354288,0.6254181156238111,0.004260199901687694,5.875180844523245,0.5027754780906526
Value 15,Value 40,26,"{""W_Nabellen offertes"": 11, ""W_Completeren aanvraag"": 8, ""W_Nabellen incomplete dossiers"": 7}","{""W_Nabellen offertes"": 17, ""W_Nabellen incomplete dossiers"": 7, ""W_Completeren aanvraag"": 2}",W_Nabellen offertes,W_Nabellen offertes,4587.494663906692,506.448525613,1.557930785086727,0.982944886316156,0.004260199901687694,6.229395278408293,0.5330877929037664
Value 18,Value 20,26,"{""W_Nabellen offertes"": 11, ""W_Completeren aanvraag"": 8, ""W_Nabellen incomplete dossiers"": 5, ""W_Afhandelen leads"": 2}","{""W_Nabellen offertes"": 11, ""W_Completeren aanvraag"": 10, ""W_Nabellen incomplete dossiers"": 5}",W_Nabellen offertes,W_Nabellen offertes,2123.742683574846,1475.7477593489998,1.79030939970082,0.89515469985041,0.008114856429463172,7.297597488900939,0.6245004474739787
Value 14,Value 32,26,"{""W_Nabellen offertes"": 14, ""W_Completeren aanvraag"": 12}","{""W_Nabellen offertes"": 15, ""W_Completeren aanvraag"": 11}",W_Nabellen offertes,W_Nabellen offertes,5056.549108898193,7134.402161311,0.9957274520849255,0.9957274520849255,0.005116096025186935,8.872823892907096,0.7593022909122946
Value 41,Value 44,26,"{""W_Nabellen incomplete dossiers"": 17, ""W_Nabellen offertes"": 4, ""W_Completeren aanvraag"": 4, ""W_Afhandelen leads"": 1}","{""W_Nabellen incomplete dossiers"": 17, ""W_Nabellen offertes"": 5, ""W_Completeren aanvraag"": 4}",W_Nabellen incomplete dossiers,W_Nabellen incomplete dossiers,627.9673467338463,187.683036133,1.4124832450158702,0.7062416225079351,0.007386363636363636,5.2400685497271295,0.44842500001898045
Value 43,Value 44,26,"{""W_Nabellen incomplete dossiers"": 14, ""W_Completeren aanvraag"": 6, ""W_Afhandelen leads"": 4, ""W_Nabellen offertes"": 2}","{""W_Nabellen incomplete dossiers"": 14, ""W_Completeren aanvraag"": 9, ""W_Nabellen offertes"": 3}",W_Nabellen incomplete dossiers,W_Nabellen incomplete dossiers,1255.1899328903462,87.808026283,1.6691803368667308,0.8345901684333654,0.0073779795686719635,4.48647703198337,0.38393552375513534
Value 18,Value 10,25,"{""W_Nabellen offertes"": 13, ""W_Completeren aanvraag"": 7, ""W_Afhandelen leads"": 5}","{""W_Nabellen offertes"": 14, ""W_Completeren aanvraag"": 11}",W_Nabellen offertes,W_Nabellen offertes,9265.91253259268,1462.042482042,1.469182539187755,0.9269509774012185,0.007802746566791511,7.288273438221234,0.6237025309225929
Value 33,Value 18,25,"{""W_Completeren aanvraag"": 18, ""W_Nabellen incomplete dossiers"": 7}","{""W_Completeren aanvraag"": 12, ""W_Nabellen incomplete dossiers"": 7, ""W_Nabellen offertes"": 6}",W_Completeren aanvraag,W_Completeren aanvraag,4477.67158477848,300.89424551,0.8554508105601306,0.8554508105601306,0.005621767483696874,5.710076775616922,0.48864650412783917
Value 16,Value 26,25,"{""W_Valideren aanvraag"": 25}","{""W_Valideren aanvraag"": 25}",W_Valideren aanvraag,W_Valideren aanvraag,1300.8185329166,70.755588893,0.0,0.0,0.006449948400412796,4.273265745585246,0.3656897183425126
Value 28,Value 15,25,"{""W_Afhandelen leads"": 9, ""W_Completeren aanvraag"": 9, ""W_Nabellen offertes"": 6, ""W_Nabellen incomplete dossiers"": 1}","{""W_Completeren aanvraag"": 15, ""W_Nabellen offertes"": 9, ""W_Nabellen incomplete dossiers"": 1}",W_Afhandelen leads,W_Completeren aanvraag,3843.0713512812004,2223.926866207,1.7411191885631823,0.8705595942815911,0.010442773600668337,7.70747932493969,0.6595765653890827
Value 10,Value 41,25,"{""W_Completeren aanvraag"": 15, ""W_Nabellen offertes"": 9, ""W_Nabellen incomplete dossiers"": 1}","{""W_Completeren aanvraag"": 14, ""W_Nabellen offertes"": 10, ""W_Nabellen incomplete dossiers"": 1}",W_Completeren aanvraag,W_Completeren aanvraag,4614.420700711559,1345.238134079,1.1585488318903812,0.7309629290050981,0.007070135746606335,7.205069414377158,0.6165822491858584
Value 10,Value 25,25,"{""W_Nabellen offertes"": 14, ""W_Completeren aanvraag"": 10, ""W_Nabellen incomplete dossiers"": 1}","{""W_Nabellen offertes"": 16, ""W_Completeren aanvraag"": 8, ""W_Nabellen incomplete dossiers"": 1}",W_Nabellen offertes,W_Nabellen offertes,3573.6841152730804,1980.020617211,1.1829661954675212,0.7463685701896878,0.007070135746606335,7.59136745412092,0.6496401561264936
Value 44,Value 21,25,"{""W_Nabellen incomplete dossiers"": 15, ""W_Nabellen offertes"": 10}","{""W_Nabellen incomplete dossiers"": 15, ""W_Nabellen offertes"": 10}",W_Nabellen incomplete dossiers,W_Nabellen incomplete dossiers,1764.49911840144,723.317917522,0.9709505944546686,0.9709505944546686,0.009607993850883935,6.58523040860344,0.5635388007007582
Value 18,Value 11,25,"{""W_Completeren aanvraag"": 13, ""W_Nabellen offertes"": 8, ""W_Afhandelen leads"": 4}","{""W_Completeren aanvraag"": 15, ""W_Nabellen offertes"": 9, ""W_Afhandelen leads"": 1}",W_Completeren aanvraag,W_Completeren aanvraag,6600.929105457481,481.844023592,1.4396275363413569,0.9083038467385367,0.007802746566791511,6.179693668976898,0.528834519497376
Value 11,Value 41,25,"{""W_Nabellen offertes"": 13, ""W_Completeren aanvraag"": 12}","{""W_Nabellen offertes"": 13, ""W_Completeren aanvraag"": 12}",W_Nabellen offertes,W_Nabellen offertes,8105.913542995679,2889.015321208,0.9988455359952018,0.9988455359952018,0.006950236308034473,7.969017082548481,0.681957965145159
Value 14,Value 28,25,"{""W_Completeren aanvraag"": 20, ""W_Nabellen offertes"": 5}","{""W_Completeren aanvraag"": 20, ""W_Nabellen offertes"": 5}",W_Completeren aanvraag,W_Completeren aanvraag,3269.8821156225194,732.020012856,0.7219280948873623,0.7219280948873623,0.004919323101141283,6.597173004182426,0.5645608022970947
Value 46,Value 62,25,"{""W_Nabellen offertes"": 18, ""W_Nabellen incomplete dossiers"": 7}","{""W_Valideren aanvraag"": 23, ""W_Nabellen incomplete dossiers"": 2}",W_Nabellen offertes,W_Valideren aanvraag,2872.3684961038402,2584.822206004,0.8554508105601306,0.8554508105601306,0.010552975939214858,7.857798804456253,0.672440330808445
Value 19,Value 20,25,"{""W_Completeren aanvraag"": 18, ""W_Nabellen offertes"": 7}","{""W_Completeren aanvraag"": 18, ""W_Nabellen offertes"": 7}",W_Completeren aanvraag,W_Completeren aanvraag,7841.55623893024,196.586371371,0.8554508105601306,0.8554508105601306,0.0316055625790139,5.286175812140638,0.45237068297187416
Value 32,Value 12,25,"{""W_Completeren aanvraag"": 15, ""W_Nabellen offertes"": 8, ""W_Nabellen incomplete dossiers"": 2}","{""W_Completeren aanvraag"": 15, ""W_Nabellen offertes"": 8, ""W_Nabellen incomplete dossiers"": 2}",W_Completeren aanvraag,W_Completeren aanvraag,3717.6817894796004,887.0179017,1.2597218324096136,0.7947959852907823,0.014863258026159334,6.78899190236104,0.5809759290465082
Value 34,Value 24,25,"{""W_Completeren aanvraag"": 18, ""W_Nabellen incomplete dossiers"": 6, ""W_Nabellen offertes"": 1}","{""W_Completeren aanvraag"": 15, ""W_Nabellen incomplete dossiers"": 6, ""W_Nabellen offertes"": 4}",W_Completeren aanvraag,W_Completeren aanvraag,1638.825893189,235.549916801,1.0211191885631823,0.6442544780072552,0.009827044025157232,5.4661592503586425,0.4677729763809036
Value 18,Value 4,25,"{""W_Nabellen offertes"": 12, ""W_Nabellen incomplete dossiers"": 8, ""W_Completeren aanvraag"": 5}","{""W_Nabellen offertes"": 12, ""W_Nabellen incomplete dossiers"": 8, ""W_Completeren aanvraag"": 5}",W_Nabellen offertes,W_Nabellen offertes,2691.80972716388,604.22327002,1.498688570451097,0.9455672104350705,0.007802746566791511,6.405597431307201,0.5481664983953485
Value 34,Value 58,25,"{""W_Completeren aanvraag"": 18, ""W_Nabellen offertes"": 7}","{""W_Completeren aanvraag"": 18, ""W_Nabellen offertes"": 7}",W_Completeren aanvraag,W_Completeren aanvraag,1103.21799621124,193.285926328,0.8554508105601306,0.8554508105601306,0.009827044025157232,5.269330921068306,0.45092916170020614
Value 22,Value 15,25,"{""W_Valideren aanvraag"": 24, ""W_Nabellen incomplete dossiers"": 1}","{""W_Nabellen incomplete dossiers"": 25}",W_Valideren aanvraag,W_Nabellen incomplete dossiers,48.981201324960004,29.937618783,0.24229218908241482,0.24229218908241482,0.005715592135345221,3.4319728797720437,0.2936950965569066
Value 11,Value 18,24,"{""W_Nabellen offertes"": 14, ""W_Completeren aanvraag"": 9, ""W_Nabellen incomplete dossiers"": 1}","{""W_Nabellen offertes"": 15, ""W_Completeren aanvraag"": 8, ""W_Nabellen incomplete dossiers"": 1}",W_Nabellen offertes,W_Nabellen offertes,3127.948533740833,1438.2339096340002,1.1752835873133534,0.7415213841201925,0.006672226855713094,7.271866243805394,0.6222984660546595
Value 34,Value 4,24,"{""W_Completeren aanvraag"": 14, ""W_Nabellen offertes"": 9, ""W_Nabellen incomplete dossiers"": 1}","{""W_Nabellen offertes"": 12, ""W_Completeren aanvraag"": 11, ""W_Nabellen incomplete dossiers"": 1}",W_Completeren aanvraag,W_Nabellen offertes,2457.173651920125,1123.095489182,1.1752835873133534,0.7415213841201925,0.009433962264150943,7.024733981633439,0.601149833433256
Value 18,Value 40,24,"{""W_Nabellen offertes"": 12, ""W_Nabellen incomplete dossiers"": 6, ""W_Afhandelen leads"": 3, ""W_Completeren aanvraag"": 3}","{""W_Nabellen offertes"": 13, ""W_Nabellen incomplete dossiers"": 6, ""W_Completeren aanvraag"": 5}",W_Nabellen offertes,W_Nabellen offertes,4323.354963712958,1469.509525941,1.75,0.875,0.00749063670411985,7.293364236001629,0.6241381819017942
Value 18,Value 24,24,"{""W_Nabellen offertes"": 11, ""W_Completeren aanvraag"": 8, ""W_Nabellen incomplete dossiers"": 3, ""W_Afhandelen leads"": 2}","{""W_Nabellen offertes"": 17, ""W_Completeren aanvraag"": 3, ""W_Nabellen incomplete dossiers"": 3, ""W_Afhandelen leads"": 1}",W_Nabellen offertes,W_Nabellen offertes,3235.7609834117916,2025.9051987379999,1.717936029588917,0.8589680147944585,0.00749063670411985,7.614265376112108,0.6515996726045495
Value 44,Value 15,24,"{""W_Completeren aanvraag"": 9, ""W_Nabellen offertes"": 8, ""W_Nabellen incomplete dossiers"": 7}","{""W_Nabellen offertes"": 11, ""W_Nabellen incomplete dossiers"": 7, ""W_Completeren aanvraag"": 6}",W_Completeren aanvraag,W_Nabellen offertes,3017.0341684194996,804.047879121,1.5774287729134877,0.9952467469708334,0.009223674096848577,6.690901752818811,0.5725817496778763
Value 33,Value 21,24,"{""W_Nabellen offertes"": 14, ""W_Completeren aanvraag"": 5, ""W_Nabellen incomplete dossiers"": 5}","{""W_Nabellen offertes"": 19, ""W_Nabellen incomplete dossiers"": 5}",W_Nabellen offertes,W_Nabellen offertes,9187.293594152876,4542.643395403,1.3965354233178195,0.881115750487723,0.005396896784348999,8.421484479197078,0.7206783922589037
Value 22,Value 43,24,"{""W_Valideren aanvraag"": 23, ""W_Nabellen incomplete dossiers"": 1}","{""W_Nabellen incomplete dossiers"": 24}",W_Valideren aanvraag,W_Nabellen incomplete dossiers,31.557784694000002,23.305925893,0.24988229283318544,0.24988229283318544,0.0054869684499314125,3.190720184525998,0.2730496147576426
Value 12,Value 27,24,"{""W_Nabellen incomplete dossiers"": 11, ""W_Completeren aanvraag"": 10, ""W_Nabellen offertes"": 2, ""W_Afhandelen leads"": 1}","{""W_Nabellen incomplete dossiers"": 11, ""W_Completeren aanvraag"": 9, ""W_Nabellen offertes"": 4}",W_Nabellen incomplete dossiers,W_Nabellen incomplete dossiers,1937.6412538499583,877.83923003,1.531919635975994,0.765959817987997,0.0055542698449433,6.77860197996699,0.5800867992754879
Value 10,Value 28,24,"{""W_Nabellen offertes"": 13, ""W_Completeren aanvraag"": 11}","{""W_Nabellen offertes"": 15, ""W_Completeren aanvraag"": 9}",W_Nabellen offertes,W_Nabellen offertes,4350.015869489708,801.711018053,0.9949848281859701,0.9949848281859701,0.006787330316742082,6.687994771283517,0.5723329813301631
Value 12,Value 40,24,"{""W_Nabellen offertes"": 23, ""W_Completeren aanvraag"": 1}","{""W_Nabellen offertes"": 23, ""W_Completeren aanvraag"": 1}",W_Nabellen offertes,W_Nabellen offertes,2213.7128502328337,270.7440370905,0.24988229283318544,0.24988229283318544,0.0055542698449433,5.604860583131321,0.47964250529278396
Value 41,Value 4,24,"{""W_Nabellen incomplete dossiers"": 11, ""W_Nabellen offertes"": 10, ""W_Completeren aanvraag"": 3}","{""W_Nabellen incomplete dossiers"": 11, ""W_Nabellen offertes"": 10, ""W_Completeren aanvraag"": 3}",W_Nabellen incomplete dossiers,W_Nabellen incomplete dossiers,3723.095675507833,1645.9260189689999,1.4171326567191826,0.8941111578818988,0.006818181818181818,7.406665810509994,0.633834096767967
Value 12,Value 55,24,"{""W_Completeren aanvraag"": 11, ""W_Nabellen offertes"": 10, ""W_Nabellen incomplete dossiers"": 3}","{""W_Nabellen offertes"": 11, ""W_Completeren aanvraag"": 10, ""W_Nabellen incomplete dossiers"": 3}",W_Completeren aanvraag,W_Nabellen offertes,1247.1231448440417,890.9876650865001,1.4171326567191826,0.8941111578818988,0.0055542698449433,6.793452304106033,0.581357633147056
Value 4,Value 31,24,"{""W_Completeren aanvraag"": 14, ""W_Nabellen offertes"": 10}","{""W_Nabellen offertes"": 17, ""W_Completeren aanvraag"": 7}",W_Completeren aanvraag,W_Nabellen offertes,7706.771757149709,4154.2905596314995,0.9798687566511528,0.9798687566511528,0.006886657101865136,8.332137634960436,0.7130324314764636
Value 43,Value 46,24,"{""W_Completeren aanvraag"": 10, ""W_Nabellen incomplete dossiers"": 9, ""W_Nabellen offertes"": 5}","{""W_Nabellen offertes"": 15, ""W_Nabellen incomplete dossiers"": 9}",W_Completeren aanvraag,W_Nabellen offertes,4648.251646116042,2904.4046730054997,1.5283688992090207,0.9642934129442272,0.00681044267877412,7.974327961823771,0.6824124498559071
Value 10,Value 34,24,"{""W_Completeren aanvraag"": 18, ""W_Nabellen offertes"": 6}","{""W_Completeren aanvraag"": 18, ""W_Nabellen offertes"": 6}",W_Completeren aanvraag,W_Completeren aanvraag,1362.2149781340834,629.4511220659999,0.8112781244591328,0.8112781244591328,0.006787330316742082,6.446435629903519,0.551661275044269
Value 4,Value 44,24,"{""W_Nabellen incomplete dossiers"": 18, ""W_Nabellen offertes"": 3, ""W_Completeren aanvraag"": 2, ""W_Afhandelen leads"": 1}","{""W_Nabellen incomplete dossiers"": 18, ""W_Nabellen offertes"": 4, ""W_Completeren aanvraag"": 1, ""W_Afhandelen leads"": 1}",W_Nabellen incomplete dossiers,W_Nabellen incomplete dossiers,1971.4815433860833,785.062822023,1.176065103715944,0.588032551857972,0.006886657101865136,6.667036715473189,0.5705394711712868
Value 4,Value 24,24,"{""W_Nabellen incomplete dossiers"": 11, ""W_Completeren aanvraag"": 9, ""W_Nabellen offertes"": 4}","{""W_Nabellen incomplete dossiers"": 11, ""W_Completeren aanvraag"": 8, ""W_Nabellen offertes"": 5}",W_Nabellen incomplete dossiers,W_Nabellen incomplete dossiers,4257.869481877376,1551.9638420485,1.4773344666381945,0.9320942709786566,0.006886657101865136,7.347920540230185,0.6288069014982199
Value 20,Value 58,24,"{""W_Completeren aanvraag"": 15, ""W_Nabellen offertes"": 8, ""W_Afhandelen leads"": 1}","{""W_Completeren aanvraag"": 15, ""W_Nabellen offertes"": 9}",W_Completeren aanvraag,W_Completeren aanvraag,3383.724788922625,584.716294283,1.1431558784658322,0.7212510566942105,0.005232177894048398,6.3728355328948645,0.5453628605885609
Value 33,Value 40,23,"{""W_Nabellen incomplete dossiers"": 13, ""W_Completeren aanvraag"": 7, ""W_Nabellen offertes"": 2, ""W_Afhandelen leads"": 1}","{""W_Nabellen incomplete dossiers"": 13, ""W_Nabellen offertes"": 6, ""W_Completeren aanvraag"": 3, ""W_Afhandelen leads"": 1}",W_Nabellen incomplete dossiers,W_Nabellen incomplete dossiers,3010.6031385943043,437.843297526,1.4906401825684292,0.7453200912842146,0.005172026085001125,6.084142396108462,0.5206576074720414
Value 18,Value 33,23,"{""W_Nabellen incomplete dossiers"": 9, ""W_Completeren aanvraag"": 8, ""W_Afhandelen leads"": 3, ""W_Nabellen offertes"": 3}","{""W_Completeren aanvraag"": 11, ""W_Nabellen incomplete dossiers"": 9, ""W_Nabellen offertes"": 3}",W_Nabellen incomplete dossiers,W_Completeren aanvraag,775.5414748161738,211.958265698,1.8262097813914586,0.9131048906957293,0.00717852684144819,5.361096210821379,0.45878208378867885
Value 28,Value 27,23,"{""W_Completeren aanvraag"": 18, ""W_Nabellen incomplete dossiers"": 3, ""W_Afhandelen leads"": 2}","{""W_Completeren aanvraag"": 19, ""W_Nabellen incomplete dossiers"": 3, ""W_Nabellen offertes"": 1}",W_Completeren aanvraag,W_Completeren aanvraag,2530.944819030087,1846.93965391,0.9664516287472262,0.6097630879642212,0.00960735171261487,7.521826596857844,0.6436891158636445
Value 27,Value 14,23,"{""W_Completeren aanvraag"": 14, ""W_Nabellen offertes"": 7, ""W_Nabellen incomplete dossiers"": 2}","{""W_Completeren aanvraag"": 12, ""W_Nabellen offertes"": 9, ""W_Nabellen incomplete dossiers"": 2}",W_Completeren aanvraag,W_Completeren aanvraag,7116.572594722868,4291.780094684,1.2646726793957221,0.7979196219596978,0.008718726307808946,8.36468984275323,0.7158181247630259
Value 13,Value 34,23,"{""W_Completeren aanvraag"": 23}","{""W_Completeren aanvraag"": 23}",W_Completeren aanvraag,W_Completeren aanvraag,1562.448560584,1571.329540748,0.0,0.0,0.007977800901838363,7.360313582538619,0.6298674506007091
Value 24,Value 21,23,"{""W_Nabellen offertes"": 18, ""W_Nabellen incomplete dossiers"": 5}","{""W_Nabellen offertes"": 18, ""W_Nabellen incomplete dossiers"": 5}",W_Nabellen offertes,W_Nabellen offertes,4264.147274179652,2150.982970143,0.7553754125614287,0.7553754125614287,0.00872865275142315,7.67414500774804,0.656723942175198
Value 8,Value 6,23,"{""W_Valideren aanvraag"": 18, ""W_Beoordelen fraude"": 5}","{""W_Valideren aanvraag"": 23}",W_Valideren aanvraag,W_Valideren aanvraag,519.4862597469565,14.493059326,0.7553754125614287,0.7553754125614287,0.008264462809917356,2.7403921382200163,0.2345122650537303
Value 4,Value 12,23,"{""W_Nabellen offertes"": 14, ""W_Completeren aanvraag"": 5, ""W_Afhandelen leads"": 2, ""W_Nabellen incomplete dossiers"": 2}","{""W_Nabellen offertes"": 14, ""W_Completeren aanvraag"": 7, ""W_Nabellen incomplete dossiers"": 2}",W_Nabellen offertes,W_Nabellen offertes,3212.2067060920867,2976.609085799,1.527361548089914,0.763680774044957,0.006599713055954089,7.99887593726666,0.6845131715895983
Value 11,Value 24,23,"{""W_Nabellen offertes"": 13, ""W_Completeren aanvraag"": 7, ""W_Nabellen incomplete dossiers"": 2, ""W_Afhandelen leads"": 1}","{""W_Nabellen offertes"": 13, ""W_Completeren aanvraag"": 8, ""W_Nabellen incomplete dossiers"": 2}",W_Nabellen offertes,W_Nabellen offertes,3481.1959252890433,2076.066981636,1.4906401825684292,0.7453200912842146,0.006394217403391716,7.638712072579035,0.6536917272713184
Value 15,Value 16,23,"{""W_Nabellen incomplete dossiers"": 17, ""W_Nabellen offertes"": 3, ""W_Valideren aanvraag"": 2, ""W_Completeren aanvraag"": 1}","{""W_Valideren aanvraag"": 11, ""W_Nabellen incomplete dossiers"": 8, ""W_Nabellen offertes"": 3, ""W_Completeren aanvraag"": 1}",W_Nabellen incomplete dossiers,W_Valideren aanvraag,2581.1138042959133,84.684598598,1.2087030080822634,0.6043515040411317,0.0037686383745698837,4.450673096477926,0.38087156006318246
Value 40,Value 13,23,"{""W_Nabellen offertes"": 21, ""W_Afhandelen leads"": 1, ""W_Completeren aanvraag"": 1}","{""W_Nabellen offertes"": 21, ""W_Completeren aanvraag"": 2}",W_Nabellen offertes,W_Nabellen offertes,3131.211770730522,2043.619732155,0.5131851787372753,0.3237837983572335,0.011477045908183632,7.622967101139594,0.6523443329097699
Value 30,Value 15,23,"{""W_Afhandelen leads"": 12, ""W_Nabellen offertes"": 8, ""W_Completeren aanvraag"": 3}","{""W_Completeren aanvraag"": 13, ""W_Nabellen offertes"": 10}",W_Afhandelen leads,W_Completeren aanvraag,2163.907873842217,37.854379918,1.4029342381953893,0.8851529531815774,0.01563562202583277,3.6598208096611295,0.3131934498695095
Value 22,Value 27,23,"{""W_Valideren aanvraag"": 21, ""W_Nabellen incomplete dossiers"": 2}","{""W_Nabellen incomplete dossiers"": 23}",W_Valideren aanvraag,W_Nabellen incomplete dossiers,98.27029128313046,29.924135554,0.4262286569981449,0.4262286569981449,0.005258344764517604,3.4315369649048364,0.29365779263187575
Value 19,Value 2,23,"{""W_Completeren aanvraag"": 19, ""W_Nabellen incomplete dossiers"": 3, ""W_Nabellen offertes"": 1}","{""W_Completeren aanvraag"": 13, ""W_Nabellen offertes"": 7, ""W_Nabellen incomplete dossiers"": 3}",W_Completeren aanvraag,W_Completeren aanvraag,14756.857360948216,755.130506308,0.8076702057269436,0.5095831638663089,0.029077117572692796,6.628213988672674,0.5672171708805465
Value 13,Value 1,23,"{""W_Nabellen offertes"": 19, ""W_Completeren aanvraag"": 4}","{""A_CANCELLED"": 14, ""O_CANCELLED"": 9}",W_Nabellen offertes,A_CANCELLED,1363.7687986443477,6.6424e-05,0.6665783579949205,0.6665783579949205,0.007977800901838363,6.642179402379797e-05,5.684122775060519e-06
Value 12,Value 46,23,"{""W_Nabellen offertes"": 22, ""W_Nabellen incomplete dossiers"": 1}","{""W_Nabellen offertes"": 22, ""W_Nabellen incomplete dossiers"": 1}",W_Nabellen offertes,W_Nabellen offertes,4968.890056213434,4469.05202288,0.2580186686648155,0.2580186686648155,0.005322841934737329,8.405155325768078,0.7192810058397718
Value 33,Value 13,23,"{""W_Completeren aanvraag"": 19, ""W_Nabellen offertes"": 3, ""W_Afhandelen leads"": 1}","{""W_Completeren aanvraag"": 18, ""W_Nabellen offertes"": 5}",W_Completeren aanvraag,W_Completeren aanvraag,5032.199935587045,703.118692728,0.8076702057269436,0.5095831638663089,0.005172026085001125,6.55694693957206,0.5611184097305688
Value 16,Value 27,23,"{""W_Valideren aanvraag"": 19, ""W_Nabellen incomplete dossiers"": 4}","{""W_Nabellen incomplete dossiers"": 23}",W_Valideren aanvraag,W_Nabellen incomplete dossiers,162.8782381428261,74.138055192,0.6665783579949205,0.6665783579949205,0.005933952528379773,4.319327157351457,0.3696314775725923
Value 2,Value 17,23,"{""W_Afhandelen leads"": 17, ""W_Completeren aanvraag"": 4, ""W_Nabellen offertes"": 2}","{""A_PREACCEPTED"": 10, ""A_DECLINED"": 8, ""A_ACCEPTED"": 3, ""O_DECLINED"": 1, ""O_CANCELLED"": 1}",W_Afhandelen leads,A_PREACCEPTED,95.40676422834784,11.931625426,1.0676111603502403,0.6735876463099149,0.0014970059880239522,2.559675894550408,0.21904726096037846
Value 22,Value 8,23,"{""W_Valideren aanvraag"": 23}","{""W_Valideren aanvraag"": 21, ""W_Nabellen incomplete dossiers"": 2}",W_Valideren aanvraag,W_Valideren aanvraag,385.67823055886964,50.563061447,0.0,0.0,0.005258344764517604,3.9428055527047094,0.3374102005094026
Value 17,Value 2,23,"{""A_PREACCEPTED"": 10, ""A_DECLINED"": 9, ""O_SENT"": 4}","{""W_Completeren aanvraag"": 11, ""W_Afhandelen leads"": 7, ""W_Nabellen offertes"": 5}",A_PREACCEPTED,W_Completeren aanvraag,0.3612480213478262,0.037383086,1.491013870758994,0.940725014049597,0.5897435897435898,0.036701278580153804,0.0031407548759756388
Value 44,Value 12,23,"{""W_Nabellen offertes"": 10, ""W_Completeren aanvraag"": 9, ""W_Nabellen incomplete dossiers"": 3, ""W_Afhandelen leads"": 1}","{""W_Nabellen offertes"": 10, ""W_Completeren aanvraag"": 10, ""W_Nabellen incomplete dossiers"": 3}",W_Nabellen offertes,W_Nabellen offertes,1890.421507802696,957.63577981,1.632105718491017,0.8160528592455085,0.008839354342813221,6.865511211096775,0.5875241584629078
Value 13,Value 18,22,"{""W_Completeren aanvraag"": 11, ""W_Nabellen offertes"": 9, ""W_Nabellen incomplete dossiers"": 1, ""W_Afhandelen leads"": 1}","{""W_Nabellen offertes"": 12, ""W_Completeren aanvraag"": 8, ""W_Nabellen incomplete dossiers"": 1, ""W_Afhandelen leads"": 1}",W_Completeren aanvraag,W_Nabellen offertes,9547.451584451093,992.9076696335001,1.4329283087286118,0.7164641543643059,0.007630939993062782,6.901644314649589,0.5906162910958292
Value 44,Value 24,22,"{""W_Nabellen incomplete dossiers"": 9, ""W_Nabellen offertes"": 8, ""W_Completeren aanvraag"": 5}","{""W_Nabellen incomplete dossiers"": 9, ""W_Nabellen offertes"": 9, ""W_Completeren aanvraag"": 4}",W_Nabellen incomplete dossiers,W_Nabellen incomplete dossiers,1815.0898197308181,362.44191084299996,1.5440240964819507,0.9741707427017494,0.008455034588777863,5.895619479094711,0.5045245381689935
Value 40,Value 14,22,"{""W_Nabellen offertes"": 15, ""W_Completeren aanvraag"": 6, ""W_Afhandelen leads"": 1}","{""W_Nabellen offertes"": 16, ""W_Completeren aanvraag"": 6}",W_Nabellen offertes,W_Nabellen offertes,4677.333410073546,1868.408065773,1.090652803252992,0.6881253043884296,0.010978043912175649,7.533377117371143,0.6446775651772828
Value 8,Value 5,22,"{""W_Nabellen incomplete dossiers"": 20, ""W_Valideren aanvraag"": 2}","{""W_Nabellen incomplete dossiers"": 21, ""W_Valideren aanvraag"": 1}",W_Nabellen incomplete dossiers,W_Nabellen incomplete dossiers,2817.3176193015906,2218.2324118275,0.4394969869215134,0.4394969869215134,0.007905138339920948,7.70491665463934,0.6593572618783409
Value 16,Value 31,22,"{""W_Valideren aanvraag"": 13, ""W_Nabellen incomplete dossiers"": 8, ""W_Nabellen offertes"": 1}","{""W_Nabellen incomplete dossiers"": 21, ""W_Nabellen offertes"": 1}",W_Valideren aanvraag,W_Nabellen incomplete dossiers,315.8508861565,68.357822106,1.181899057917561,0.7456952813582645,0.005675954592363261,4.239278932123476,0.36278125699651875
Value 31,Value 5,22,"{""W_Nabellen offertes"": 13, ""W_Nabellen incomplete dossiers"": 7, ""W_Completeren aanvraag"": 2}","{""W_Nabellen offertes"": 15, ""W_Nabellen incomplete dossiers"": 7}",W_Nabellen offertes,W_Nabellen offertes,5857.744123658091,4388.894127469501,1.288649764535596,0.8130474783783603,0.009511456982274102,8.387060389028859,0.7177325104468918
Value 11,Value 40,22,"{""W_Nabellen offertes"": 16, ""W_Completeren aanvraag"": 4, ""W_Nabellen incomplete dossiers"": 2}","{""W_Nabellen offertes"": 18, ""W_Completeren aanvraag"": 2, ""W_Nabellen incomplete dossiers"": 2}",W_Nabellen offertes,W_Nabellen offertes,4616.570923174682,392.237209659,1.0957952550009336,0.6913698302025114,0.0061162079510703364,5.974413016702518,0.5112673873832687
Value 41,Value 1,22,"{""W_Nabellen offertes"": 13, ""W_Completeren aanvraag"": 9}","{""A_CANCELLED"": 15, ""O_CANCELLED"": 7}",W_Nabellen offertes,A_CANCELLED,554.4369365966818,5.7887500000000004e-05,0.9760206482366149,0.9760206482366149,0.00625,5.788582458332869e-05,4.953647198227887e-06
Value 18,Value 23,22,"{""W_Nabellen incomplete dossiers"": 11, ""W_Afhandelen leads"": 5, ""W_Nabellen offertes"": 3, ""W_Completeren aanvraag"": 3}","{""W_Nabellen incomplete dossiers"": 11, ""W_Completeren aanvraag"": 7, ""W_Nabellen offertes"": 4}",W_Nabellen incomplete dossiers,W_Nabellen incomplete dossiers,2708.7231602871825,1210.756175964,1.769742378465751,0.8848711892328756,0.00686641697877653,7.099825971443671,0.6075759183618267
Value 28,Value 14,22,"{""W_Nabellen offertes"": 16, ""W_Completeren aanvraag"": 6}","{""W_Nabellen offertes"": 18, ""W_Completeren aanvraag"": 4}",W_Nabellen offertes,W_Nabellen offertes,6193.0439124028635,4785.3807160835,0.8453509366224364,0.8453509366224364,0.009189640768588136,8.473529813169892,0.7251322326364237
Value 43,Value 55,22,"{""W_Completeren aanvraag"": 12, ""W_Nabellen incomplete dossiers"": 4, ""W_Nabellen offertes"": 4, ""W_Afhandelen leads"": 2}","{""W_Completeren aanvraag"": 13, ""W_Nabellen incomplete dossiers"": 4, ""W_Nabellen offertes"": 4, ""W_Afhandelen leads"": 1}",W_Completeren aanvraag,W_Completeren aanvraag,626.9642039149546,134.435291358,1.6858157091530304,0.8429078545765152,0.006242905788876277,4.908493971700758,0.42005011737254794
Value 33,Value 20,22,"{""W_Completeren aanvraag"": 14, ""W_Afhandelen leads"": 6, ""W_Nabellen offertes"": 1, ""W_Nabellen incomplete dossiers"": 1}","{""W_Completeren aanvraag"": 12, ""W_Afhandelen leads"": 5, ""W_Nabellen offertes"": 4, ""W_Nabellen incomplete dossiers"": 1}",W_Completeren aanvraag,W_Completeren aanvraag,8971.167979906862,190.024088292,1.3315796225857792,0.6657898112928896,0.00494715538565325,5.252399536806628,0.44948023867261333
Value 55,Value 33,22,"{""W_Completeren aanvraag"": 16, ""W_Nabellen incomplete dossiers"": 6}","{""W_Completeren aanvraag"": 16, ""W_Nabellen incomplete dossiers"": 6}",W_Completeren aanvraag,W_Completeren aanvraag,1152.185127695591,1610.822712999,0.8453509366224364,0.8453509366224364,0.012702078521939953,7.3851209374892255,0.6319903690393955
Value 10,Value 5,22,"{""W_Nabellen offertes"": 13, ""W_Completeren aanvraag"": 5, ""W_Nabellen incomplete dossiers"": 4}","{""W_Nabellen offertes"": 17, ""W_Nabellen incomplete dossiers"": 4, ""A_CANCELLED"": 1}",W_Nabellen offertes,W_Nabellen offertes,14855.123129050544,6300.7189958505005,1.3814608545340696,0.8716047565197956,0.006221719457013574,8.74857773164527,0.7486697802232706
Value 11,Value 1,22,"{""W_Nabellen offertes"": 14, ""W_Completeren aanvraag"": 8}","{""A_CANCELLED"": 16, ""O_CANCELLED"": 6}",W_Nabellen offertes,A_CANCELLED,636.2236888343182,5.2142e-05,0.9456603046006401,0.9456603046006401,0.0061162079510703364,5.21406406531705e-05,4.461996358254737e-06
Value 39,Value 6,22,"{""W_Nabellen offertes"": 12, ""W_Nabellen incomplete dossiers"": 10}","{""W_Valideren aanvraag"": 22}",W_Nabellen offertes,W_Valideren aanvraag,8194.354582513182,2338.5346534054997,0.9940302114769565,0.9940302114769565,0.022587268993839837,7.757707322509243,0.663874885076571
Value 24,Value 41,21,"{""W_Nabellen offertes"": 8, ""W_Nabellen incomplete dossiers"": 6, ""W_Completeren aanvraag"": 6, ""W_Afhandelen leads"": 1}","{""W_Nabellen offertes"": 10, ""W_Nabellen incomplete dossiers"": 6, ""W_Completeren aanvraag"": 5}",W_Nabellen offertes,W_Nabellen offertes,6562.169113725238,1407.805274298,1.7723388509380997,0.8861694254690499,0.007969639468690701,7.2504973009981,0.6204697937600451
Value 24,Value 4,21,"{""W_Nabellen offertes"": 11, ""W_Nabellen incomplete dossiers"": 5, ""W_Completeren aanvraag"": 4, ""W_Afhandelen leads"": 1}","{""W_Nabellen offertes"": 14, ""W_Nabellen incomplete dossiers"": 5, ""W_Afhandelen leads"": 1, ""W_Completeren aanvraag"": 1}",W_Nabellen offertes,W_Nabellen offertes,3077.1788653563813,1408.547545762,1.6464417904241373,0.8232208952120686,0.007969639468690701,7.251024042345655,0.6205148702674507
Value 44,Value 46,21,"{""W_Nabellen incomplete dossiers"": 10, ""W_Nabellen offertes"": 8, ""W_Completeren aanvraag"": 3}","{""W_Nabellen offertes"": 11, ""W_Nabellen incomplete dossiers"": 10}",W_Nabellen incomplete dossiers,W_Nabellen offertes,3481.2801627523336,3772.539440033,1.4411665441579466,0.9092748525610023,0.008070714834742506,8.235768683514214,0.7047855456496834
Value 16,Value 20,21,"{""W_Nabellen offertes"": 17, ""W_Completeren aanvraag"": 3, ""W_Nabellen incomplete dossiers"": 1}","{""W_Nabellen offertes"": 17, ""W_Completeren aanvraag"": 3, ""W_Nabellen incomplete dossiers"": 1}",W_Nabellen offertes,W_Nabellen offertes,8835.287931054667,10993.981069365,0.8569957178540346,0.5407040970774404,0.005417956656346749,9.305194181237948,0.7963028844566414
Value 27,Value 4,21,"{""W_Nabellen incomplete dossiers"": 11, ""W_Completeren aanvraag"": 5, ""W_Nabellen offertes"": 3, ""W_Afhandelen leads"": 2}","{""W_Nabellen incomplete dossiers"": 11, ""W_Nabellen offertes"": 5, ""W_Completeren aanvraag"": 5}",W_Nabellen incomplete dossiers,W_Nabellen incomplete dossiers,2670.0908004570474,142.374621879,1.7057328617496865,0.8528664308748433,0.00796057619408643,4.965460938159222,0.42492513221115114
Value 24,Value 12,21,"{""W_Nabellen offertes"": 7, ""W_Completeren aanvraag"": 7, ""W_Nabellen incomplete dossiers"": 6, ""W_Afhandelen leads"": 1}","{""W_Nabellen offertes"": 8, ""W_Completeren aanvraag"": 7, ""W_Nabellen incomplete dossiers"": 6}",W_Nabellen offertes,W_Nabellen offertes,4542.380122023715,1457.651155577,1.7821867602485988,0.8910933801242994,0.007969639468690701,7.285267421631968,0.6234452875342084
Value 20,Value 28,21,"{""W_Completeren aanvraag"": 11, ""W_Nabellen offertes"": 9, ""W_Afhandelen leads"": 1}","{""W_Completeren aanvraag"": 12, ""W_Nabellen offertes"": 9}",W_Completeren aanvraag,W_Completeren aanvraag,1536.2192174535714,849.69049877,1.221694907636328,0.7708036670144929,0.004578155657292348,6.74604837119959,0.5773009860988837
Value 14,Value 55,21,"{""W_Completeren aanvraag"": 11, ""W_Nabellen offertes"": 9, ""W_Nabellen incomplete dossiers"": 1}","{""W_Completeren aanvraag"": 11, ""W_Nabellen offertes"": 9, ""W_Nabellen incomplete dossiers"": 1}",W_Completeren aanvraag,W_Completeren aanvraag,4658.313294072048,2629.136590508,1.221694907636328,0.7708036670144929,0.004132231404958678,7.8747910593775785,0.6738944629139906
Value 27,Value 33,21,"{""W_Completeren aanvraag"": 16, ""W_Nabellen incomplete dossiers"": 5}","{""W_Completeren aanvraag"": 16, ""W_Nabellen incomplete dossiers"": 4, ""W_Valideren aanvraag"": 1}",W_Completeren aanvraag,W_Completeren aanvraag,682.8778775746666,69.517876605,0.7918583525674836,0.7918583525674836,0.00796057619408643,4.25586624654032,0.36420073584438145
Value 32,Value 14,21,"{""W_Completeren aanvraag"": 11, ""W_Nabellen offertes"": 7, ""W_Nabellen incomplete dossiers"": 2, ""W_Afhandelen leads"": 1}","{""W_Completeren aanvraag"": 12, ""W_Nabellen offertes"": 7, ""W_Nabellen incomplete dossiers"": 2}",W_Completeren aanvraag,W_Completeren aanvraag,10373.74492430681,793.327014786,1.5492111247114508,0.7746055623557254,0.01248513674197384,6.67749523387025,0.5714344711255611
Value 16,Value 4,21,"{""W_Valideren aanvraag"": 13, ""W_Nabellen incomplete dossiers"": 5, ""W_Afhandelen leads"": 2, ""W_Nabellen offertes"": 1}","{""W_Nabellen incomplete dossiers"": 17, ""W_Afhandelen leads"": 2, ""W_Nabellen offertes"": 1, ""W_Valideren aanvraag"": 1}",W_Valideren aanvraag,W_Nabellen incomplete dossiers,884.927096087381,68.43918871,1.4534909080039504,0.7267454540019752,0.005417956656346749,4.240451386960111,0.3628815911916063
Value 55,Value 43,21,"{""W_Completeren aanvraag"": 10, ""W_Nabellen incomplete dossiers"": 5, ""W_Afhandelen leads"": 5, ""W_Nabellen offertes"": 1}","{""W_Completeren aanvraag"": 13, ""W_Nabellen incomplete dossiers"": 5, ""W_Nabellen offertes"": 2, ""W_Afhandelen leads"": 1}",W_Completeren aanvraag,W_Completeren aanvraag,1080.4182133416666,23.342647055,1.7047668562193676,0.8523834281096838,0.01212471131639723,3.192229834932942,0.273178804858371
Value 10,Value 15,21,"{""W_Nabellen offertes"": 16, ""W_Completeren aanvraag"": 5}","{""W_Nabellen offertes"": 18, ""W_Completeren aanvraag"": 3}",W_Nabellen offertes,W_Nabellen offertes,6544.444804931571,3158.170749423,0.7918583525674836,0.7918583525674836,0.005938914027149321,8.058064851073853,0.6895783321735178
Value 40,Value 12,21,"{""W_Nabellen offertes"": 18, ""W_Nabellen incomplete dossiers"": 2, ""W_Completeren aanvraag"": 1}","{""W_Nabellen offertes"": 18, ""W_Nabellen incomplete dossiers"": 2, ""W_Completeren aanvraag"": 1}",W_Nabellen offertes,W_Nabellen offertes,1974.1928773277143,1115.336419396,0.7228578977329688,0.45607255528384383,0.010479041916167664,7.017807548585695,0.6005570958173087
Value 32,Value 34,20,"{""W_Completeren aanvraag"": 12, ""W_Afhandelen leads"": 6, ""W_Nabellen offertes"": 2}","{""W_Completeren aanvraag"": 18, ""W_Nabellen offertes"": 2}",W_Completeren aanvraag,W_Completeren aanvraag,1508.26856823025,627.3662280345,1.295461844238322,0.8173454221465103,0.011890606420927468,6.443123162153216,0.5513778067390558
Value 34,Value 1,20,"{""W_Completeren aanvraag"": 17, ""W_Nabellen offertes"": 3}","{""A_CANCELLED"": 18, ""O_CANCELLED"": 2}",W_Completeren aanvraag,A_CANCELLED,344.02077844994994,4.54505e-05,0.6098403047164004,0.6098403047164004,0.007861635220125786,4.544946715732023e-05,3.889391353848849e-06
Value 20,Value 32,20,"{""W_Nabellen offertes"": 14, ""W_Completeren aanvraag"": 6}","{""W_Nabellen offertes"": 14, ""W_Completeren aanvraag"": 6}",W_Nabellen offertes,W_Nabellen offertes,7809.905556027801,7791.9474040275,0.8812908992306927,0.8812908992306927,0.004360148245040331,8.960974424690477,0.7668458758561775
Value 55,Value 41,20,"{""W_Nabellen incomplete dossiers"": 12, ""W_Nabellen offertes"": 5, ""W_Completeren aanvraag"": 3}","{""W_Nabellen incomplete dossiers"": 12, ""W_Nabellen offertes"": 8}",W_Nabellen incomplete dossiers,W_Nabellen incomplete dossiers,3284.2880605382,939.123346869,1.3527241956246545,0.8534739433956113,0.011547344110854504,6.846011086728853,0.5858554124938288
Value 55,Value 34,20,"{""W_Nabellen offertes"": 10, ""W_Completeren aanvraag"": 5, ""W_Nabellen incomplete dossiers"": 4, ""W_Afhandelen leads"": 1}","{""W_Nabellen offertes"": 11, ""W_Completeren aanvraag"": 5, ""W_Nabellen incomplete dossiers"": 4}",W_Nabellen offertes,W_Nabellen offertes,1655.2566038732998,1177.7195992319998,1.6804820237218405,0.8402410118609203,0.011547344110854504,7.072184042931731,0.6052104279725575
Value 23,Value 4,20,"{""W_Nabellen incomplete dossiers"": 13, ""W_Nabellen offertes"": 4, ""W_Completeren aanvraag"": 3}","{""W_Nabellen incomplete dossiers"": 13, ""W_Nabellen offertes"": 6, ""W_Completeren aanvraag"": 1}",W_Nabellen incomplete dossiers,W_Nabellen incomplete dossiers,2563.4621239140497,237.71409639299998,1.278897902987479,0.8068947387749439,0.015082956259426848,5.475266586452393,0.4685523473279164
Value 31,Value 1,20,"{""W_Nabellen offertes"": 11, ""W_Completeren aanvraag"": 9}","{""A_CANCELLED"": 15, ""O_CANCELLED"": 5}",W_Nabellen offertes,A_CANCELLED,2247.1847713789,5.508000000000001e-05,0.9927744539878083,0.9927744539878083,0.00864677907479464,5.5078483152498394e-05,4.713405669090084e-06
Value 2,Value 45,20,"{""W_Nabellen incomplete dossiers"": 12, ""W_Completeren aanvraag"": 4, ""W_Nabellen offertes"": 2, ""W_Afhandelen leads"": 2}","{""W_Nabellen incomplete dossiers"": 12, ""W_Completeren aanvraag"": 5, ""W_Nabellen offertes"": 3}",W_Nabellen incomplete dossiers,W_Nabellen incomplete dossiers,1376.4934883212502,993.150725478,1.5709505944546687,0.7854752972273343,0.0013017443374121322,6.901888830450844,0.5906372158217449
Value 19,Value 14,20,"{""W_Completeren aanvraag"": 10, ""W_Nabellen incomplete dossiers"": 9, ""W_Nabellen offertes"": 1}","{""W_Nabellen offertes"": 9, ""W_Nabellen incomplete dossiers"": 9, ""W_Completeren aanvraag"": 2}",W_Completeren aanvraag,W_Nabellen offertes,4216.4023023548,3046.6667394665,1.2344977967946407,0.7788813907161498,0.025284450063211124,8.022131573383389,0.6865032998726774
Value 2,Value 19,20,"{""W_Completeren aanvraag"": 16, ""W_Nabellen incomplete dossiers"": 3, ""W_Nabellen offertes"": 1}","{""W_Completeren aanvraag"": 16, ""W_Nabellen incomplete dossiers"": 3, ""W_Nabellen offertes"": 1}",W_Completeren aanvraag,W_Completeren aanvraag,5169.776475240202,957.099484439,0.8841837197791889,0.5578578164321782,0.0013017443374121322,6.86495161854897,0.5874762706755862
Value 43,Value 4,20,"{""W_Nabellen incomplete dossiers"": 15, ""W_Afhandelen leads"": 3, ""W_Nabellen offertes"": 2}","{""W_Nabellen incomplete dossiers"": 15, ""W_Nabellen offertes"": 2, ""W_Afhandelen leads"": 2, ""W_Completeren aanvraag"": 1}",W_Nabellen incomplete dossiers,W_Nabellen incomplete dossiers,988.9674609647502,213.456262746,1.0540157730728,0.6650099119652509,0.0056753688989784334,5.368105814294919,0.45938193881117073
Value 12,Value 21,20,"{""W_Nabellen offertes"": 14, ""W_Nabellen incomplete dossiers"": 4, ""W_Completeren aanvraag"": 2}","{""W_Nabellen offertes"": 16, ""W_Nabellen incomplete dossiers"": 4}",W_Nabellen offertes,W_Nabellen offertes,5270.5136355951,4552.795901486999,1.1567796494470395,0.7298466991620975,0.004628558204119417,8.423716428203237,0.7208693939077623
Value 33,Value 55,20,"{""W_Completeren aanvraag"": 11, ""W_Nabellen incomplete dossiers"": 7, ""W_Nabellen offertes"": 1, ""W_Afhandelen leads"": 1}","{""W_Completeren aanvraag"": 12, ""W_Nabellen incomplete dossiers"": 7, ""W_Nabellen offertes"": 1}",W_Completeren aanvraag,W_Completeren aanvraag,1043.08592355285,70.79190305099999,1.4366664819166872,0.7183332409583436,0.0044974139869575,4.273771698817628,0.3657330158826282
Value 16,Value 18,20,"{""W_Valideren aanvraag"": 13, ""W_Nabellen incomplete dossiers"": 7}","{""W_Nabellen incomplete dossiers"": 20}",W_Valideren aanvraag,W_Nabellen incomplete dossiers,513.1818304973,140.791903955,0.934068055375491,0.934068055375491,0.005159958720330237,4.954360517651413,0.423975200732357
Value 11,Value 46,20,"{""W_Nabellen offertes"": 17, ""W_Completeren aanvraag"": 2, ""W_Nabellen incomplete dossiers"": 1}","{""W_Nabellen offertes"": 19, ""W_Nabellen incomplete dossiers"": 1}",W_Nabellen offertes,W_Nabellen offertes,3923.5204074976004,2888.7185451745,0.747584679824574,0.4716734178155154,0.005560189046427579,7.968914387150865,0.6819491768662957
Value 12,Value 43,20,"{""W_Completeren aanvraag"": 13, ""W_Nabellen incomplete dossiers"": 5, ""W_Nabellen offertes"": 2}","{""W_Completeren aanvraag"": 12, ""W_Nabellen incomplete dossiers"": 5, ""W_Nabellen offertes"": 3}",W_Completeren aanvraag,W_Completeren aanvraag,3040.0048401194,1002.5194934075,1.236160254373812,0.7799302846668994,0.004628558204119417,6.911268593466257,0.5914399000214743
Value 16,Value 43,20,"{""W_Valideren aanvraag"": 18, ""W_Nabellen incomplete dossiers"": 2}","{""W_Nabellen incomplete dossiers"": 20}",W_Valideren aanvraag,W_Nabellen incomplete dossiers,30.096592095100004,29.8410267715,0.4689955935892812,0.4689955935892812,0.005159958720330237,3.4288458416396157,0.2934274966083017
Value 41,Value 18,20,"{""W_Nabellen incomplete dossiers"": 9, ""W_Nabellen offertes"": 5, ""W_Completeren aanvraag"": 5, ""W_Afhandelen leads"": 1}","{""W_Nabellen incomplete dossiers"": 9, ""W_Nabellen offertes"": 5, ""W_Completeren aanvraag"": 5, ""W_Afhandelen leads"": 1}",W_Nabellen incomplete dossiers,W_Nabellen incomplete dossiers,8143.805687953401,226.5649863145,1.7344977967946407,0.8672488983973203,0.005681818181818182,5.427435851729302,0.4644591762146823
Value 6,Value 8,20,"{""W_Valideren aanvraag"": 16, ""W_Nabellen incomplete dossiers"": 3, ""W_Beoordelen fraude"": 1}","{""W_Valideren aanvraag"": 11, ""W_Beoordelen fraude"": 6, ""W_Nabellen incomplete dossiers"": 3}",W_Valideren aanvraag,W_Valideren aanvraag,705.591353882,53.80388817,0.8841837197791889,0.5578578164321782,0.007527286413248024,4.003761143444295,0.34262654653983365
Value 33,Value 16,20,"{""W_Nabellen incomplete dossiers"": 13, ""W_Valideren aanvraag"": 7}","{""W_Valideren aanvraag"": 13, ""W_Nabellen incomplete dossiers"": 7}",W_Nabellen incomplete dossiers,W_Valideren aanvraag,946.6137076542502,61.788468444,0.934068055375491,0.934068055375491,0.0044974139869575,4.139771433110109,0.3542657862877851
Value 34,Value 13,20,"{""W_Completeren aanvraag"": 15, ""W_Nabellen offertes"": 5}","{""W_Completeren aanvraag"": 15, ""W_Nabellen offertes"": 5}",W_Completeren aanvraag,W_Completeren aanvraag,2531.7914847286993,306.18785307300004,0.8112781244591328,0.8112781244591328,0.007861635220125786,5.727459459713765,0.49013404766710506
Value 24,Value 15,19,"{""W_Nabellen offertes"": 14, ""W_Completeren aanvraag"": 2, ""W_Afhandelen leads"": 2, ""W_Nabellen incomplete dossiers"": 1}","{""W_Nabellen offertes"": 14, ""W_Completeren aanvraag"": 3, ""W_Afhandelen leads"": 1, ""W_Nabellen incomplete dossiers"": 1}",W_Nabellen offertes,W_Nabellen offertes,5043.149976472159,3101.30059418,1.2319817814011402,0.6159908907005701,0.007210626185958254,8.039899242387886,0.6880237889460683
Value 41,Value 34,19,"{""W_Nabellen offertes"": 8, ""W_Completeren aanvraag"": 8, ""W_Nabellen incomplete dossiers"": 3}","{""W_Nabellen offertes"": 8, ""W_Completeren aanvraag"": 8, ""W_Nabellen incomplete dossiers"": 3}",W_Nabellen offertes,W_Nabellen offertes,4326.874603457842,1067.106439717,1.4713544870139295,0.9283213239079567,0.005397727272727273,6.973642677210514,0.596777635251228
Value 28,Value 10,19,"{""W_Nabellen offertes"": 8, ""W_Completeren aanvraag"": 8, ""W_Afhandelen leads"": 3}","{""W_Completeren aanvraag"": 11, ""W_Nabellen offertes"": 8}",W_Nabellen offertes,W_Completeren aanvraag,517.3325511021052,125.282287673,1.4713544870139295,0.9283213239079567,0.007936507936507936,4.838519779403116,0.41406199395686627
Value 33,Value 41,19,"{""W_Completeren aanvraag"": 11, ""W_Nabellen offertes"": 4, ""W_Nabellen incomplete dossiers"": 3, ""W_Afhandelen leads"": 1}","{""W_Nabellen offertes"": 11, ""W_Nabellen incomplete dossiers"": 3, ""W_Completeren aanvraag"": 3, ""W_Valideren aanvraag"": 1, ""W_Afhandelen leads"": 1}",W_Completeren aanvraag,W_Nabellen offertes,11482.694576477474,4701.622276921,1.5737888130660205,0.7868944065330102,0.004272543287609625,8.45587556337216,0.7236214495444172
Value 15,Value 39,19,"{""W_Nabellen offertes"": 12, ""W_Nabellen incomplete dossiers"": 5, ""W_Completeren aanvraag"": 2}","{""W_Nabellen offertes"": 14, ""W_Nabellen incomplete dossiers"": 5}",W_Nabellen offertes,W_Nabellen offertes,4638.745942469474,2412.872419649,1.2674438038072338,0.7996680068017687,0.003113223005079469,7.7889875500740295,0.6665517271661775
Value 41,Value 16,19,"{""W_Nabellen offertes"": 7, ""W_Nabellen incomplete dossiers"": 7, ""W_Valideren aanvraag"": 5}","{""W_Valideren aanvraag"": 12, ""W_Nabellen offertes"": 7}",W_Nabellen offertes,W_Valideren aanvraag,1484.5973821702107,718.743515063,1.568316493272887,0.989497538622715,0.005397727272727273,6.578894919466284,0.5629966338017016
Value 32,Value 31,19,"{""W_Completeren aanvraag"": 13, ""W_Afhandelen leads"": 5, ""W_Nabellen offertes"": 1}","{""W_Completeren aanvraag"": 18, ""W_Nabellen offertes"": 1}",W_Completeren aanvraag,W_Completeren aanvraag,3285.090403489053,967.02524549,1.1050139971135322,0.6971862088918521,0.011296076099881093,6.875258166988151,0.5883582656228233
Value 16,Value 5,19,"{""W_Nabellen incomplete dossiers"": 14, ""W_Valideren aanvraag"": 4, ""W_Nabellen offertes"": 1}","{""W_Nabellen incomplete dossiers"": 17, ""W_Nabellen offertes"": 1, ""W_Valideren aanvraag"": 1}",W_Nabellen incomplete dossiers,W_Nabellen incomplete dossiers,2066.6640050770525,525.049924452,1.0214554656116668,0.6444666452025872,0.004901960784313725,6.265396121640562,0.536168607204937
Value 37,Value 2,19,"{""W_Afhandelen leads"": 14, ""W_Completeren aanvraag"": 4, ""W_Nabellen offertes"": 1}","{""W_Completeren aanvraag"": 16, ""W_Afhandelen leads"": 2, ""W_Nabellen offertes"": 1}",W_Afhandelen leads,W_Completeren aanvraag,3903.6299330851584,565.573610416,1.0214554656116668,0.6444666452025872,0.05,6.339607010978183,0.5425192909291726
Value 15,Value 24,19,"{""W_Nabellen offertes"": 9, ""W_Completeren aanvraag"": 6, ""W_Nabellen incomplete dossiers"": 4}","{""W_Nabellen offertes"": 12, ""W_Nabellen incomplete dossiers"": 4, ""W_Completeren aanvraag"": 3}",W_Nabellen offertes,W_Nabellen offertes,3878.073338635842,872.725035891,1.5090275125326515,0.9520903566147753,0.003113223005079469,6.772765721913531,0.5795873546608045
Value 43,Value 32,19,"{""W_Completeren aanvraag"": 12, ""W_Afhandelen leads"": 6, ""W_Nabellen incomplete dossiers"": 1}","{""W_Completeren aanvraag"": 16, ""W_Nabellen offertes"": 1, ""W_Nabellen incomplete dossiers"": 1, ""W_Afhandelen leads"": 1}",W_Completeren aanvraag,W_Completeren aanvraag,714.2987004307895,197.308769555,1.1674367232867007,0.7365705641335478,0.005391600454029512,5.289825258224161,0.45268298859240996
Value 15,Value 58,19,"{""W_Nabellen offertes"": 11, ""W_Completeren aanvraag"": 7, ""W_Afhandelen leads"": 1}","{""W_Nabellen offertes"": 16, ""W_Completeren aanvraag"": 3}",W_Nabellen offertes,W_Nabellen offertes,4864.674057182475,5893.442830878,1.2108100261060328,0.7639360713929293,0.003113223005079469,8.681765292962272,0.7429522275742214
Value 31,Value 11,19,"{""W_Completeren aanvraag"": 10, ""W_Nabellen offertes"": 7, ""W_Nabellen incomplete dossiers"": 2}","{""W_Nabellen offertes"": 12, ""W_Completeren aanvraag"": 5, ""W_Nabellen incomplete dossiers"": 2}",W_Completeren aanvraag,W_Nabellen offertes,3529.0328666625787,3436.258326572,1.3599924922184878,0.8580597279744429,0.008214440121054907,8.142429434506079,0.6967979301555265
Value 26,Value 33,19,"{""W_Valideren aanvraag"": 16, ""W_Nabellen incomplete dossiers"": 3}","{""W_Nabellen incomplete dossiers"": 18, ""W_Valideren aanvraag"": 1}",W_Valideren aanvraag,W_Nabellen incomplete dossiers,145.4322553912632,72.761974065,0.6292492238560345,0.6292492238560345,0.0055008685581933985,4.3008433422443275,0.3680497034581684
Value 19,Value 10,19,"{""W_Completeren aanvraag"": 19}","{""W_Completeren aanvraag"": 18, ""W_Nabellen offertes"": 1}",W_Completeren aanvraag,W_Completeren aanvraag,3810.8777401901575,926.012073468,0.0,0.0,0.02402022756005057,6.831966589718365,0.5846535382220651
Value 12,Value 23,19,"{""W_Nabellen incomplete dossiers"": 9, ""W_Completeren aanvraag"": 6, ""W_Nabellen offertes"": 4}","{""W_Nabellen incomplete dossiers"": 9, ""W_Completeren aanvraag"": 6, ""W_Nabellen offertes"": 4}",W_Nabellen incomplete dossiers,W_Nabellen incomplete dossiers,1854.641266897,343.714467113,1.5090275125326515,0.9520903566147753,0.004397130293913446,5.842716442798755,0.49999729891116856
Value 33,Value 31,19,"{""W_Nabellen incomplete dossiers"": 12, ""W_Completeren aanvraag"": 5, ""W_Nabellen offertes"": 2}","{""W_Nabellen incomplete dossiers"": 12, ""W_Nabellen offertes"": 4, ""W_Completeren aanvraag"": 3}",W_Nabellen incomplete dossiers,W_Nabellen incomplete dossiers,3140.149193299368,663.666450624,1.2674438038072338,0.7996680068017687,0.004272543287609625,6.499285336814504,0.5561839505775491
Value 18,Value 44,19,"{""W_Completeren aanvraag"": 8, ""W_Nabellen offertes"": 6, ""W_Nabellen incomplete dossiers"": 3, ""W_Afhandelen leads"": 2}","{""W_Nabellen offertes"": 8, ""W_Completeren aanvraag"": 8, ""W_Nabellen incomplete dossiers"": 3}",W_Completeren aanvraag,W_Nabellen offertes,2119.224307928473,661.923818801,1.8129452762598803,0.9064726381299402,0.005930087390761548,6.496660079814688,0.5559592911367383
Value 10,Value 1,19,"{""W_Nabellen offertes"": 11, ""W_Completeren aanvraag"": 8}","{""A_CANCELLED"": 14, ""O_CANCELLED"": 5}",W_Nabellen offertes,A_CANCELLED,1595.4165485268425,4.6033e-05,0.9819407868640977,0.9819407868640977,0.0053733031674208145,4.603194051396958e-05,3.939237193170959e-06
Value 28,Value 55,19,"{""W_Completeren aanvraag"": 14, ""W_Nabellen offertes"": 3, ""W_Nabellen incomplete dossiers"": 1, ""W_Afhandelen leads"": 1}","{""W_Completeren aanvraag"": 15, ""W_Nabellen offertes"": 3, ""W_Nabellen incomplete dossiers"": 1}",W_Completeren aanvraag,W_Completeren aanvraag,2094.1605585115262,26.372207448,1.192250860234642,0.596125430117321,0.007936507936507936,3.3095281719012224,0.2832167473505482
Value 18,Value 32,18,"{""W_Nabellen offertes"": 12, ""W_Completeren aanvraag"": 4, ""W_Afhandelen leads"": 2}","{""W_Nabellen offertes"": 13, ""W_Completeren aanvraag"": 4, ""W_Afhandelen leads"": 1}",W_Nabellen offertes,W_Nabellen offertes,4355.450461925222,2203.7209111255,1.224394445405986,0.7725068857142602,0.0056179775280898875,7.698356208952031,0.6587958440591772
Value 27,Value 10,18,"{""W_Completeren aanvraag"": 12, ""W_Nabellen offertes"": 6}","{""W_Completeren aanvraag"": 12, ""W_Nabellen offertes"": 6}",W_Completeren aanvraag,W_Completeren aanvraag,4382.947343518221,375.534861738,0.9182958340544896,0.9182958340544896,0.006823351023502654,5.931010637211001,0.507553177952684
Value 30,Value 12,18,"{""W_Nabellen incomplete dossiers"": 8, ""W_Nabellen offertes"": 5, ""W_Completeren aanvraag"": 5}","{""W_Nabellen incomplete dossiers"": 8, ""W_Nabellen offertes"": 6, ""W_Completeren aanvraag"": 4}",W_Nabellen incomplete dossiers,W_Nabellen incomplete dossiers,1893.5394544681112,201.54308037750002,1.5466316153937778,0.9758159039662214,0.012236573759347382,5.310952606525033,0.4544909861543337
Value 26,Value 22,18,"{""W_Valideren aanvraag"": 17, ""W_Nabellen incomplete dossiers"": 1}","{""W_Valideren aanvraag"": 17, ""W_Nabellen incomplete dossiers"": 1}",W_Valideren aanvraag,W_Valideren aanvraag,4013.054666218222,575.8547039875,0.3095434291503252,0.3095434291503252,0.0052113491603937466,6.357590421951301,0.5440582423740695
Value 27,Value 41,18,"{""W_Completeren aanvraag"": 10, ""W_Nabellen offertes"": 5, ""W_Nabellen incomplete dossiers"": 3}","{""W_Completeren aanvraag"": 8, ""W_Nabellen offertes"": 7, ""W_Nabellen incomplete dossiers"": 3}",W_Completeren aanvraag,W_Completeren aanvraag,4740.446496054723,1014.9074336855,1.4152689500270954,0.8929352898779307,0.006823351023502654,6.9235375154105245,0.5924898273785081
Value 11,Value 33,18,"{""W_Completeren aanvraag"": 8, ""W_Nabellen incomplete dossiers"": 4, ""W_Nabellen offertes"": 4, ""W_Afhandelen leads"": 2}","{""W_Completeren aanvraag"": 10, ""W_Nabellen incomplete dossiers"": 4, ""W_Nabellen offertes"": 4}",W_Completeren aanvraag,W_Completeren aanvraag,2453.356925556611,838.6602426750001,1.836591668108979,0.9182958340544894,0.0050041701417848205,6.732997337010137,0.5761841285709497
Value 55,Value 4,18,"{""W_Nabellen incomplete dossiers"": 7, ""W_Completeren aanvraag"": 5, ""W_Afhandelen leads"": 3, ""W_Nabellen offertes"": 3}","{""W_Nabellen incomplete dossiers"": 7, ""W_Nabellen offertes"": 5, ""W_Afhandelen leads"": 3, ""W_Completeren aanvraag"": 3}",W_Nabellen incomplete dossiers,W_Nabellen incomplete dossiers,3021.1690832476665,222.95594255150002,1.9048750051552579,0.9524375025776289,0.010392609699769052,5.411449347472055,0.4630911123995185
Value 15,Value 25,18,"{""W_Nabellen offertes"": 8, ""W_Completeren aanvraag"": 5, ""W_Nabellen incomplete dossiers"": 3, ""W_Afhandelen leads"": 2}","{""W_Nabellen offertes"": 9, ""W_Completeren aanvraag"": 6, ""W_Nabellen incomplete dossiers"": 3}",W_Nabellen offertes,W_Nabellen offertes,3096.809101920944,516.6525838595,1.8163401138534077,0.9081700569267038,0.0029493691627068656,6.249304329718065,0.5347915332745726
Value 4,Value 40,18,"{""W_Nabellen offertes"": 11, ""W_Completeren aanvraag"": 6, ""W_Nabellen incomplete dossiers"": 1}","{""W_Nabellen offertes"": 15, ""W_Completeren aanvraag"": 2, ""W_Nabellen incomplete dossiers"": 1}",W_Nabellen offertes,W_Nabellen offertes,10281.358385380334,3541.257680795,1.1941737342569119,0.7534397398762206,0.005164992826398852,8.172519565779906,0.6993729283619411
Value 4,Value 10,18,"{""W_Completeren aanvraag"": 8, ""W_Nabellen offertes"": 8, ""W_Afhandelen leads"": 2}","{""W_Completeren aanvraag"": 10, ""W_Nabellen offertes"": 8}",W_Completeren aanvraag,W_Completeren aanvraag,3432.3515589584445,2150.3725471395,1.3921472236645345,0.8783471047618534,0.005164992826398852,7.673861311453303,0.6566996645326891
Value 33,Value 27,18,"{""W_Completeren aanvraag"": 12, ""W_Nabellen incomplete dossiers"": 5, ""W_Nabellen offertes"": 1}","{""W_Completeren aanvraag"": 11, ""W_Nabellen incomplete dossiers"": 5, ""W_Nabellen offertes"": 2}",W_Completeren aanvraag,W_Completeren aanvraag,4164.590216839722,319.9158990085,1.134969974603941,0.7160863263878678,0.00404767258826175,5.771179091944588,0.493875406372223
Value 31,Value 12,18,"{""W_Nabellen offertes"": 11, ""W_Nabellen incomplete dossiers"": 6, ""W_Completeren aanvraag"": 1}","{""W_Nabellen offertes"": 11, ""W_Nabellen incomplete dossiers"": 6, ""W_Completeren aanvraag"": 1}",W_Nabellen offertes,W_Nabellen offertes,4536.269079086722,4053.3944247765,1.1941737342569119,0.7534397398762206,0.007782101167315175,8.30755661502142,0.7109288819213354
Value 44,Value 43,18,"{""W_Nabellen incomplete dossiers"": 8, ""W_Afhandelen leads"": 4, ""W_Completeren aanvraag"": 4, ""W_Nabellen offertes"": 2}","{""W_Nabellen incomplete dossiers"": 8, ""W_Afhandelen leads"": 4, ""W_Completeren aanvraag"": 4, ""W_Nabellen offertes"": 2}",W_Nabellen incomplete dossiers,W_Nabellen incomplete dossiers,1192.1267504733887,123.087580348,1.836591668108979,0.9182958340544894,0.006917755572636433,4.82098760942646,0.41256165798845146
Value 28,Value 20,18,"{""W_Nabellen offertes"": 9, ""W_Completeren aanvraag"": 6, ""W_Afhandelen leads"": 3}","{""W_Completeren aanvraag"": 9, ""W_Nabellen offertes"": 9}",W_Nabellen offertes,W_Completeren aanvraag,7797.256116376946,727.722410324,1.4591479170272448,0.9206198357143051,0.007518796992481203,6.591292878044434,0.5640576036197266
Value 12,Value 34,18,"{""W_Completeren aanvraag"": 13, ""W_Nabellen offertes"": 3, ""W_Afhandelen leads"": 1, ""W_Nabellen incomplete dossiers"": 1}","{""W_Completeren aanvraag"": 14, ""W_Nabellen offertes"": 3, ""W_Nabellen incomplete dossiers"": 1}",W_Completeren aanvraag,W_Completeren aanvraag,3828.968145526667,659.1751244095001,1.2332247882202196,0.6166123941101098,0.004165702383707475,6.492505139838429,0.5556037272846146
Value 10,Value 18,18,"{""W_Completeren aanvraag"": 10, ""W_Nabellen offertes"": 8}","{""W_Completeren aanvraag"": 9, ""W_Nabellen offertes"": 9}",W_Completeren aanvraag,W_Completeren aanvraag,5650.16853126711,2261.664123153,0.9910760598382222,0.9910760598382222,0.005090497737556561,7.724298213563248,0.6610158614707592
Value 21,Value 62,18,"{""W_Nabellen offertes"": 9, ""W_Nabellen incomplete dossiers"": 8, ""W_Valideren aanvraag"": 1}","{""W_Valideren aanvraag"": 18}",W_Nabellen offertes,W_Valideren aanvraag,2016.7230272002223,1706.5570470385,1.2516291673878228,0.7896900821428475,0.009077155824508321,7.442819000572652,0.636927948327481
Value 25,Value 11,18,"{""W_Nabellen offertes"": 11, ""W_Completeren aanvraag"": 7}","{""W_Nabellen offertes"": 16, ""W_Completeren aanvraag"": 2}",W_Nabellen offertes,W_Nabellen offertes,22051.076845488948,9304.1995429615,0.964078764808229,0.964078764808229,0.011327879169288861,9.138328613549426,0.7820231681735809
Value 33,Value 23,18,"{""W_Nabellen incomplete dossiers"": 13, ""W_Completeren aanvraag"": 4, ""W_Nabellen offertes"": 1}","{""W_Nabellen incomplete dossiers"": 13, ""W_Nabellen offertes"": 4, ""W_Completeren aanvraag"": 1}",W_Nabellen incomplete dossiers,W_Nabellen incomplete dossiers,4005.476797894055,489.89240534600003,1.0529407605626346,0.6643316545871261,0.00404767258826175,6.1962249700663525,0.5302492049391798
Value 24,Value 46,18,"{""W_Nabellen offertes"": 13, ""W_Nabellen incomplete dossiers"": 4, ""W_Completeren aanvraag"": 1}","{""W_Nabellen offertes"": 14, ""W_Nabellen incomplete dossiers"": 4}",W_Nabellen offertes,W_Nabellen offertes,5252.405776836833,3389.3801445054996,1.0529407605626346,0.6643316545871261,0.00683111954459203,8.128697331109882,0.6956227893329849
Value 31,Value 46,18,"{""W_Nabellen offertes"": 12, ""W_Nabellen incomplete dossiers"": 3, ""W_Completeren aanvraag"": 3}","{""W_Nabellen offertes"": 15, ""W_Nabellen incomplete dossiers"": 3}",W_Nabellen offertes,W_Nabellen offertes,3723.746069563166,3772.1389666925,1.2516291673878228,0.7896900821428475,0.007782101167315175,8.235662551168488,0.7047764632499623
Value 24,Value 13,18,"{""W_Completeren aanvraag"": 13, ""W_Nabellen offertes"": 4, ""W_Afhandelen leads"": 1}","{""W_Completeren aanvraag"": 11, ""W_Nabellen offertes"": 7}",W_Completeren aanvraag,W_Completeren aanvraag,5392.677419711222,1682.257681426,1.0529407605626346,0.6643316545871261,0.00683111954459203,7.4284862908642575,0.6357014099167204
Value 13,Value 5,18,"{""W_Nabellen offertes"": 12, ""W_Completeren aanvraag"": 5, ""W_Nabellen incomplete dossiers"": 1}","{""W_Nabellen offertes"": 16, ""W_Nabellen incomplete dossiers"": 1, ""W_Completeren aanvraag"": 1}",W_Nabellen offertes,W_Nabellen offertes,8167.8007832946105,8037.342535125,1.134969974603941,0.7160863263878678,0.006243496357960458,8.991978188573059,0.7694990592425588
Value 41,Value 21,17,"{""W_Nabellen offertes"": 12, ""W_Nabellen incomplete dossiers"": 4, ""W_Completeren aanvraag"": 1}","{""W_Nabellen offertes"": 13, ""W_Nabellen incomplete dossiers"": 4}",W_Nabellen offertes,W_Nabellen offertes,7547.929303464588,3130.140033754,1.086312840741288,0.6853870929104108,0.004829545454545454,8.049152445255691,0.6888156426130183
Value 58,Value 46,17,"{""W_Nabellen offertes"": 10, ""W_Nabellen incomplete dossiers"": 5, ""W_Completeren aanvraag"": 2}","{""W_Nabellen offertes"": 12, ""W_Nabellen incomplete dossiers"": 5}",W_Nabellen offertes,W_Nabellen offertes,3334.4347755178824,2325.576353377,1.3328204045850196,0.8409160494198367,0.015084294587400177,7.752153089734781,0.6633995751052686
Value 43,Value 19,17,"{""W_Completeren aanvraag"": 17}","{""W_Completeren aanvraag"": 17}",W_Completeren aanvraag,W_Completeren aanvraag,262.44346189441177,250.265143722,0.0,0.0,0.004824063564131668,5.526508731077308,0.47293745383679914
Value 41,Value 40,17,"{""W_Nabellen offertes"": 15, ""W_Completeren aanvraag"": 1, ""W_Nabellen incomplete dossiers"": 1}","{""W_Nabellen offertes"": 16, ""W_Nabellen incomplete dossiers"": 1}",W_Nabellen offertes,W_Nabellen offertes,9102.528025448059,3209.736528472,0.6402064333604701,0.4039252872349831,0.004829545454545454,8.074255637926985,0.6909638777109519
Value 41,Value 25,17,"{""W_Nabellen offertes"": 9, ""W_Completeren aanvraag"": 6, ""W_Nabellen incomplete dossiers"": 2}","{""W_Nabellen offertes"": 11, ""W_Completeren aanvraag"": 4, ""W_Nabellen incomplete dossiers"": 2}",W_Nabellen offertes,W_Nabellen offertes,4774.649691648059,4651.445438517,1.3792804872910605,0.8702290979524686,0.004829545454545454,8.445148261100407,0.7227034480954351
Value 28,Value 46,17,"{""W_Nabellen offertes"": 10, ""W_Completeren aanvraag"": 7}","{""W_Nabellen offertes"": 17}",W_Nabellen offertes,W_Nabellen offertes,5036.265516296294,4951.556633863,0.9774178175281716,0.9774178175281716,0.007101086048454469,8.507659213916307,0.7280528960562097
Value 4,Value 19,17,"{""W_Completeren aanvraag"": 15, ""W_Nabellen incomplete dossiers"": 2}","{""W_Completeren aanvraag"": 15, ""W_Nabellen incomplete dossiers"": 2}",W_Completeren aanvraag,W_Completeren aanvraag,7779.854802319118,2908.564068249,0.5225593745369408,0.5225593745369408,0.004878048780487805,7.97575854421826,0.6825348736189149
Value 44,Value 16,17,"{""W_Nabellen incomplete dossiers"": 16, ""W_Valideren aanvraag"": 1}","{""W_Valideren aanvraag"": 14, ""W_Nabellen incomplete dossiers"": 3}",W_Nabellen incomplete dossiers,W_Valideren aanvraag,588.0581523557058,415.167987793,0.3227569588973982,0.3227569588973982,0.0065334358186010764,6.031088995559295,0.5161175006172358
Value 13,Value 31,17,"{""W_Nabellen offertes"": 11, ""W_Completeren aanvraag"": 6}","{""W_Nabellen offertes"": 15, ""W_Completeren aanvraag"": 2}",W_Nabellen offertes,W_Nabellen offertes,8580.548553141469,2603.511101325,0.9366673818775626,0.9366673818775626,0.005896635449184877,7.8650002595393795,0.6730566037570033
Value 43,Value 27,17,"{""W_Nabellen incomplete dossiers"": 6, ""W_Afhandelen leads"": 6, ""W_Completeren aanvraag"": 5}","{""W_Completeren aanvraag"": 8, ""W_Nabellen incomplete dossiers"": 6, ""W_Afhandelen leads"": 3}",W_Nabellen incomplete dossiers,W_Completeren aanvraag,499.49110043964697,73.748865122,1.5798634010685344,0.9967828263127351,0.004824063564131668,4.314134029841162,0.36918706960697056
Value 27,Value 32,17,"{""W_Completeren aanvraag"": 12, ""W_Nabellen incomplete dossiers"": 3, ""W_Nabellen offertes"": 2}","{""W_Completeren aanvraag"": 12, ""W_Nabellen incomplete dossiers"": 3, ""W_Nabellen offertes"": 2}",W_Completeren aanvraag,W_Completeren aanvraag,2244.6636754111764,392.634491849,1.1595547523787308,0.7315975941709251,0.006444275966641395,5.975422793068845,0.5113538001778328
Value 34,Value 5,17,"{""W_Completeren aanvraag"": 8, ""W_Nabellen offertes"": 7, ""W_Nabellen incomplete dossiers"": 2}","{""W_Nabellen offertes"": 14, ""W_Nabellen incomplete dossiers"": 2, ""W_Completeren aanvraag"": 1}",W_Completeren aanvraag,W_Nabellen offertes,14881.12832714788,9057.972057863,1.402081402756032,0.8846148739279867,0.0066823899371069185,9.111510933203,0.7797282137859172
Value 6,Value 33,17,"{""W_Valideren aanvraag"": 17}","{""W_Nabellen incomplete dossiers"": 17}",W_Valideren aanvraag,W_Nabellen incomplete dossiers,223.63778078076473,88.375504542,0.0,0.0,0.00639819345126082,4.492846646223413,0.38448061094981734
Value 26,Value 31,17,"{""W_Valideren aanvraag"": 13, ""W_Nabellen incomplete dossiers"": 4}","{""W_Nabellen incomplete dossiers"": 17}",W_Valideren aanvraag,W_Nabellen incomplete dossiers,108.14616337970587,50.58804475,0.7871265862012691,0.7871265862012691,0.004921829762594094,3.943289954751563,0.3374516537815895
Value 13,Value 9,17,"{""W_Completeren aanvraag"": 12, ""W_Afhandelen leads"": 3, ""W_Nabellen offertes"": 2}","{""W_Completeren aanvraag"": 13, ""W_Nabellen offertes"": 4}",W_Completeren aanvraag,W_Completeren aanvraag,2889.0583160276474,98.740122992,1.1595547523787308,0.7315975941709251,0.005896635449184877,4.602568033243344,0.3938701470808012
Value 28,Value 13,17,"{""W_Nabellen offertes"": 11, ""W_Completeren aanvraag"": 5, ""W_Nabellen incomplete dossiers"": 1}","{""W_Nabellen offertes"": 13, ""W_Completeren aanvraag"": 3, ""W_Nabellen incomplete dossiers"": 1}",W_Nabellen offertes,W_Nabellen offertes,2977.381230263765,928.932227062,1.1660870601063933,0.735719021475792,0.007101086048454469,6.835111709364972,0.5849226855174116
Value 22,Value 26,17,"{""W_Valideren aanvraag"": 17}","{""W_Valideren aanvraag"": 17}",W_Valideren aanvraag,W_Valideren aanvraag,1242.197184327471,39.775370587,0.0,0.0,0.0038866026520347507,3.7080782370494676,0.31732313570704657
Value 10,Value 27,17,"{""W_Completeren aanvraag"": 15, ""W_Nabellen offertes"": 2}","{""W_Completeren aanvraag"": 14, ""W_Nabellen offertes"": 3}",W_Completeren aanvraag,W_Completeren aanvraag,1795.6482274292941,649.418874218,0.5225593745369408,0.5225593745369408,0.004807692307692308,6.477616577212915,0.5543296211098059
Value 22,Value 18,17,"{""W_Valideren aanvraag"": 15, ""W_Nabellen incomplete dossiers"": 2}","{""W_Nabellen incomplete dossiers"": 17}",W_Valideren aanvraag,W_Nabellen incomplete dossiers,353.0350784823529,280.678709105,0.5225593745369408,0.5225593745369408,0.0038866026520347507,5.640767091994063,0.4827152468198571
Value 43,Value 40,17,"{""W_Nabellen incomplete dossiers"": 9, ""W_Nabellen offertes"": 6, ""W_Completeren aanvraag"": 2}","{""W_Nabellen incomplete dossiers"": 9, ""W_Nabellen offertes"": 7, ""W_Completeren aanvraag"": 1}",W_Nabellen incomplete dossiers,W_Nabellen incomplete dossiers,2618.885323932412,494.9355467,1.3792804872910605,0.8702290979524686,0.004824063564131668,6.206445972111838,0.5311238791536381
Value 11,Value 27,17,"{""W_Completeren aanvraag"": 9, ""W_Nabellen offertes"": 7, ""W_Afhandelen leads"": 1}","{""W_Completeren aanvraag"": 10, ""W_Nabellen offertes"": 7}",W_Completeren aanvraag,W_Completeren aanvraag,5494.052014970295,2323.868325532,1.2532975784630431,0.7907427323313921,0.004726160689463442,7.7514186822378965,0.663336727324046
Value 33,Value 46,17,"{""W_Completeren aanvraag"": 6, ""W_Nabellen incomplete dossiers"": 6, ""W_Nabellen offertes"": 5}","{""W_Nabellen offertes"": 11, ""W_Nabellen incomplete dossiers"": 6}",W_Completeren aanvraag,W_Nabellen offertes,5600.870158503235,7522.154019933,1.5798634010685344,0.9967828263127351,0.0038228018889138746,8.925740746557215,0.7638307126063762
Value 27,Value 46,16,"{""W_Nabellen offertes"": 8, ""W_Nabellen incomplete dossiers"": 5, ""W_Completeren aanvraag"": 3}","{""W_Nabellen offertes"": 11, ""W_Nabellen incomplete dossiers"": 5}",W_Nabellen offertes,W_Nabellen offertes,3951.188990578812,2698.3521882805,1.4772170014624826,0.9320201587042914,0.006065200909780136,7.900767092938068,0.6761173923927399
Value 10,Value 40,16,"{""W_Nabellen offertes"": 11, ""W_Completeren aanvraag"": 5}","{""W_Nabellen offertes"": 15, ""W_Completeren aanvraag"": 1}",W_Nabellen offertes,W_Nabellen offertes,5485.023564096249,568.9332617499999,0.8960382325345574,0.8960382325345574,0.004524886877828055,6.34551926932453,0.5430252393578837
Value 31,Value 19,16,"{""W_Completeren aanvraag"": 13, ""W_Nabellen incomplete dossiers"": 3}","{""W_Completeren aanvraag"": 13, ""W_Nabellen incomplete dossiers"": 3}",W_Completeren aanvraag,W_Completeren aanvraag,1726.249170323375,1966.2608037589998,0.6962122601251458,0.6962122601251458,0.006917423259835711,7.584397399207866,0.6490436855183598
Value 25,Value 10,16,"{""W_Nabellen offertes"": 9, ""W_Completeren aanvraag"": 4, ""W_Afhandelen leads"": 3}","{""W_Nabellen offertes"": 9, ""W_Completeren aanvraag"": 7}",W_Nabellen offertes,W_Nabellen offertes,2017.5782139611877,806.6337684590001,1.4197367178034825,0.8957541375001011,0.010069225928256766,6.694108698911482,0.5728561878437171
Value 15,Value 43,16,"{""W_Completeren aanvraag"": 10, ""W_Nabellen incomplete dossiers"": 5, ""W_Nabellen offertes"": 1}","{""W_Completeren aanvraag"": 10, ""W_Nabellen incomplete dossiers"": 5, ""W_Nabellen offertes"": 1}",W_Completeren aanvraag,W_Completeren aanvraag,955.5239551361251,241.5888169155,1.198192411043098,0.7559752426306122,0.002621661477961658,5.4913678986440795,0.4699302359664608
Value 30,Value 46,16,"{""W_Nabellen incomplete dossiers"": 8, ""W_Nabellen offertes"": 7, ""A_CANCELLED"": 1}","{""W_Nabellen incomplete dossiers"": 8, ""W_Nabellen offertes"": 7, ""W_Valideren aanvraag"": 1}",W_Nabellen incomplete dossiers,W_Nabellen incomplete dossiers,2314.6779623545,206.960586944,1.271782221599798,0.8024052436705214,0.010876954452753228,5.337348575900453,0.45674985213201064
Value 31,Value 21,16,"{""W_Nabellen offertes"": 9, ""W_Nabellen incomplete dossiers"": 7}","{""W_Nabellen offertes"": 9, ""W_Nabellen incomplete dossiers"": 7}",W_Nabellen offertes,W_Nabellen offertes,2910.1630559090627,794.0167704245,0.9886994082884974,0.9886994082884974,0.006917423259835711,6.678363209305423,0.5715087491394536
Value 15,Value 55,16,"{""W_Completeren aanvraag"": 7, ""W_Nabellen offertes"": 5, ""W_Nabellen incomplete dossiers"": 4}","{""W_Completeren aanvraag"": 7, ""W_Nabellen offertes"": 5, ""W_Nabellen incomplete dossiers"": 4}",W_Completeren aanvraag,W_Completeren aanvraag,143.290962137,43.969010976,1.5461796919474975,0.9755307720176266,0.002621661477961658,3.8059736075676738,0.32570064663269477
Value 32,Value 10,16,"{""W_Completeren aanvraag"": 13, ""W_Nabellen offertes"": 2, ""W_Afhandelen leads"": 1}","{""W_Completeren aanvraag"": 14, ""W_Nabellen offertes"": 2}",W_Completeren aanvraag,W_Completeren aanvraag,3317.75324178875,207.7202285395,0.8683927290103626,0.5478948105177535,0.009512485136741973,5.340994735785233,0.45706187653224234
Value 15,Value 44,16,"{""W_Completeren aanvraag"": 7, ""W_Nabellen incomplete dossiers"": 5, ""W_Nabellen offertes"": 3, ""W_Afhandelen leads"": 1}","{""W_Completeren aanvraag"": 7, ""W_Nabellen incomplete dossiers"": 5, ""W_Nabellen offertes"": 4}",W_Completeren aanvraag,W_Completeren aanvraag,1568.0310441249376,371.956284623,1.7489992230622806,0.8744996115311403,0.002621661477961658,5.921461213373284,0.5067359748294858
Value 16,Value 12,16,"{""W_Valideren aanvraag"": 14, ""W_Nabellen incomplete dossiers"": 2}","{""W_Nabellen incomplete dossiers"": 16}",W_Valideren aanvraag,W_Nabellen incomplete dossiers,194.37207770275,169.78463159350002,0.5435644431995964,0.5435644431995964,0.0041279669762641896,5.140403298345348,0.43989602946665923
Value 17,Value 17,16,"{""O_SELECTED"": 4, ""O_CREATED"": 4, ""A_ACCEPTED"": 3, ""A_FINALIZED"": 3, ""O_DECLINED"": 1, ""O_CANCELLED"": 1}","{""O_SELECTED"": 4, ""O_CREATED"": 4, ""O_SENT"": 4, ""A_FINALIZED"": 3, ""A_DECLINED"": 1}",O_SELECTED,O_SELECTED,58.387574124124995,0.04316179,2.4056390622295662,0.9306282244165778,0.41025641025641024,0.04225628383539238,0.003616130953224764
Value 58,Value 21,16,"{""W_Nabellen offertes"": 15, ""W_Nabellen incomplete dossiers"": 1}","{""W_Nabellen offertes"": 15, ""W_Nabellen incomplete dossiers"": 1}",W_Nabellen offertes,W_Nabellen offertes,4669.442392612437,4293.506196496501,0.3372900666170139,0.3372900666170139,0.01419698314108252,8.365091856096495,0.7158525275254612
Value 44,Value 55,16,"{""W_Nabellen incomplete dossiers"": 13, ""W_Nabellen offertes"": 2, ""W_Afhandelen leads"": 1}","{""W_Nabellen incomplete dossiers"": 13, ""W_Nabellen offertes"": 2, ""W_Completeren aanvraag"": 1}",W_Nabellen incomplete dossiers,W_Nabellen incomplete dossiers,1175.869205852625,597.573519258,0.8683927290103626,0.5478948105177535,0.006149116064565719,6.394549356648565,0.5472210464738719
Value 55,Value 31,16,"{""W_Nabellen incomplete dossiers"": 6, ""W_Nabellen offertes"": 4, ""W_Afhandelen leads"": 4, ""W_Completeren aanvraag"": 2}","{""W_Nabellen incomplete dossiers"": 6, ""W_Nabellen offertes"": 6, ""W_Completeren aanvraag"": 4}",W_Nabellen incomplete dossiers,W_Nabellen incomplete dossiers,3887.193370610813,1097.8498609624999,1.9056390622295665,0.9528195311147832,0.009237875288683603,7.002019330842203,0.599206000602668
Value 33,Value 44,16,"{""W_Completeren aanvraag"": 10, ""W_Nabellen incomplete dossiers"": 4, ""W_Afhandelen leads"": 2}","{""W_Completeren aanvraag"": 8, ""W_Nabellen incomplete dossiers"": 4, ""W_Afhandelen leads"": 2, ""W_Nabellen offertes"": 2}",W_Completeren aanvraag,W_Completeren aanvraag,1181.6529583345,58.306231888,1.2987949406953985,0.8194483718728035,0.0035979311895659996,4.082714391342056,0.34938306314912415
Value 8,Value 44,16,"{""W_Nabellen incomplete dossiers"": 9, ""W_Valideren aanvraag"": 6, ""W_Completeren aanvraag"": 1}","{""W_Nabellen incomplete dossiers"": 15, ""W_Completeren aanvraag"": 1}",W_Nabellen incomplete dossiers,W_Nabellen incomplete dossiers,799.2109941952501,193.856294516,1.2475562489182659,0.7871203566965334,0.005749191519942508,5.2722623356817255,0.45118002093718057
Value 8,Value 15,16,"{""W_Valideren aanvraag"": 14, ""W_Nabellen incomplete dossiers"": 2}","{""W_Nabellen incomplete dossiers"": 16}",W_Valideren aanvraag,W_Nabellen incomplete dossiers,94.999196194375,19.467166281,0.5435644431995964,0.5435644431995964,0.005749191519942508,3.018821957310819,0.25833922274449933
Value 15,Value 19,16,"{""W_Completeren aanvraag"": 15, ""W_Afhandelen leads"": 1}","{""W_Completeren aanvraag"": 16}",W_Completeren aanvraag,W_Completeren aanvraag,923.3566071633126,232.73543922,0.3372900666170139,0.3372900666170139,0.002621661477961658,5.45418987412161,0.46674868299840616
Value 33,Value 32,16,"{""W_Completeren aanvraag"": 13, ""W_Nabellen offertes"": 1, ""W_Nabellen incomplete dossiers"": 1, ""W_Afhandelen leads"": 1}","{""W_Completeren aanvraag"": 11, ""W_Nabellen offertes"": 3, ""W_Nabellen incomplete dossiers"": 1, ""W_Afhandelen leads"": 1}",W_Completeren aanvraag,W_Completeren aanvraag,4470.989064869,124.9227872225,0.9933927290103626,0.4966963645051813,0.0035979311895659996,4.835668919291496,0.41381802826567815
Value 31,Value 55,15,"{""W_Completeren aanvraag"": 9, ""W_Nabellen incomplete dossiers"": 4, ""W_Nabellen offertes"": 2}","{""W_Completeren aanvraag"": 9, ""W_Nabellen incomplete dossiers"": 4, ""W_Nabellen offertes"": 2}",W_Completeren aanvraag,W_Completeren aanvraag,3020.2092905363334,50.583606313,1.3382689280764646,0.8443536850036224,0.00648508430609598,3.943203914895517,0.33744429082019256
Value 25,Value 20,15,"{""W_Nabellen offertes"": 9, ""W_Completeren aanvraag"": 4, ""W_Afhandelen leads"": 2}","{""W_Nabellen offertes"": 9, ""W_Completeren aanvraag"": 6}",W_Nabellen offertes,W_Nabellen offertes,2976.448869272467,1512.735443004,1.3382689280764646,0.8443536850036224,0.009439899307740718,7.322335678308429,0.6266174469903497
Value 44,Value 41,15,"{""W_Nabellen offertes"": 6, ""W_Nabellen incomplete dossiers"": 5, ""W_Completeren aanvraag"": 4}","{""W_Nabellen offertes"": 7, ""W_Nabellen incomplete dossiers"": 5, ""W_Completeren aanvraag"": 3}",W_Nabellen offertes,W_Nabellen offertes,4526.501740280134,559.350518449,1.5655962303576019,0.9877812438119246,0.005764796310530361,6.32856251372113,0.5415741451480242
Value 40,Value 4,15,"{""W_Nabellen offertes"": 9, ""W_Nabellen incomplete dossiers"": 3, ""W_Afhandelen leads"": 2, ""W_Completeren aanvraag"": 1}","{""W_Nabellen offertes"": 9, ""W_Completeren aanvraag"": 3, ""W_Nabellen incomplete dossiers"": 3}",W_Nabellen offertes,W_Nabellen offertes,1130.1060934107331,450.001128821,1.5546097612655667,0.7773048806327834,0.0074850299401197605,6.111469842428592,0.5229961856796225
Value 27,Value 21,15,"{""W_Nabellen incomplete dossiers"": 9, ""W_Nabellen offertes"": 6}","{""W_Nabellen incomplete dossiers"": 9, ""W_Nabellen offertes"": 6}",W_Nabellen incomplete dossiers,W_Nabellen incomplete dossiers,2558.6028751351996,1162.041897488,0.9709505944546686,0.9709505944546686,0.005686125852918878,7.058794177224883,0.6040645745408957
Value 40,Value 21,15,"{""W_Nabellen offertes"": 14, ""W_Completeren aanvraag"": 1}","{""W_Nabellen offertes"": 15}",W_Nabellen offertes,W_Nabellen offertes,3965.0285255364,2822.785202091,0.35335933502142136,0.35335933502142136,0.0074850299401197605,7.945833534137797,0.6799740058519085
Value 28,Value 41,15,"{""W_Nabellen offertes"": 8, ""W_Completeren aanvraag"": 6, ""W_Nabellen incomplete dossiers"": 1}","{""W_Nabellen offertes"": 10, ""W_Completeren aanvraag"": 4, ""W_Nabellen incomplete dossiers"": 1}",W_Nabellen offertes,W_Nabellen offertes,3793.4838721180004,1201.196597216,1.272905595320056,0.8031140135750123,0.006265664160401002,7.091905660136907,0.6068981284504579
Value 24,Value 31,15,"{""W_Nabellen offertes"": 6, ""W_Completeren aanvraag"": 6, ""W_Nabellen incomplete dossiers"": 3}","{""W_Nabellen offertes"": 7, ""W_Completeren aanvraag"": 5, ""W_Nabellen incomplete dossiers"": 3}",W_Nabellen offertes,W_Nabellen offertes,4918.631529541864,2190.122359765,1.5219280948873621,0.9602297178607612,0.0056925996204933585,7.692169184574217,0.65826638220569
Value 5,Value 27,15,"{""W_Nabellen incomplete dossiers"": 14, ""W_Nabellen offertes"": 1}","{""W_Nabellen incomplete dossiers"": 14, ""W_Nabellen offertes"": 1}",W_Nabellen incomplete dossiers,W_Nabellen incomplete dossiers,7585.017244888201,6718.845455498,0.35335933502142136,0.35335933502142136,0.0040650406504065045,8.812820435558994,0.7541674248113802
Value 4,Value 28,15,"{""W_Nabellen offertes"": 7, ""W_Afhandelen leads"": 4, ""W_Nabellen incomplete dossiers"": 3, ""W_Completeren aanvraag"": 1}","{""W_Nabellen offertes"": 7, ""W_Completeren aanvraag"": 5, ""W_Nabellen incomplete dossiers"": 3}",W_Nabellen offertes,W_Nabellen offertes,3010.1889502604004,1035.053304508,1.7464657985040721,0.8732328992520361,0.00430416068866571,6.943173873723607,0.594170231726916
Value 28,Value 34,15,"{""W_Nabellen offertes"": 6, ""W_Afhandelen leads"": 5, ""W_Completeren aanvraag"": 4}","{""W_Completeren aanvraag"": 8, ""W_Nabellen offertes"": 7}",W_Nabellen offertes,W_Completeren aanvraag,1780.5352784642666,979.335858477,1.5655962303576019,0.9877812438119246,0.006265664160401002,6.887895225683656,0.5894396967132748
Value 18,Value 28,15,"{""W_Nabellen offertes"": 6, ""W_Completeren aanvraag"": 5, ""W_Nabellen incomplete dossiers"": 3, ""W_Afhandelen leads"": 1}","{""W_Nabellen offertes"": 8, ""W_Completeren aanvraag"": 4, ""W_Nabellen incomplete dossiers"": 3}",W_Nabellen offertes,W_Nabellen offertes,537.5417981106667,72.469197625,1.781937063546704,0.890968531773352,0.0046816479400749065,4.296866238448282,0.36770935814533656
Value 11,Value 25,15,"{""W_Nabellen offertes"": 9, ""W_Completeren aanvraag"": 4, ""W_Afhandelen leads"": 2}","{""W_Nabellen offertes"": 9, ""W_Completeren aanvraag"": 6}",W_Nabellen offertes,W_Nabellen offertes,4937.0279376822,5192.867202011,1.3382689280764646,0.8443536850036224,0.004170141784820684,8.55523382431998,0.7321241490309978
Value 58,Value 11,15,"{""W_Nabellen offertes"": 10, ""W_Completeren aanvraag"": 3, ""W_Nabellen incomplete dossiers"": 1, ""W_Afhandelen leads"": 1}","{""W_Nabellen offertes"": 11, ""W_Completeren aanvraag"": 3, ""W_Nabellen incomplete dossiers"": 1}",W_Nabellen offertes,W_Nabellen offertes,1467.9099920109334,467.686069585,1.3752793655393791,0.6876396827696896,0.013309671694764862,6.149933183098023,0.5262877310815081
Value 22,Value 23,15,"{""W_Valideren aanvraag"": 11, ""W_Nabellen incomplete dossiers"": 4}","{""W_Nabellen incomplete dossiers"": 15}",W_Valideren aanvraag,W_Nabellen incomplete dossiers,471.75267873393335,102.797752139,0.8366407419411672,0.8366407419411672,0.003429355281207133,4.642444314803659,0.3972826065533729
Value 58,Value 20,15,"{""W_Nabellen offertes"": 11, ""W_Completeren aanvraag"": 3, ""W_Afhandelen leads"": 1}","{""W_Nabellen offertes"": 11, ""W_Completeren aanvraag"": 3, ""W_Afhandelen leads"": 1}",W_Nabellen offertes,W_Nabellen offertes,845.7738848028667,209.755365601,1.0529815751302694,0.664357405712226,0.013309671694764862,5.35069805611185,0.45789224952762503
Value 32,Value 15,15,"{""W_Completeren aanvraag"": 6, ""W_Nabellen offertes"": 4, ""W_Nabellen incomplete dossiers"": 3, ""W_Afhandelen leads"": 2}","{""W_Completeren aanvraag"": 8, ""W_Nabellen offertes"": 4, ""W_Nabellen incomplete dossiers"": 3}",W_Completeren aanvraag,W_Completeren aanvraag,2129.419474806133,1286.361260686,1.8892464285091581,0.9446232142545791,0.0089179548156956,7.1603498680410205,0.6127553216607069
Value 22,Value 41,15,"{""W_Valideren aanvraag"": 13, ""W_Nabellen incomplete dossiers"": 2}","{""W_Nabellen incomplete dossiers"": 15}",W_Valideren aanvraag,W_Nabellen incomplete dossiers,63.352164266999985,31.641864261,0.5665095065529053,0.5665095065529053,0.003429355281207133,3.4855956443043192,0.2982839274010481
Value 11,Value 43,15,"{""W_Completeren aanvraag"": 9, ""W_Nabellen incomplete dossiers"": 5, ""W_Nabellen offertes"": 1}","{""W_Completeren aanvraag"": 9, ""W_Nabellen incomplete dossiers"": 5, ""W_Nabellen offertes"": 1}",W_Completeren aanvraag,W_Completeren aanvraag,3141.9143669215996,965.826429601,1.2309595631140104,0.7766490138119516,0.004170141784820684,6.874018985651578,0.5882522212293955
Value 23,Value 33,15,"{""W_Nabellen incomplete dossiers"": 11, ""W_Completeren aanvraag"": 3, ""W_Nabellen offertes"": 1}","{""W_Nabellen incomplete dossiers"": 11, ""W_Completeren aanvraag"": 3, ""W_Nabellen offertes"": 1}",W_Nabellen incomplete dossiers,W_Nabellen incomplete dossiers,289.8717548960667,112.384740194,1.0529815751302694,0.664357405712226,0.011312217194570135,4.730786816048333,0.40484261950861994
Value 16,Value 44,15,"{""W_Valideren aanvraag"": 9, ""W_Nabellen incomplete dossiers"": 6}","{""W_Nabellen incomplete dossiers"": 15}",W_Valideren aanvraag,W_Nabellen incomplete dossiers,130.128669031,91.017381638,0.9709505944546686,0.9709505944546686,0.003869969040247678,4.521977490051682,0.3869735170101636
Value 12,Value 16,15,"{""W_Nabellen incomplete dossiers"": 8, ""W_Nabellen offertes"": 4, ""W_Valideren aanvraag"": 2, ""W_Completeren aanvraag"": 1}","{""W_Valideren aanvraag"": 8, ""W_Nabellen offertes"": 4, ""W_Nabellen incomplete dossiers"": 2, ""W_Completeren aanvraag"": 1}",W_Nabellen incomplete dossiers,W_Valideren aanvraag,2607.376925934133,874.607199722,1.640223928941852,0.820111964470926,0.0034714186530895625,6.7749175882302515,0.5797715031397717
Value 28,Value 1,15,"{""W_Nabellen offertes"": 8, ""W_Completeren aanvraag"": 7}","{""A_CANCELLED"": 10, ""O_CANCELLED"": 5}",W_Nabellen offertes,A_CANCELLED,503.12250730200014,5.6134e-05,0.9967916319816366,0.9967916319816366,0.006265664160401002,5.613242454597942e-05,4.803597937551217e-06
Value 55,Value 18,15,"{""W_Completeren aanvraag"": 15}","{""W_Completeren aanvraag"": 12, ""W_Nabellen offertes"": 3}",W_Completeren aanvraag,W_Completeren aanvraag,2777.4176684018,1557.41339113,0.0,0.0,0.008660508083140877,7.351423525722246,0.6291066735821988
Value 31,Value 10,15,"{""W_Nabellen offertes"": 9, ""W_Completeren aanvraag"": 6}","{""W_Nabellen offertes"": 9, ""W_Completeren aanvraag"": 6}",W_Nabellen offertes,W_Nabellen offertes,4365.546674112,3375.451270379,0.9709505944546686,0.9709505944546686,0.00648508430609598,8.124580516918751,0.6952704881395527
Value 11,Value 31,15,"{""W_Nabellen offertes"": 8, ""W_Completeren aanvraag"": 4, ""W_Nabellen incomplete dossiers"": 3}","{""W_Nabellen offertes"": 8, ""W_Completeren aanvraag"": 4, ""W_Nabellen incomplete dossiers"": 3}",W_Nabellen offertes,W_Nabellen offertes,8057.693535372667,5391.537586776,1.456564762130954,0.9189900464321514,0.004170141784820684,8.59277134843392,0.7353364665974126
Value 13,Value 11,15,"{""W_Completeren aanvraag"": 9, ""W_Nabellen offertes"": 4, ""W_Afhandelen leads"": 2}","{""W_Completeren aanvraag"": 11, ""W_Nabellen offertes"": 4}",W_Completeren aanvraag,W_Completeren aanvraag,3450.7413993266005,1371.124839796,1.3382689280764646,0.8443536850036224,0.005202913631633715,7.224115795251348,0.6182121655243221
Value 25,Value 14,15,"{""W_Nabellen offertes"": 8, ""W_Afhandelen leads"": 5, ""W_Completeren aanvraag"": 2}","{""W_Nabellen offertes"": 8, ""W_Completeren aanvraag"": 7}",W_Nabellen offertes,W_Nabellen offertes,11394.273843806333,1009.534632846,1.3995812306460644,0.8830374409547587,0.009439899307740718,6.9182348092360835,0.5920360420904324
Value 44,Value 4,15,"{""W_Nabellen incomplete dossiers"": 9, ""W_Nabellen offertes"": 4, ""W_Completeren aanvraag"": 1, ""W_Afhandelen leads"": 1}","{""W_Nabellen incomplete dossiers"": 9, ""W_Nabellen offertes"": 4, ""W_Completeren aanvraag"": 2}",W_Nabellen incomplete dossiers,W_Nabellen incomplete dossiers,521.6521070630666,429.789620869,1.4716022614097979,0.7358011307048989,0.005764796310530361,6.065619852301657,0.5190725191038079
Value 11,Value 28,15,"{""W_Completeren aanvraag"": 9, ""W_Nabellen offertes"": 3, ""W_Afhandelen leads"": 2, ""W_Nabellen incomplete dossiers"": 1}","{""W_Completeren aanvraag"": 11, ""W_Nabellen offertes"": 3, ""W_Nabellen incomplete dossiers"": 1}",W_Completeren aanvraag,W_Completeren aanvraag,904.0582738355333,940.243687283,1.5546097612655667,0.7773048806327834,0.004170141784820684,6.847202072353764,0.5859573324828146
Value 34,Value 15,15,"{""W_Completeren aanvraag"": 11, ""W_Afhandelen leads"": 3, ""W_Nabellen offertes"": 1}","{""W_Completeren aanvraag"": 10, ""W_Afhandelen leads"": 3, ""W_Nabellen offertes"": 2}",W_Completeren aanvraag,W_Completeren aanvraag,3858.965074494,100.802126834,1.0529815751302694,0.664357405712226,0.00589622641509434,4.62303099617716,0.3956212890872284
Value 20,Value 33,15,"{""W_Completeren aanvraag"": 9, ""W_Nabellen offertes"": 6}","{""W_Completeren aanvraag"": 9, ""W_Nabellen offertes"": 6}",W_Completeren aanvraag,W_Completeren aanvraag,4189.791720441467,1509.589890697,0.9709505944546686,0.9709505944546686,0.0032701111837802484,7.320255509613475,0.6264394341192925
Value 55,Value 15,15,"{""W_Nabellen incomplete dossiers"": 5, ""W_Completeren aanvraag"": 4, ""W_Nabellen offertes"": 4, ""W_Afhandelen leads"": 2}","{""W_Nabellen offertes"": 7, ""W_Nabellen incomplete dossiers"": 5, ""W_Completeren aanvraag"": 3}",W_Nabellen incomplete dossiers,W_Nabellen offertes,4311.728802701533,879.586384383,1.9329145639793979,0.9664572819896989,0.008660508083140877,6.780588031452176,0.5802567579561484
Value 26,Value 43,15,"{""W_Valideren aanvraag"": 15}","{""W_Nabellen incomplete dossiers"": 15}",W_Valideren aanvraag,W_Nabellen incomplete dossiers,55.20368529326666,52.435232314,0.0,0.0,0.004342790966994789,3.978470309567297,0.34046225382607453
Value 10,Value 55,15,"{""W_Completeren aanvraag"": 14, ""W_Nabellen offertes"": 1}","{""W_Completeren aanvraag"": 14, ""W_Nabellen offertes"": 1}",W_Completeren aanvraag,W_Completeren aanvraag,1850.5711173668667,768.927044646,0.35335933502142136,0.35335933502142136,0.004242081447963801,6.646295763145941,0.5687645398971102
Value 27,Value 13,15,"{""W_Nabellen offertes"": 11, ""W_Completeren aanvraag"": 3, ""W_Nabellen incomplete dossiers"": 1}","{""W_Nabellen offertes"": 11, ""W_Completeren aanvraag"": 3, ""W_Nabellen incomplete dossiers"": 1}",W_Nabellen offertes,W_Nabellen offertes,6308.144090591668,3702.879892802,1.0529815751302694,0.664357405712226,0.005686125852918878,8.217136168890972,0.7031910464001047
Value 55,Value 11,15,"{""W_Completeren aanvraag"": 10, ""W_Nabellen offertes"": 3, ""W_Afhandelen leads"": 2}","{""W_Nabellen offertes"": 10, ""W_Completeren aanvraag"": 5}",W_Completeren aanvraag,W_Nabellen offertes,4048.8442744414,2821.30260198,1.2419460322060458,0.7835807040488099,0.008660508083140877,7.945308356281368,0.6799290631420862
Value 8,Value 14,15,"{""W_Nabellen incomplete dossiers"": 10, ""W_Valideren aanvraag"": 3, ""W_Nabellen offertes"": 2}","{""W_Nabellen incomplete dossiers"": 11, ""W_Valideren aanvraag"": 2, ""W_Nabellen offertes"": 2}",W_Nabellen incomplete dossiers,W_Nabellen incomplete dossiers,310.95156510426665,106.221889667,1.2419460322060458,0.7835807040488099,0.0053898670499461015,4.674900422446662,0.40006007595712473
Value 18,Value 27,15,"{""W_Completeren aanvraag"": 9, ""W_Afhandelen leads"": 4, ""W_Nabellen offertes"": 2}","{""W_Completeren aanvraag"": 13, ""W_Nabellen offertes"": 2}",W_Completeren aanvraag,W_Completeren aanvraag,6498.660820412333,1369.618083533,1.3382689280764646,0.8443536850036224,0.0046816479400749065,7.223017072945467,0.618118141076863
Value 31,Value 24,14,"{""W_Nabellen incomplete dossiers"": 10, ""W_Completeren aanvraag"": 4}","{""W_Nabellen incomplete dossiers"": 10, ""W_Nabellen offertes"": 2, ""W_Completeren aanvraag"": 2}",W_Nabellen incomplete dossiers,W_Nabellen incomplete dossiers,2709.9008355234996,307.1096472815,0.863120568566631,0.863120568566631,0.0060527453523562475,5.730455717288648,0.49039045591641006
Value 24,Value 11,14,"{""W_Completeren aanvraag"": 9, ""W_Nabellen offertes"": 4, ""W_Nabellen incomplete dossiers"": 1}","{""W_Completeren aanvraag"": 9, ""W_Nabellen offertes"": 4, ""W_Nabellen incomplete dossiers"": 1}",W_Completeren aanvraag,W_Completeren aanvraag,917.6041526000712,222.483350553,1.1981174211304033,0.7559279292634755,0.005313092979127135,5.409336917108773,0.46291033869842935
Value 13,Value 32,14,"{""W_Nabellen offertes"": 11, ""W_Completeren aanvraag"": 3}","{""W_Nabellen offertes"": 12, ""W_Completeren aanvraag"": 2}",W_Nabellen offertes,W_Nabellen offertes,7305.096153242857,6035.8797717425,0.74959525725948,0.74959525725948,0.004856052722858134,8.705642563365798,0.7449955529390607
Value 27,Value 1,14,"{""W_Nabellen offertes"": 8, ""W_Completeren aanvraag"": 6}","{""A_CANCELLED"": 11, ""O_CANCELLED"": 3}",W_Nabellen offertes,A_CANCELLED,534.6822504875001,3.5644e-05,0.9852281360342515,0.9852281360342515,0.00530705079605762,3.564336476772677e-05,3.050222663113199e-06
Value 4,Value 16,14,"{""W_Nabellen incomplete dossiers"": 10, ""W_Nabellen offertes"": 2, ""W_Valideren aanvraag"": 1, ""W_Afhandelen leads"": 1}","{""W_Valideren aanvraag"": 11, ""W_Nabellen offertes"": 1, ""W_Completeren aanvraag"": 1, ""W_Nabellen incomplete dossiers"": 1}",W_Nabellen incomplete dossiers,W_Valideren aanvraag,2801.159721451501,1885.1730287325,1.2916919971380596,0.6458459985690298,0.0040172166427546625,7.542305202745806,0.645441596534184
Value 44,Value 58,14,"{""W_Nabellen offertes"": 13, ""W_Completeren aanvraag"": 1}","{""W_Nabellen offertes"": 13, ""W_Completeren aanvraag"": 1}",W_Nabellen offertes,W_Nabellen offertes,7280.461181223358,8697.690963288,0.37123232664087563,0.37123232664087563,0.005380476556495004,9.070927829331948,0.7762552671667179
Value 55,Value 20,14,"{""W_Completeren aanvraag"": 8, ""W_Nabellen offertes"": 6}","{""W_Nabellen offertes"": 7, ""W_Completeren aanvraag"": 7}",W_Completeren aanvraag,W_Nabellen offertes,1712.204546910214,185.75451346149998,0.9852281360342515,0.9852281360342515,0.008083140877598153,5.229794992189415,0.44754582830675455
Value 55,Value 5,14,"{""W_Nabellen offertes"": 7, ""W_Nabellen incomplete dossiers"": 5, ""W_Completeren aanvraag"": 2}","{""W_Nabellen offertes"": 9, ""W_Nabellen incomplete dossiers"": 5}",W_Nabellen offertes,W_Nabellen offertes,3467.451689012286,2744.1961503684997,1.4315602842833157,0.903213977385558,0.008083140877598153,7.917607808719821,0.6775585563590292
Value 34,Value 41,14,"{""W_Completeren aanvraag"": 8, ""W_Nabellen incomplete dossiers"": 3, ""W_Nabellen offertes"": 2, ""W_Afhandelen leads"": 1}","{""W_Completeren aanvraag"": 6, ""W_Nabellen offertes"": 4, ""W_Nabellen incomplete dossiers"": 3, ""W_Afhandelen leads"": 1}",W_Completeren aanvraag,W_Completeren aanvraag,7839.216715438786,4804.109244474999,1.610577243331642,0.805288621665821,0.00550314465408805,8.47743505672867,0.7254664284253338
Value 23,Value 12,14,"{""W_Nabellen incomplete dossiers"": 11, ""W_Nabellen offertes"": 2, ""W_Completeren aanvraag"": 1}","{""W_Nabellen incomplete dossiers"": 11, ""W_Nabellen offertes"": 2, ""W_Completeren aanvraag"": 1}",W_Nabellen incomplete dossiers,W_Nabellen incomplete dossiers,1554.4315353768568,588.2426430255,0.9463729359854419,0.5970948432879916,0.010558069381598794,6.378838056418824,0.545876533565508
Value 32,Value 5,14,"{""W_Nabellen offertes"": 9, ""W_Nabellen incomplete dossiers"": 5}","{""W_Nabellen offertes"": 9, ""W_Nabellen incomplete dossiers"": 5}",W_Nabellen offertes,W_Nabellen offertes,11609.305413398282,1778.3251547265,0.9402859586706311,0.9402859586706311,0.008323424494649227,7.483989444841341,0.640451157288732
Value 8,Value 30,14,"{""W_Valideren aanvraag"": 7, ""W_Nabellen incomplete dossiers"": 7}","{""W_Nabellen incomplete dossiers"": 12, ""W_Valideren aanvraag"": 2}",W_Valideren aanvraag,W_Nabellen incomplete dossiers,449.3556119601429,90.175954795,1.0,1.0,0.005030542579949695,4.512791208753978,0.3861873902349114
Value 43,Value 28,14,"{""W_Afhandelen leads"": 11, ""W_Completeren aanvraag"": 2, ""W_Nabellen offertes"": 1}","{""W_Completeren aanvraag"": 10, ""W_Nabellen offertes"": 2, ""W_Afhandelen leads"": 2}",W_Afhandelen leads,W_Completeren aanvraag,1020.6385394562142,120.7087242235,0.9463729359854419,0.5970948432879916,0.003972758229284903,4.801630683730632,0.4109051664133611
Value 8,Value 43,14,"{""W_Valideren aanvraag"": 10, ""W_Nabellen incomplete dossiers"": 4}","{""W_Nabellen incomplete dossiers"": 14}",W_Valideren aanvraag,W_Nabellen incomplete dossiers,275.36881691307144,16.2079182835,0.863120568566631,0.863120568566631,0.005030542579949695,2.8453696432035724,0.2434958379263972
Value 11,Value 58,14,"{""W_Nabellen offertes"": 8, ""W_Completeren aanvraag"": 5, ""W_Nabellen incomplete dossiers"": 1}","{""W_Nabellen offertes"": 8, ""W_Completeren aanvraag"": 5, ""W_Nabellen incomplete dossiers"": 1}",W_Nabellen offertes,W_Nabellen offertes,4335.062006015572,2467.533044196,1.2638091738835462,0.7973748106396931,0.003892132332499305,7.811379343955686,0.668467931138801
Value 44,Value 18,14,"{""W_Completeren aanvraag"": 6, ""W_Nabellen offertes"": 5, ""W_Nabellen incomplete dossiers"": 2, ""W_Afhandelen leads"": 1}","{""W_Completeren aanvraag"": 7, ""W_Nabellen offertes"": 5, ""W_Nabellen incomplete dossiers"": 2}",W_Completeren aanvraag,W_Completeren aanvraag,3265.617028868285,240.84684863450002,1.7273966735744792,0.8636983367872396,0.005380476556495004,5.48830466893601,0.46966809649846264
Value 24,Value 44,14,"{""W_Nabellen offertes"": 9, ""W_Nabellen incomplete dossiers"": 5}","{""W_Nabellen offertes"": 9, ""W_Nabellen incomplete dossiers"": 5}",W_Nabellen offertes,W_Nabellen offertes,2053.6589996806424,1360.5390247700002,0.9402859586706311,0.9402859586706311,0.005313092979127135,7.21637097477318,0.617549393446035
Value 20,Value 24,14,"{""W_Completeren aanvraag"": 7, ""W_Nabellen offertes"": 4, ""W_Nabellen incomplete dossiers"": 2, ""W_Afhandelen leads"": 1}","{""W_Completeren aanvraag"": 8, ""W_Nabellen offertes"": 4, ""W_Nabellen incomplete dossiers"": 2}",W_Completeren aanvraag,W_Completeren aanvraag,1055.0954363194285,125.37048271500001,1.6893917467430877,0.8446958733715438,0.003052103771528232,4.839217931617689,0.4141217391498656
Value 27,Value 34,14,"{""W_Nabellen offertes"": 8, ""W_Completeren aanvraag"": 5, ""W_Nabellen incomplete dossiers"": 1}","{""W_Nabellen offertes"": 8, ""W_Completeren aanvraag"": 5, ""W_Nabellen incomplete dossiers"": 1}",W_Nabellen offertes,W_Nabellen offertes,3055.2270280174284,2488.866517744,1.2638091738835462,0.7973748106396931,0.00530705079605762,7.819984380690102,0.6692043172301614
Value 22,Value 44,14,"{""W_Valideren aanvraag"": 13, ""W_Nabellen incomplete dossiers"": 1}","{""W_Nabellen incomplete dossiers"": 14}",W_Valideren aanvraag,W_Nabellen incomplete dossiers,58.55590106471429,53.43087062399999,0.37123232664087563,0.37123232664087563,0.003200731595793324,3.9969314676148966,0.3420420890361075
Value 31,Value 40,14,"{""W_Nabellen offertes"": 11, ""W_Nabellen incomplete dossiers"": 2, ""W_Completeren aanvraag"": 1}","{""W_Nabellen offertes"": 11, ""W_Nabellen incomplete dossiers"": 2, ""W_Completeren aanvraag"": 1}",W_Nabellen offertes,W_Nabellen offertes,5004.4678565695,3741.1779621915002,0.9463729359854419,0.5970948432879916,0.0060527453523562475,8.227423063744743,0.7040713594687643
Value 55,Value 14,14,"{""W_Nabellen offertes"": 8, ""W_Completeren aanvraag"": 4, ""W_Nabellen incomplete dossiers"": 2}","{""W_Nabellen offertes"": 9, ""W_Completeren aanvraag"": 3, ""W_Nabellen incomplete dossiers"": 2}",W_Nabellen offertes,W_Nabellen offertes,1402.9728029465,1321.804931266,1.3787834934861753,0.8699155297736259,0.008083140877598153,7.187509709000598,0.6150795568433647
Value 28,Value 18,14,"{""W_Completeren aanvraag"": 7, ""W_Nabellen offertes"": 5, ""W_Nabellen incomplete dossiers"": 2}","{""W_Completeren aanvraag"": 7, ""W_Nabellen offertes"": 5, ""W_Nabellen incomplete dossiers"": 2}",W_Completeren aanvraag,W_Completeren aanvraag,807.5695378132143,205.84561507950002,1.4315602842833157,0.903213977385558,0.005847953216374269,5.331972694130637,0.45628980475670344
Value 41,Value 27,14,"{""W_Nabellen offertes"": 7, ""W_Completeren aanvraag"": 4, ""W_Nabellen incomplete dossiers"": 3}","{""W_Nabellen offertes"": 7, ""W_Completeren aanvraag"": 4, ""W_Nabellen incomplete dossiers"": 3}",W_Nabellen offertes,W_Nabellen offertes,4090.0672129732143,3554.7217327050002,1.4926140680171256,0.9417346261113357,0.003977272727272727,8.17631334067677,0.699697585089626
Value 55,Value 12,14,"{""W_Completeren aanvraag"": 8, ""W_Nabellen offertes"": 5, ""W_Afhandelen leads"": 1}","{""W_Nabellen offertes"": 8, ""W_Completeren aanvraag"": 6}",W_Completeren aanvraag,W_Nabellen offertes,4054.208146052785,1653.5021521395001,1.2638091738835462,0.7973748106396931,0.008083140877598153,7.41125542814021,0.6342268586691494
Value 20,Value 39,14,"{""W_Nabellen offertes"": 11, ""W_Nabellen incomplete dossiers"": 2, ""W_Completeren aanvraag"": 1}","{""W_Nabellen offertes"": 12, ""W_Nabellen incomplete dossiers"": 2}",W_Nabellen offertes,W_Nabellen offertes,3659.023649963929,1725.860906817,0.9463729359854419,0.5970948432879916,0.003052103771528232,7.45406053455397,0.6378899557569542
Value 33,Value 8,14,"{""W_Nabellen incomplete dossiers"": 10, ""W_Valideren aanvraag"": 2, ""W_Completeren aanvraag"": 1, ""W_Nabellen offertes"": 1}","{""W_Nabellen incomplete dossiers"": 7, ""W_Valideren aanvraag"": 5, ""W_Nabellen offertes"": 2}",W_Nabellen incomplete dossiers,W_Nabellen incomplete dossiers,648.9050977937143,65.9578569105,1.2916919971380596,0.6458459985690298,0.0031481897908702495,4.2040634201508125,0.3597676483371755
Value 30,Value 43,14,"{""W_Afhandelen leads"": 9, ""W_Completeren aanvraag"": 3, ""W_Nabellen offertes"": 1, ""W_Nabellen incomplete dossiers"": 1}","{""W_Completeren aanvraag"": 11, ""W_Nabellen offertes"": 1, ""W_Afhandelen leads"": 1, ""W_Nabellen incomplete dossiers"": 1}",W_Afhandelen leads,W_Completeren aanvraag,878.6768045017142,107.6560473195,1.4299111709758698,0.7149555854879349,0.009517335146159076,4.688187363869611,0.4011971215227116
Value 27,Value 31,14,"{""W_Completeren aanvraag"": 10, ""W_Nabellen offertes"": 4}","{""W_Completeren aanvraag"": 9, ""W_Nabellen offertes"": 5}",W_Completeren aanvraag,W_Completeren aanvraag,5008.503384266286,1927.024477967,0.863120568566631,0.863120568566631,0.00530705079605762,7.564251171130872,0.647319648468066
Value 24,Value 18,14,"{""W_Completeren aanvraag"": 7, ""W_Afhandelen leads"": 3, ""W_Nabellen incomplete dossiers"": 2, ""W_Nabellen offertes"": 2}","{""W_Completeren aanvraag"": 6, ""W_Nabellen offertes"": 5, ""W_Nabellen incomplete dossiers"": 2, ""W_Afhandelen leads"": 1}",W_Completeren aanvraag,W_Completeren aanvraag,10999.704692927286,829.5542327965,1.7783283537314114,0.8891641768657057,0.005313092979127135,6.722093228301801,0.5752509967041924
Value 14,Value 39,14,"{""W_Nabellen offertes"": 8, ""W_Nabellen incomplete dossiers"": 6}","{""W_Nabellen offertes"": 8, ""W_Nabellen incomplete dossiers"": 6}",W_Nabellen offertes,W_Nabellen offertes,4001.973626841786,2820.2356466875,0.9852281360342515,0.9852281360342515,0.0027548209366391185,7.944930240546806,0.6798967054454895
Value 33,Value 24,14,"{""W_Completeren aanvraag"": 6, ""W_Nabellen incomplete dossiers"": 6, ""W_Valideren aanvraag"": 1, ""W_Nabellen offertes"": 1}","{""W_Nabellen incomplete dossiers"": 6, ""W_Nabellen offertes"": 4, ""W_Completeren aanvraag"": 3, ""W_Valideren aanvraag"": 1}",W_Completeren aanvraag,W_Nabellen incomplete dossiers,2551.1377554746427,414.643384567,1.5916727785823275,0.7958363892911637,0.0031481897908702495,6.029827643976506,0.5160095589790361
Value 31,Value 8,14,"{""W_Nabellen incomplete dossiers"": 11, ""W_Completeren aanvraag"": 3}","{""W_Nabellen incomplete dossiers"": 11, ""W_Completeren aanvraag"": 3}",W_Nabellen incomplete dossiers,W_Nabellen incomplete dossiers,9759.318177285788,3331.9475032465,0.74959525725948,0.74959525725948,0.0060527453523562475,8.111612327582588,0.6941607201569148
Value 41,Value 31,14,"{""W_Nabellen offertes"": 6, ""W_Nabellen incomplete dossiers"": 4, ""W_Completeren aanvraag"": 3, ""W_Afhandelen leads"": 1}","{""W_Nabellen offertes"": 9, ""W_Nabellen incomplete dossiers"": 4, ""W_Completeren aanvraag"": 1}",W_Nabellen offertes,W_Nabellen offertes,6040.669560117929,2512.835995533,1.7884504573082896,0.8942252286541448,0.003977272727272727,7.829565150559593,0.6700242028267214
Value 11,Value 21,14,"{""W_Nabellen offertes"": 11, ""W_Completeren aanvraag"": 2, ""W_Nabellen incomplete dossiers"": 1}","{""W_Nabellen offertes"": 13, ""W_Nabellen incomplete dossiers"": 1}",W_Nabellen offertes,W_Nabellen offertes,18991.360020449567,3310.9994463989997,0.9463729359854419,0.5970948432879916,0.003892132332499305,8.105307348355076,0.69362116417909
Value 32,Value 18,14,"{""W_Completeren aanvraag"": 9, ""W_Nabellen offertes"": 5}","{""W_Completeren aanvraag"": 9, ""W_Nabellen offertes"": 5}",W_Completeren aanvraag,W_Completeren aanvraag,1721.2514123474284,234.5320390705,0.9402859586706311,0.9402859586706311,0.008323424494649227,5.46184695121141,0.4674039463335237
Value 56,Value 2,14,"{""W_Nabellen offertes"": 13, ""W_Valideren aanvraag"": 1}","{""W_Nabellen offertes"": 13, ""W_Valideren aanvraag"": 1}",W_Nabellen offertes,W_Nabellen offertes,4681.667914399071,6749.132203964,0.37123232664087563,0.37123232664087563,0.04794520547945205,8.81731736944722,0.7545522551928489
Value 20,Value 44,14,"{""W_Completeren aanvraag"": 5, ""W_Nabellen offertes"": 4, ""W_Afhandelen leads"": 4, ""W_Nabellen incomplete dossiers"": 1}","{""W_Completeren aanvraag"": 8, ""W_Nabellen offertes"": 5, ""W_Nabellen incomplete dossiers"": 1}",W_Completeren aanvraag,W_Completeren aanvraag,3214.3378238399996,303.95406949100004,1.8352377453121174,0.9176188726560587,0.003052103771528232,5.720161173434536,0.48950948827559243
Value 32,Value 20,13,"{""W_Nabellen offertes"": 7, ""W_Completeren aanvraag"": 6}","{""W_Nabellen offertes"": 7, ""W_Completeren aanvraag"": 6}",W_Nabellen offertes,W_Nabellen offertes,6487.554843032691,6323.921868623,0.9957274520849255,0.9957274520849255,0.0077288941736028535,8.752252960732546,0.7489842922545334
Value 40,Value 34,13,"{""W_Afhandelen leads"": 8, ""W_Completeren aanvraag"": 4, ""W_Nabellen offertes"": 1}","{""W_Completeren aanvraag"": 12, ""W_Nabellen offertes"": 1}",W_Afhandelen leads,W_Completeren aanvraag,965.5862287509232,458.810631703,1.2389012566026305,0.7816596645276667,0.006487025948103792,6.130814734512827,0.5246516474643146
Value 11,Value 50,13,"{""W_Completeren aanvraag"": 7, ""W_Nabellen offertes"": 6}","{""W_Completeren aanvraag"": 7, ""W_Nabellen offertes"": 6}",W_Completeren aanvraag,W_Completeren aanvraag,5218.911789811462,1480.076610592,0.9957274520849255,0.9957274520849255,0.003614122880177926,7.300524541891415,0.6247509334599641
Value 10,Value 19,13,"{""W_Completeren aanvraag"": 9, ""W_Nabellen offertes"": 4}","{""W_Completeren aanvraag"": 9, ""W_Nabellen offertes"": 4}",W_Completeren aanvraag,W_Completeren aanvraag,9107.321326560153,1336.704797402,0.8904916402194913,0.8904916402194913,0.003676470588235294,7.1987105866014565,0.6160380850554887
Value 11,Value 34,13,"{""W_Nabellen offertes"": 8, ""W_Completeren aanvraag"": 4, ""W_Afhandelen leads"": 1}","{""W_Nabellen offertes"": 8, ""W_Completeren aanvraag"": 5}",W_Nabellen offertes,W_Nabellen offertes,4104.818253094845,2246.693237764,1.2389012566026305,0.7816596645276667,0.003614122880177926,7.717659741632664,0.6604477664644919
Value 5,Value 15,13,"{""W_Nabellen incomplete dossiers"": 13}","{""W_Nabellen incomplete dossiers"": 13}",W_Nabellen incomplete dossiers,W_Nabellen incomplete dossiers,3429.9704285586918,170.306695765,0.0,0.0,0.0035230352303523035,5.143455492511286,0.4401572245552216
Value 20,Value 21,13,"{""W_Nabellen offertes"": 11, ""W_Completeren aanvraag"": 1, ""W_Nabellen incomplete dossiers"": 1}","{""W_Nabellen offertes"": 12, ""W_Nabellen incomplete dossiers"": 1}",W_Nabellen offertes,W_Nabellen offertes,14581.54413820346,3063.535846814,0.7732283485249176,0.4878527713892913,0.0028340963592762155,8.027651400300348,0.6869756655224496
Value 55,Value 21,13,"{""W_Nabellen incomplete dossiers"": 6, ""W_Nabellen offertes"": 4, ""W_Completeren aanvraag"": 3}","{""W_Nabellen offertes"": 7, ""W_Nabellen incomplete dossiers"": 6}",W_Nabellen incomplete dossiers,W_Nabellen offertes,3009.063302835154,1004.255829764,1.5262349099495227,0.962947015626608,0.007505773672055427,6.91299734507815,0.5915878399642898
Value 35,Value 2,13,"{""W_Completeren aanvraag"": 8, ""W_Afhandelen leads"": 4, ""W_Nabellen offertes"": 1}","{""W_Completeren aanvraag"": 11, ""W_Afhandelen leads"": 1, ""W_Nabellen offertes"": 1}",W_Completeren aanvraag,W_Completeren aanvraag,3628.437926036154,818.42233292,1.2389012566026305,0.7816596645276667,0.04727272727272727,6.708599619952484,0.5740962653744632
Value 20,Value 25,13,"{""W_Nabellen offertes"": 9, ""W_Completeren aanvraag"": 4}","{""W_Nabellen offertes"": 9, ""W_Completeren aanvraag"": 4}",W_Nabellen offertes,W_Nabellen offertes,3123.9701489036156,861.437568102,0.8904916402194913,0.8904916402194913,0.0028340963592762155,6.759762761476333,0.5784746111004935
Value 22,Value 31,13,"{""W_Valideren aanvraag"": 11, ""W_Nabellen incomplete dossiers"": 2}","{""W_Nabellen incomplete dossiers"": 13}",W_Valideren aanvraag,W_Nabellen incomplete dossiers,267.74302679276923,19.772737192,0.6193821946787638,0.6193821946787638,0.002972107910379515,3.033641415049998,0.2596074151877678
Value 43,Value 20,13,"{""W_Completeren aanvraag"": 6, ""W_Nabellen offertes"": 3, ""W_Afhandelen leads"": 2, ""W_Nabellen incomplete dossiers"": 2}","{""W_Completeren aanvraag"": 6, ""W_Nabellen offertes"": 5, ""W_Nabellen incomplete dossiers"": 2}",W_Completeren aanvraag,W_Completeren aanvraag,2473.0754671953846,183.062488571,1.8339272176418302,0.9169636088209151,0.0036889897843359817,5.2152753117528645,0.4463032896570694
Value 25,Value 27,13,"{""W_Nabellen offertes"": 7, ""W_Completeren aanvraag"": 4, ""W_Nabellen incomplete dossiers"": 1, ""W_Afhandelen leads"": 1}","{""W_Nabellen offertes"": 8, ""W_Completeren aanvraag"": 4, ""W_Nabellen incomplete dossiers"": 1}",W_Nabellen offertes,W_Nabellen offertes,6876.1621307701525,6564.074538565,1.573402452417767,0.7867012262088835,0.008181246066708621,8.789519140604657,0.7521733892198258
Value 28,Value 4,13,"{""W_Nabellen offertes"": 5, ""W_Completeren aanvraag"": 3, ""W_Nabellen incomplete dossiers"": 3, ""W_Afhandelen leads"": 2}","{""W_Nabellen offertes"": 7, ""W_Completeren aanvraag"": 3, ""W_Nabellen incomplete dossiers"": 3}",W_Nabellen offertes,W_Nabellen offertes,2217.2816528963076,929.584698459,1.922023142851573,0.9610115714257865,0.005430242272347535,6.835813096613642,0.5849827075522407
Value 58,Value 14,13,"{""W_Completeren aanvraag"": 8, ""W_Nabellen offertes"": 2, ""W_Afhandelen leads"": 2, ""W_Nabellen incomplete dossiers"": 1}","{""W_Completeren aanvraag"": 10, ""W_Nabellen offertes"": 2, ""W_Nabellen incomplete dossiers"": 1}",W_Completeren aanvraag,W_Completeren aanvraag,1202.6071900940772,712.23162122,1.5465935642949382,0.7732967821474691,0.011535048802129548,6.569806222106518,0.5622188578861675
Value 41,Value 39,13,"{""W_Nabellen offertes"": 8, ""W_Nabellen incomplete dossiers"": 5}","{""W_Nabellen offertes"": 8, ""W_Nabellen incomplete dossiers"": 5}",W_Nabellen offertes,W_Nabellen offertes,2227.1284993873073,868.850729228,0.9612366047228759,0.9612366047228759,0.003693181818181818,6.7683216213278525,0.5792070455510465
Value 34,Value 44,13,"{""W_Completeren aanvraag"": 7, ""W_Nabellen incomplete dossiers"": 2, ""W_Nabellen offertes"": 2, ""W_Afhandelen leads"": 2}","{""W_Completeren aanvraag"": 8, ""W_Nabellen offertes"": 3, ""W_Nabellen incomplete dossiers"": 2}",W_Completeren aanvraag,W_Completeren aanvraag,1400.8852436196155,154.087798746,1.7272486062639207,0.8636243031319604,0.005110062893081761,5.043991400073252,0.4316454684149826
Value 14,Value 58,13,"{""W_Nabellen offertes"": 10, ""W_Nabellen incomplete dossiers"": 2, ""W_Completeren aanvraag"": 1}","{""W_Nabellen offertes"": 10, ""W_Nabellen incomplete dossiers"": 2, ""W_Completeren aanvraag"": 1}",W_Nabellen offertes,W_Nabellen offertes,3857.179486581462,2980.722280262,0.9912642605354288,0.6254181156238111,0.0025580480125934673,8.000256358949397,0.6846313027909811
Value 5,Value 44,13,"{""W_Nabellen incomplete dossiers"": 12, ""W_Nabellen offertes"": 1}","{""W_Nabellen incomplete dossiers"": 12, ""W_Valideren aanvraag"": 1}",W_Nabellen incomplete dossiers,W_Nabellen incomplete dossiers,2007.7458092266154,1175.559013647,0.39124356362925566,0.39124356362925566,0.0035230352303523035,7.07034936725537,0.6050534234539334
Value 1,Value 53,13,"{""W_Completeren aanvraag"": 10, ""W_Afhandelen leads"": 3}","{""W_Completeren aanvraag"": 10, ""W_Afhandelen leads"": 3}",W_Completeren aanvraag,W_Completeren aanvraag,56.688144875230776,33.859300242,0.7793498372920851,0.7793498372920851,0.0005217949747130128,3.551319966511171,0.30390836320893266
Value 1,Value 16,13,"{""W_Afhandelen leads"": 8, ""W_Completeren aanvraag"": 3, ""A_CANCELLED"": 1, ""O_CANCELLED"": 1}","{""W_Afhandelen leads"": 8, ""W_Completeren aanvraag"": 3, ""W_Nabellen offertes"": 2}",W_Afhandelen leads,W_Afhandelen leads,19.864174982692308,0.867303081,1.4885252948977485,0.7442626474488743,0.0005217949747130128,0.624495187217437,0.05344190666254072
Value 58,Value 28,13,"{""W_Nabellen offertes"": 6, ""W_Completeren aanvraag"": 5, ""W_Afhandelen leads"": 2}","{""W_Nabellen offertes"": 7, ""W_Completeren aanvraag"": 6}",W_Nabellen offertes,W_Nabellen offertes,2033.6185256786155,946.035806072,1.4604846813131116,0.9214632400757701,0.011535048802129548,6.85333690247341,0.586482327751562
Value 25,Value 18,13,"{""W_Nabellen offertes"": 10, ""W_Completeren aanvraag"": 2, ""W_Nabellen incomplete dossiers"": 1}","{""W_Nabellen offertes"": 11, ""W_Nabellen incomplete dossiers"": 1, ""W_Completeren aanvraag"": 1}",W_Nabellen offertes,W_Nabellen offertes,7941.063399244462,3828.597610694,0.9912642605354288,0.6254181156238111,0.008181246066708621,8.250515014173258,0.7060474801574688
Value 41,Value 55,13,"{""W_Nabellen incomplete dossiers"": 6, ""W_Completeren aanvraag"": 4, ""W_Nabellen offertes"": 3}","{""W_Nabellen incomplete dossiers"": 6, ""W_Completeren aanvraag"": 4, ""W_Nabellen offertes"": 3}",W_Nabellen incomplete dossiers,W_Nabellen incomplete dossiers,2485.9250179692303,574.517773538,1.5262349099495227,0.962947015626608,0.003693181818181818,6.355270111330573,0.5438596790766108
Value 23,Value 27,13,"{""W_Nabellen incomplete dossiers"": 6, ""W_Completeren aanvraag"": 4, ""W_Nabellen offertes"": 3}","{""W_Nabellen incomplete dossiers"": 6, ""W_Completeren aanvraag"": 4, ""W_Nabellen offertes"": 3}",W_Nabellen incomplete dossiers,W_Nabellen incomplete dossiers,2500.510863016846,41.951038043,1.5262349099495227,0.962947015626608,0.00980392156862745,3.7600608167761584,0.3217716058164961
Value 58,Value 41,13,"{""W_Completeren aanvraag"": 7, ""W_Nabellen offertes"": 4, ""W_Afhandelen leads"": 2}","{""W_Completeren aanvraag"": 7, ""W_Nabellen offertes"": 6}",W_Completeren aanvraag,W_Completeren aanvraag,3142.804050337,643.929215996,1.419556298571613,0.8956403056385981,0.011535048802129548,6.469140568131748,0.5536042767109084
Value 16,Value 6,13,"{""W_Valideren aanvraag"": 12, ""W_Nabellen incomplete dossiers"": 1}","{""W_Valideren aanvraag"": 13}",W_Valideren aanvraag,W_Valideren aanvraag,840.0943187293077,279.288330082,0.39124356362925566,0.39124356362925566,0.003353973168214654,5.63581882363297,0.48229179296255353
Value 5,Value 41,13,"{""W_Nabellen incomplete dossiers"": 7, ""W_Nabellen offertes"": 6}","{""W_Valideren aanvraag"": 6, ""W_Nabellen incomplete dossiers"": 6, ""W_Nabellen offertes"": 1}",W_Nabellen incomplete dossiers,W_Valideren aanvraag,4351.402201059615,2590.297282152,0.9957274520849255,0.9957274520849255,0.0035230352303523035,7.8599139104342655,0.6726213334783967
Value 2,Value 35,13,"{""W_Completeren aanvraag"": 12, ""W_Afhandelen leads"": 1}","{""W_Completeren aanvraag"": 12, ""W_Afhandelen leads"": 1}",W_Completeren aanvraag,W_Completeren aanvraag,2252.533789602615,1566.154167305,0.39124356362925566,0.39124356362925566,0.000846133819317886,7.357016621246717,0.629585309278825
Value 4,Value 23,13,"{""W_Nabellen incomplete dossiers"": 9, ""W_Nabellen offertes"": 2, ""W_Completeren aanvraag"": 1, ""W_Afhandelen leads"": 1}","{""W_Nabellen incomplete dossiers"": 9, ""W_Nabellen offertes"": 3, ""W_Completeren aanvraag"": 1}",W_Nabellen incomplete dossiers,W_Nabellen incomplete dossiers,2295.2404186016925,222.405158497,1.3520301017579528,0.6760150508789764,0.0037302725968436155,5.4089869772234795,0.46288039218311566
Value 27,Value 55,13,"{""W_Nabellen incomplete dossiers"": 6, ""W_Completeren aanvraag"": 5, ""W_Nabellen offertes"": 2}","{""W_Nabellen incomplete dossiers"": 6, ""W_Completeren aanvraag"": 5, ""W_Nabellen offertes"": 2}",W_Nabellen incomplete dossiers,W_Nabellen incomplete dossiers,2146.1475035619233,106.376904495,1.4604846813131116,0.9214632400757701,0.004927975739196361,4.676345117003933,0.4001837073849819
Value 55,Value 46,13,"{""W_Nabellen offertes"": 6, ""W_Completeren aanvraag"": 4, ""W_Nabellen incomplete dossiers"": 3}","{""W_Nabellen offertes"": 10, ""W_Nabellen incomplete dossiers"": 3}",W_Nabellen offertes,W_Nabellen offertes,5253.994103808693,5326.820022865,1.5262349099495227,0.962947015626608,0.007505773672055427,8.58069743215738,0.7343032270786627
Value 4,Value 18,13,"{""W_Nabellen offertes"": 7, ""W_Nabellen incomplete dossiers"": 3, ""W_Completeren aanvraag"": 3}","{""W_Nabellen offertes"": 8, ""W_Nabellen incomplete dossiers"": 3, ""W_Completeren aanvraag"": 2}",W_Nabellen offertes,W_Nabellen offertes,3133.8619366023077,702.857353257,1.4572659136233872,0.9194324237704885,0.0037302725968436155,6.556575712412696,0.5610866415318583
Value 45,Value 20,13,"{""W_Completeren aanvraag"": 10, ""W_Nabellen offertes"": 2, ""W_Afhandelen leads"": 1}","{""W_Completeren aanvraag"": 8, ""W_Nabellen offertes"": 5}",W_Completeren aanvraag,W_Completeren aanvraag,3605.051584165076,3130.501302688,0.9912642605354288,0.6254181156238111,0.014557670772676373,8.049267817960272,0.6888255157672649
Value 55,Value 13,13,"{""W_Completeren aanvraag"": 11, ""W_Nabellen offertes"": 2}","{""W_Completeren aanvraag"": 9, ""W_Nabellen offertes"": 4}",W_Completeren aanvraag,W_Completeren aanvraag,3279.7803674819997,241.705342613,0.6193821946787638,0.6193821946787638,0.007505773672055427,5.491848125728834,0.46997133196137886
Value 31,Value 44,13,"{""W_Nabellen incomplete dossiers"": 11, ""W_Nabellen offertes"": 1, ""W_Completeren aanvraag"": 1}","{""W_Nabellen incomplete dossiers"": 11, ""W_Nabellen offertes"": 1, ""W_Completeren aanvraag"": 1}",W_Nabellen incomplete dossiers,W_Nabellen incomplete dossiers,835.1119320011537,183.155865691,0.7732283485249176,0.4878527713892913,0.005620406398616515,5.215782495172273,0.4463466924718798
Value 16,Value 45,13,"{""W_Valideren aanvraag"": 9, ""W_Nabellen incomplete dossiers"": 4}","{""W_Nabellen incomplete dossiers"": 13}",W_Valideren aanvraag,W_Nabellen incomplete dossiers,802.4717950026153,86.803404909,0.8904916402194913,0.8904916402194913,0.003353973168214654,4.475100280173873,0.38296194490173363
Value 5,Value 23,13,"{""W_Nabellen incomplete dossiers"": 13}","{""W_Nabellen incomplete dossiers"": 13}",W_Nabellen incomplete dossiers,W_Nabellen incomplete dossiers,1733.8668302943079,1454.880186668,0.0,0.0,0.0035230352303523035,7.2833659359943015,0.6232825656749398
Value 11,Value 55,13,"{""W_Completeren aanvraag"": 8, ""W_Nabellen offertes"": 5}","{""W_Completeren aanvraag"": 8, ""W_Nabellen offertes"": 5}",W_Completeren aanvraag,W_Completeren aanvraag,3068.8064080223844,2612.084107697,0.9612366047228759,0.9612366047228759,0.003614122880177926,7.868286453175949,0.673337823624178
Value 12,Value 44,13,"{""W_Nabellen incomplete dossiers"": 6, ""W_Completeren aanvraag"": 4, ""W_Nabellen offertes"": 3}","{""W_Nabellen incomplete dossiers"": 6, ""W_Completeren aanvraag"": 4, ""W_Nabellen offertes"": 3}",W_Nabellen incomplete dossiers,W_Nabellen incomplete dossiers,1201.5789889581538,124.652542023,1.5262349099495227,0.962947015626608,0.003008562832677621,4.833520494767846,0.4136341743221818
Value 34,Value 32,13,"{""W_Completeren aanvraag"": 13}","{""W_Completeren aanvraag"": 13}",W_Completeren aanvraag,W_Completeren aanvraag,1027.7014312723845,182.203882627,0.0,0.0,0.005110062893081761,5.210599645394274,0.44590316403523017
Value 11,Value 44,13,"{""W_Completeren aanvraag"": 7, ""W_Nabellen offertes"": 6}","{""W_Nabellen offertes"": 10, ""W_Completeren aanvraag"": 3}",W_Completeren aanvraag,W_Nabellen offertes,4002.7811618566925,5019.095795725,0.9957274520849255,0.9957274520849255,0.003614122880177926,8.521204295317446,0.7292120322526014
Value 64,Value 64,13,"{""W_Nabellen offertes"": 13}","{""W_Nabellen offertes"": 13}",W_Nabellen offertes,W_Nabellen offertes,452.5125172323078,1.882971325,0.0,0.0,0.5909090909090909,1.0588214723702418,0.09060988692456082
Value 32,Value 33,12,"{""W_Completeren aanvraag"": 8, ""W_Nabellen offertes"": 2, ""W_Afhandelen leads"": 2}","{""W_Completeren aanvraag"": 10, ""W_Nabellen offertes"": 2}",W_Completeren aanvraag,W_Completeren aanvraag,1755.9566237965,1027.3748079235,1.2516291673878228,0.7896900821428475,0.007134363852556481,6.935734978712366,0.5935336395785689
Value 19,Value 31,12,"{""W_Completeren aanvraag"": 11, ""W_Nabellen incomplete dossiers"": 1}","{""W_Completeren aanvraag"": 10, ""W_Nabellen incomplete dossiers"": 1, ""W_Nabellen offertes"": 1}",W_Completeren aanvraag,W_Completeren aanvraag,1157.9888086285,182.87337244449998,0.41381685030363374,0.41381685030363374,0.015170670037926675,5.214247327458906,0.44621531869778447
Value 6,Value 4,12,"{""W_Valideren aanvraag"": 9, ""W_Nabellen incomplete dossiers"": 3}","{""W_Nabellen incomplete dossiers"": 12}",W_Valideren aanvraag,W_Nabellen incomplete dossiers,289.94876688016666,76.48777524100001,0.8112781244591328,0.8112781244591328,0.004516371847948814,4.350120185091418,0.3722666269668871
Value 44,Value 10,12,"{""W_Completeren aanvraag"": 6, ""W_Nabellen offertes"": 6}","{""W_Completeren aanvraag"": 6, ""W_Nabellen offertes"": 6}",W_Completeren aanvraag,W_Completeren aanvraag,4245.935056848751,824.529427834,1.0,1.0,0.004611837048424289,6.716024911221459,0.5747316933666418
Value 30,Value 10,12,"{""W_Afhandelen leads"": 5, ""W_Completeren aanvraag"": 4, ""W_Nabellen offertes"": 2, ""W_Nabellen incomplete dossiers"": 1}","{""W_Completeren aanvraag"": 6, ""W_Nabellen offertes"": 5, ""W_Nabellen incomplete dossiers"": 1}",W_Afhandelen leads,W_Completeren aanvraag,13061.11665517275,1030.463135186,1.7841591278514217,0.8920795639257109,0.008157715839564922,6.938733592838236,0.5937902494924832
Value 16,Value 30,12,"{""W_Valideren aanvraag"": 7, ""W_Nabellen incomplete dossiers"": 5}","{""W_Nabellen incomplete dossiers"": 12}",W_Valideren aanvraag,W_Nabellen incomplete dossiers,76.61184248516668,45.4129281955,0.9798687566511528,0.9798687566511528,0.0030959752321981426,3.837578045326517,0.328405233389169
Value 32,Value 40,12,"{""W_Nabellen offertes"": 7, ""W_Completeren aanvraag"": 3, ""W_Nabellen incomplete dossiers"": 2}","{""W_Nabellen offertes"": 7, ""W_Completeren aanvraag"": 3, ""W_Nabellen incomplete dossiers"": 2}",W_Nabellen offertes,W_Nabellen offertes,7517.156699748167,19.79674995,1.384431504340598,0.8734790278701756,0.007134363852556481,3.0347967220947476,0.259706281940492
Value 37,Value 14,12,"{""W_Afhandelen leads"": 7, ""W_Completeren aanvraag"": 5}","{""W_Completeren aanvraag"": 12}",W_Afhandelen leads,W_Completeren aanvraag,440.5523010918333,547.540139362,0.9798687566511528,0.9798687566511528,0.031578947368421054,6.307260457278398,0.5397511967323524
Value 10,Value 58,12,"{""W_Completeren aanvraag"": 7, ""W_Nabellen offertes"": 5}","{""W_Completeren aanvraag"": 7, ""W_Nabellen offertes"": 5}",W_Completeren aanvraag,W_Completeren aanvraag,1745.9165849815834,806.6265825324999,0.9798687566511528,0.9798687566511528,0.003393665158371041,6.6940998013656525,0.5728554264258174
Value 15,Value 31,12,"{""W_Nabellen offertes"": 5, ""W_Completeren aanvraag"": 4, ""W_Afhandelen leads"": 2, ""W_Nabellen incomplete dossiers"": 1}","{""W_Nabellen offertes"": 6, ""W_Completeren aanvraag"": 5, ""W_Nabellen incomplete dossiers"": 1}",W_Nabellen offertes,W_Nabellen offertes,4577.863873906167,2472.1923957995,1.7841591278514217,0.8920795639257109,0.0019662461084712438,7.813265063039342,0.6686293037567543
Value 55,Value 16,12,"{""W_Nabellen incomplete dossiers"": 10, ""W_Valideren aanvraag"": 1, ""W_Afhandelen leads"": 1}","{""W_Nabellen incomplete dossiers"": 10, ""W_Valideren aanvraag"": 1, ""W_Afhandelen leads"": 1}",W_Nabellen incomplete dossiers,W_Nabellen incomplete dossiers,1056.1761249457502,222.1038816795,0.8166890883150209,0.5152734452350943,0.006928406466512702,5.407637500119491,0.46276490910028206
Value 45,Value 55,12,"{""W_Nabellen incomplete dossiers"": 9, ""W_Completeren aanvraag"": 3}","{""W_Nabellen incomplete dossiers"": 9, ""W_Nabellen offertes"": 2, ""W_Completeren aanvraag"": 1}",W_Nabellen incomplete dossiers,W_Nabellen incomplete dossiers,959.1526646747499,239.6923844575,0.8112781244591328,0.8112781244591328,0.013437849944008958,5.483519705142258,0.469258617620669
Value 18,Value 39,12,"{""W_Nabellen offertes"": 6, ""W_Nabellen incomplete dossiers"": 5, ""W_Completeren aanvraag"": 1}","{""W_Nabellen offertes"": 7, ""W_Nabellen incomplete dossiers"": 5}",W_Nabellen offertes,W_Nabellen offertes,5407.781290972501,4792.079166669,1.3250112108241772,0.8359889967247166,0.003745318352059925,8.474928316166768,0.7252519111674294
Value 5,Value 18,12,"{""W_Nabellen incomplete dossiers"": 8, ""W_Nabellen offertes"": 4}","{""W_Nabellen incomplete dossiers"": 7, ""W_Valideren aanvraag"": 3, ""W_Nabellen offertes"": 2}",W_Nabellen incomplete dossiers,W_Nabellen incomplete dossiers,1150.3229585340835,548.323656841,0.9182958340544896,0.9182958340544896,0.0032520325203252032,6.308687806672254,0.5398733438275465
Value 30,Value 18,12,"{""W_Completeren aanvraag"": 6, ""W_Nabellen incomplete dossiers"": 3, ""W_Nabellen offertes"": 3}","{""W_Completeren aanvraag"": 5, ""W_Nabellen offertes"": 4, ""W_Nabellen incomplete dossiers"": 3}",W_Completeren aanvraag,W_Completeren aanvraag,4709.585929554084,1519.1102982385,1.5,0.9463946303571862,0.008157715839564922,7.326538175838229,0.6269770806357872
Value 55,Value 24,12,"{""W_Completeren aanvraag"": 6, ""W_Nabellen incomplete dossiers"": 4, ""W_Afhandelen leads"": 2}","{""W_Completeren aanvraag"": 8, ""W_Nabellen incomplete dossiers"": 4}",W_Completeren aanvraag,W_Completeren aanvraag,393.71762656741663,188.5226577805,1.4591479170272448,0.9206198357143051,0.006928406466512702,5.244508583499032,0.448804961106389
Value 34,Value 33,12,"{""W_Completeren aanvraag"": 8, ""W_Nabellen offertes"": 3, ""W_Nabellen incomplete dossiers"": 1}","{""W_Completeren aanvraag"": 7, ""W_Nabellen offertes"": 3, ""A_CANCELLED"": 1, ""W_Nabellen incomplete dossiers"": 1}",W_Completeren aanvraag,W_Completeren aanvraag,1713.4868298090003,95.1298888235,1.188721875540867,0.75,0.0047169811320754715,4.565700285554638,0.39071514641599725
Value 58,Value 1,12,"{""W_Nabellen offertes"": 7, ""W_Completeren aanvraag"": 5}","{""A_CANCELLED"": 10, ""O_CANCELLED"": 2}",W_Nabellen offertes,A_CANCELLED,697.7410258695835,2.65075e-05,0.9798687566511528,0.9798687566511528,0.01064773735581189,2.6507148682430228e-05,2.2683802770177247e-06
Value 27,Value 24,12,"{""W_Completeren aanvraag"": 6, ""W_Nabellen offertes"": 3, ""W_Nabellen incomplete dossiers"": 2, ""W_Afhandelen leads"": 1}","{""W_Completeren aanvraag"": 6, ""W_Nabellen offertes"": 3, ""W_Nabellen incomplete dossiers"": 2, ""W_Afhandelen leads"": 1}",W_Completeren aanvraag,W_Completeren aanvraag,9236.474706133502,153.684798042,1.7295739585136223,0.8647869792568111,0.004548900682335102,5.041389485407223,0.43142280652170945
Value 23,Value 8,12,"{""W_Nabellen incomplete dossiers"": 12}","{""W_Nabellen incomplete dossiers"": 10, ""W_Valideren aanvraag"": 2}",W_Nabellen incomplete dossiers,W_Nabellen incomplete dossiers,4146.9973878635,4275.138694782499,0.0,0.0,0.00904977375565611,8.360805707255604,0.7154857353211574
Value 31,Value 13,12,"{""W_Completeren aanvraag"": 6, ""W_Nabellen offertes"": 5, ""W_Nabellen incomplete dossiers"": 1}","{""W_Completeren aanvraag"": 6, ""W_Nabellen offertes"": 5, ""W_Nabellen incomplete dossiers"": 1}",W_Completeren aanvraag,W_Completeren aanvraag,4319.349464111834,2838.2221873785,1.3250112108241772,0.8359889967247166,0.005188067444876783,7.9512854159602835,0.6804405570206865
Value 41,Value 23,12,"{""W_Nabellen incomplete dossiers"": 9, ""W_Nabellen offertes"": 3}","{""W_Nabellen incomplete dossiers"": 9, ""W_Nabellen offertes"": 3}",W_Nabellen incomplete dossiers,W_Nabellen incomplete dossiers,2391.7253797792505,599.9581165245,0.8112781244591328,0.8112781244591328,0.003409090909090909,6.398525242463677,0.5475612875565596
Value 43,Value 45,12,"{""W_Completeren aanvraag"": 4, ""W_Afhandelen leads"": 4, ""W_Nabellen incomplete dossiers"": 3, ""W_Nabellen offertes"": 1}","{""W_Completeren aanvraag"": 7, ""W_Nabellen incomplete dossiers"": 3, ""W_Nabellen offertes"": 1, ""W_Afhandelen leads"": 1}",W_Completeren aanvraag,W_Completeren aanvraag,831.7123078354166,36.8191792425,1.8553885422075338,0.9276942711037669,0.00340522133938706,3.632816361315821,0.310882512591716
Value 10,Value 24,12,"{""W_Completeren aanvraag"": 8, ""W_Nabellen offertes"": 4}","{""W_Completeren aanvraag"": 6, ""W_Nabellen offertes"": 6}",W_Completeren aanvraag,W_Completeren aanvraag,4373.1465762895,1312.603344749,0.9182958340544896,0.9182958340544896,0.003393665158371041,7.180529284941116,0.6144821988833874
Value 1,Value 56,12,"{""W_Afhandelen leads"": 11, ""A_CANCELLED"": 1}","{""W_Afhandelen leads"": 11, ""W_Nabellen offertes"": 1}",W_Afhandelen leads,W_Afhandelen leads,318.65479280074993,452.9479866425,0.41381685030363374,0.41381685030363374,0.0004816568997350887,6.117982624611323,0.5235535246385884
Value 4,Value 34,12,"{""W_Completeren aanvraag"": 7, ""W_Afhandelen leads"": 3, ""W_Nabellen offertes"": 1, ""W_Nabellen incomplete dossiers"": 1}","{""W_Completeren aanvraag"": 10, ""W_Nabellen offertes"": 1, ""W_Nabellen incomplete dossiers"": 1}",W_Completeren aanvraag,W_Completeren aanvraag,2479.9541786467503,679.977488413,1.5510981710072647,0.7755490855036323,0.003443328550932568,6.523529248940868,0.5582586517370007
Value 55,Value 28,12,"{""W_Completeren aanvraag"": 6, ""W_Nabellen offertes"": 3, ""W_Afhandelen leads"": 2, ""W_Nabellen incomplete dossiers"": 1}","{""W_Nabellen offertes"": 5, ""W_Completeren aanvraag"": 4, ""W_Afhandelen leads"": 2, ""W_Nabellen incomplete dossiers"": 1}",W_Completeren aanvraag,W_Nabellen offertes,1320.69135602025,191.99625707299998,1.7295739585136223,0.8647869792568111,0.006928406466512702,5.262670795312686,0.450359213642514
Value 26,Value 6,12,"{""W_Valideren aanvraag"": 10, ""W_Nabellen offertes"": 1, ""W_Nabellen incomplete dossiers"": 1}","{""W_Valideren aanvraag"": 11, ""W_Nabellen incomplete dossiers"": 1}",W_Valideren aanvraag,W_Valideren aanvraag,1022.5204035025,269.7934859465,0.8166890883150209,0.5152734452350943,0.003474232773595831,5.601356485898354,0.47934263807027566
Value 6,Value 15,12,"{""W_Valideren aanvraag"": 10, ""W_Nabellen incomplete dossiers"": 1, ""W_Afhandelen leads"": 1}","{""W_Nabellen incomplete dossiers"": 11, ""W_Completeren aanvraag"": 1}",W_Valideren aanvraag,W_Nabellen incomplete dossiers,131.16026051925002,20.519845737,0.8166890883150209,0.5152734452350943,0.004516371847948814,3.068975566912872,0.26263117659459234
Value 20,Value 55,12,"{""W_Nabellen offertes"": 7, ""W_Completeren aanvraag"": 5}","{""W_Nabellen offertes"": 7, ""W_Completeren aanvraag"": 5}",W_Nabellen offertes,W_Nabellen offertes,3013.4968072335832,1185.7904478374999,0.9798687566511528,0.9798687566511528,0.002616088947024199,7.079007839713481,0.6057943823698992
Value 12,Value 30,12,"{""W_Nabellen offertes"": 6, ""W_Completeren aanvraag"": 4, ""W_Afhandelen leads"": 2}","{""W_Nabellen offertes"": 8, ""W_Completeren aanvraag"": 2, ""W_Afhandelen leads"": 2}",W_Nabellen offertes,W_Nabellen offertes,6031.211712107916,5152.3051869595,1.4591479170272448,0.9206198357143051,0.00277713492247165,8.547393571678214,0.7314532102336005
Value 13,Value 46,12,"{""W_Nabellen offertes"": 8, ""W_Completeren aanvraag"": 4}","{""W_Nabellen offertes"": 12}",W_Nabellen offertes,W_Nabellen offertes,6181.827105033415,5705.946851605,0.9182958340544896,0.9182958340544896,0.004162330905306972,8.649439457650343,0.7401859063776943
Value 10,Value 46,12,"{""W_Nabellen offertes"": 10, ""W_Nabellen incomplete dossiers"": 1, ""W_Completeren aanvraag"": 1}","{""W_Nabellen offertes"": 11, ""W_Nabellen incomplete dossiers"": 1}",W_Nabellen offertes,W_Nabellen offertes,4402.533594765583,3178.4165443009997,0.8166890883150209,0.5152734452350943,0.003393665158371041,8.06445298230542,0.690125003981425
Value 55,Value 27,12,"{""W_Nabellen incomplete dossiers"": 7, ""W_Completeren aanvraag"": 4, ""W_Nabellen offertes"": 1}","{""W_Nabellen incomplete dossiers"": 7, ""W_Completeren aanvraag"": 4, ""W_Nabellen offertes"": 1}",W_Nabellen incomplete dossiers,W_Nabellen incomplete dossiers,1681.8528914044166,1277.307311689,1.2806721295208872,0.808014151084447,0.006928406466512702,7.1532920690113295,0.6121513422470811
Value 44,Value 33,12,"{""W_Nabellen incomplete dossiers"": 11, ""W_Completeren aanvraag"": 1}","{""W_Nabellen incomplete dossiers"": 11, ""W_Completeren aanvraag"": 1}",W_Nabellen incomplete dossiers,W_Nabellen incomplete dossiers,2357.4749771693337,2034.6629628064998,0.41381685030363374,0.41381685030363374,0.004611837048424289,7.618576825070726,0.6519686298960435
Value 19,Value 55,11,"{""W_Completeren aanvraag"": 10, ""W_Nabellen incomplete dossiers"": 1}","{""W_Completeren aanvraag"": 10, ""W_Nabellen incomplete dossiers"": 1}",W_Completeren aanvraag,W_Completeren aanvraag,798.1342880095455,178.426944556,0.4394969869215134,0.4394969869215134,0.01390644753476612,5.189768130966757,0.4441204828033136
Value 22,Value 6,11,"{""W_Valideren aanvraag"": 11}","{""W_Valideren aanvraag"": 11}",W_Valideren aanvraag,W_Valideren aanvraag,960.915139097182,56.411215526,0.0,0.0,0.002514860539551898,4.050239676677928,0.34660400142775866
Value 23,Value 14,11,"{""W_Nabellen offertes"": 10, ""W_Nabellen incomplete dossiers"": 1}","{""W_Nabellen offertes"": 10, ""W_Nabellen incomplete dossiers"": 1}",W_Nabellen offertes,W_Nabellen offertes,5980.306294155636,2882.366259451,0.4394969869215134,0.4394969869215134,0.008295625942684766,7.966713730655388,0.681760853110669
Value 14,Value 8,11,"{""W_Nabellen incomplete dossiers"": 6, ""W_Completeren aanvraag"": 3, ""W_Valideren aanvraag"": 2}","{""W_Nabellen incomplete dossiers"": 4, ""W_Valideren aanvraag"": 4, ""W_Completeren aanvraag"": 3}",W_Nabellen incomplete dossiers,W_Nabellen incomplete dossiers,10342.305766672454,584.475380043,1.4353713907745331,0.9056185178648963,0.0021645021645021645,6.3724241326967945,0.5453276545350376
Value 45,Value 4,11,"{""W_Nabellen incomplete dossiers"": 6, ""W_Completeren aanvraag"": 4, ""W_Nabellen offertes"": 1}","{""W_Nabellen incomplete dossiers"": 6, ""W_Nabellen offertes"": 4, ""W_Completeren aanvraag"": 1}",W_Nabellen incomplete dossiers,W_Nabellen incomplete dossiers,2640.0053396025455,163.514170083,1.3221793455166666,0.8342022886441014,0.012318029115341545,5.10299670681775,0.4366949166095867
Value 10,Value 33,11,"{""W_Completeren aanvraag"": 9, ""W_Afhandelen leads"": 1, ""W_Nabellen incomplete dossiers"": 1}","{""W_Completeren aanvraag"": 9, ""W_Afhandelen leads"": 1, ""W_Nabellen incomplete dossiers"": 1}",W_Completeren aanvraag,W_Completeren aanvraag,3888.1622666453636,859.017474812,0.8658566174572235,0.5462947022805018,0.003110859728506787,6.756952708589951,0.5782341375353729
Value 26,Value 27,11,"{""W_Valideren aanvraag"": 11}","{""W_Nabellen incomplete dossiers"": 11}",W_Valideren aanvraag,W_Nabellen incomplete dossiers,676.131360707909,83.918905149,0.0,0.0,0.0031847133757961785,4.441696744017605,0.3801033981939261
Value 40,Value 11,11,"{""W_Nabellen offertes"": 8, ""W_Completeren aanvraag"": 3}","{""W_Nabellen offertes"": 8, ""W_Completeren aanvraag"": 3}",W_Nabellen offertes,W_Nabellen offertes,9937.302918762,1369.499310291,0.8453509366224364,0.8453509366224364,0.0054890219560878245,7.2229304124891565,0.618110725006872
Value 23,Value 43,11,"{""W_Nabellen incomplete dossiers"": 11}","{""W_Nabellen incomplete dossiers"": 11}",W_Nabellen incomplete dossiers,W_Nabellen incomplete dossiers,205.446360195,248.19100234,0.0,0.0,0.008295625942684766,5.518219680081679,0.4722281085949195
Value 32,Value 28,11,"{""W_Completeren aanvraag"": 10, ""W_Nabellen offertes"": 1}","{""W_Completeren aanvraag"": 10, ""W_Nabellen offertes"": 1}",W_Completeren aanvraag,W_Completeren aanvraag,1559.5797062536365,965.148328861,0.4394969869215134,0.4394969869215134,0.006539833531510107,6.873317371970542,0.5881921798173516
Value 33,Value 30,11,"{""W_Nabellen incomplete dossiers"": 7, ""W_Completeren aanvraag"": 3, ""W_Afhandelen leads"": 1}","{""W_Nabellen incomplete dossiers"": 7, ""W_Completeren aanvraag"": 2, ""W_Nabellen offertes"": 1, ""W_Afhandelen leads"": 1}",W_Nabellen incomplete dossiers,W_Nabellen incomplete dossiers,1135.0508356941818,158.119347197,1.2406705316766884,0.7827759528141421,0.002473577692826625,5.0696545319543445,0.4338416209662436
Value 9,Value 31,11,"{""W_Nabellen offertes"": 5, ""W_Completeren aanvraag"": 5, ""W_Nabellen incomplete dossiers"": 1}","{""W_Nabellen offertes"": 8, ""W_Completeren aanvraag"": 2, ""W_Nabellen incomplete dossiers"": 1}",W_Nabellen offertes,W_Nabellen offertes,10536.74682663473,8293.054044531,1.3485878960124222,0.8508642289005679,0.014066496163682864,9.023294156884807,0.7721789598884238
Value 46,Value 12,11,"{""W_Nabellen incomplete dossiers"": 8, ""W_Nabellen offertes"": 3}","{""W_Nabellen incomplete dossiers"": 8, ""W_Valideren aanvraag"": 3}",W_Nabellen incomplete dossiers,W_Nabellen incomplete dossiers,301.46448741190915,37.275024674,0.8453509366224364,0.8453509366224364,0.004643309413254538,3.6447975861940947,0.3119078199355574
Value 9,Value 13,11,"{""W_Completeren aanvraag"": 10, ""W_Nabellen offertes"": 1}","{""W_Completeren aanvraag"": 10, ""W_Nabellen offertes"": 1}",W_Completeren aanvraag,W_Completeren aanvraag,1885.111482287273,146.999531531,0.4394969869215134,0.4394969869215134,0.014066496163682864,4.997209108428025,0.4276420190454144
Value 18,Value 13,11,"{""W_Nabellen offertes"": 6, ""W_Completeren aanvraag"": 4, ""W_Afhandelen leads"": 1}","{""W_Nabellen offertes"": 8, ""W_Completeren aanvraag"": 3}",W_Nabellen offertes,W_Nabellen offertes,18451.237348905448,21448.165866405,1.3221793455166666,0.8342022886441014,0.003433208489388265,9.973441036252945,0.8534888913054237
Value 44,Value 20,11,"{""W_Completeren aanvraag"": 6, ""W_Nabellen offertes"": 4, ""W_Nabellen incomplete dossiers"": 1}","{""W_Nabellen offertes"": 5, ""W_Completeren aanvraag"": 5, ""W_Nabellen incomplete dossiers"": 1}",W_Completeren aanvraag,W_Nabellen offertes,3468.8645347274537,251.44403444,1.3221793455166666,0.8342022886441014,0.004227517294388932,5.531189578366179,0.4733380228228118
Value 34,Value 43,11,"{""W_Completeren aanvraag"": 9, ""W_Nabellen incomplete dossiers"": 2}","{""W_Completeren aanvraag"": 9, ""W_Nabellen incomplete dossiers"": 2}",W_Completeren aanvraag,W_Completeren aanvraag,593.2560899929091,67.725385519,0.6840384356390417,0.6840384356390417,0.004323899371069182,4.230118643624517,0.3619973545854457
Value 27,Value 16,11,"{""W_Nabellen incomplete dossiers"": 11}","{""W_Valideren aanvraag"": 8, ""W_Nabellen incomplete dossiers"": 3}",W_Nabellen incomplete dossiers,W_Valideren aanvraag,684.2058332427273,54.622967112,0.0,0.0,0.004169825625473844,4.018596193517448,0.3438960733153339
Value 25,Value 5,11,"{""W_Nabellen offertes"": 6, ""W_Nabellen incomplete dossiers"": 4, ""W_Completeren aanvraag"": 1}","{""W_Nabellen offertes"": 7, ""W_Nabellen incomplete dossiers"": 4}",W_Nabellen offertes,W_Nabellen offertes,15339.032235711546,4778.19188962,1.3221793455166666,0.8342022886441014,0.006922592825676526,8.472026750444169,0.7250036062842272
Value 41,Value 43,11,"{""W_Nabellen incomplete dossiers"": 6, ""W_Completeren aanvraag"": 5}","{""W_Nabellen incomplete dossiers"": 6, ""W_Completeren aanvraag"": 4, ""W_Nabellen offertes"": 1}",W_Nabellen incomplete dossiers,W_Nabellen incomplete dossiers,2061.139575595273,60.758289414,0.9940302114769565,0.9940302114769565,0.003125,4.123228208020767,0.3528500804357331
Value 20,Value 23,11,"{""W_Nabellen offertes"": 7, ""W_Nabellen incomplete dossiers"": 3, ""W_Completeren aanvraag"": 1}","{""W_Nabellen offertes"": 7, ""W_Nabellen incomplete dossiers"": 3, ""W_Completeren aanvraag"": 1}",W_Nabellen offertes,W_Nabellen offertes,984.37007804,846.737669552,1.2406705316766884,0.7827759528141421,0.002398081534772182,6.742571235989324,0.577003426183029
Value 22,Value 62,11,"{""W_Valideren aanvraag"": 10, ""W_Nabellen incomplete dossiers"": 1}","{""W_Valideren aanvraag"": 10, ""W_Nabellen incomplete dossiers"": 1}",W_Valideren aanvraag,W_Valideren aanvraag,411.1418955561818,39.101743311,0.4394969869215134,0.4394969869215134,0.002514860539551898,3.6914198074573283,0.31589757109481253
Value 25,Value 15,11,"{""W_Afhandelen leads"": 6, ""W_Completeren aanvraag"": 4, ""W_Nabellen offertes"": 1}","{""W_Completeren aanvraag"": 9, ""W_Nabellen offertes"": 2}",W_Afhandelen leads,W_Completeren aanvraag,5968.237264005363,561.000255264,1.3221793455166666,0.8342022886441014,0.006922592825676526,6.331502304099994,0.5418257211509309
Value 43,Value 31,11,"{""W_Nabellen incomplete dossiers"": 10, ""W_Nabellen offertes"": 1}","{""W_Nabellen incomplete dossiers"": 10, ""W_Nabellen offertes"": 1}",W_Nabellen incomplete dossiers,W_Nabellen incomplete dossiers,1202.611925685091,1280.303766682,0.4394969869215134,0.4394969869215134,0.0031214528944381384,7.155633406245854,0.6123517049216287
Value 58,Value 4,11,"{""W_Nabellen offertes"": 6, ""W_Completeren aanvraag"": 5}","{""W_Nabellen offertes"": 6, ""W_Completeren aanvraag"": 5}",W_Nabellen offertes,W_Nabellen offertes,623.0996750449092,746.931347888,0.9940302114769565,0.9940302114769565,0.009760425909494233,6.617311192863957,0.566284151366711
Value 20,Value 40,11,"{""W_Nabellen offertes"": 9, ""W_Completeren aanvraag"": 2}","{""W_Nabellen offertes"": 9, ""W_Completeren aanvraag"": 2}",W_Nabellen offertes,W_Nabellen offertes,3896.5971163686368,167.801162803,0.6840384356390417,0.6840384356390417,0.002398081534772182,5.128721470781495,0.4388963433984655
Value 9,Value 14,11,"{""W_Nabellen offertes"": 8, ""W_Completeren aanvraag"": 3}","{""W_Nabellen offertes"": 8, ""W_Completeren aanvraag"": 3}",W_Nabellen offertes,W_Nabellen offertes,5144.025273120181,4398.090898245,0.8453509366224364,0.8453509366224364,0.014066496163682864,8.389153184523504,0.7179116038711133
Value 34,Value 28,11,"{""W_Nabellen offertes"": 5, ""W_Completeren aanvraag"": 5, ""W_Nabellen incomplete dossiers"": 1}","{""W_Nabellen offertes"": 6, ""W_Completeren aanvraag"": 4, ""W_Nabellen incomplete dossiers"": 1}",W_Nabellen offertes,W_Nabellen offertes,3937.388652128546,2092.895144534,1.3485878960124222,0.8508642289005679,0.004323899371069182,7.646781315933172,0.6543822622169768
Value 4,Value 25,11,"{""W_Nabellen offertes"": 5, ""W_Afhandelen leads"": 3, ""W_Nabellen incomplete dossiers"": 2, ""W_Completeren aanvraag"": 1}","{""W_Nabellen offertes"": 5, ""W_Completeren aanvraag"": 3, ""W_Nabellen incomplete dossiers"": 2, ""W_Afhandelen leads"": 1}",W_Nabellen offertes,W_Nabellen offertes,1115.7209454524543,160.997138775,1.789929075309999,0.8949645376549995,0.0031563845050215206,5.087578673193695,0.435375500334294
Value 32,Value 13,11,"{""W_Nabellen offertes"": 5, ""W_Completeren aanvraag"": 5, ""W_Nabellen incomplete dossiers"": 1}","{""W_Nabellen offertes"": 5, ""W_Completeren aanvraag"": 5, ""W_Nabellen incomplete dossiers"": 1}",W_Nabellen offertes,W_Nabellen offertes,3176.2695026889096,879.978128688,1.3485878960124222,0.8508642289005679,0.006539833531510107,6.78103280007524,0.5802948195517006
Value 58,Value 15,11,"{""W_Nabellen offertes"": 10, ""W_Completeren aanvraag"": 1}","{""W_Nabellen offertes"": 10, ""W_Completeren aanvraag"": 1}",W_Nabellen offertes,W_Nabellen offertes,5536.708847933454,6647.382438975,0.4394969869215134,0.4394969869215134,0.009760425909494233,8.802128861802304,0.7532524808718976
Value 25,Value 41,11,"{""W_Nabellen offertes"": 7, ""W_Completeren aanvraag"": 2, ""W_Afhandelen leads"": 2}","{""W_Nabellen offertes"": 7, ""W_Completeren aanvraag"": 4}",W_Nabellen offertes,W_Nabellen offertes,6341.505669686271,2274.784997374,1.3092966682370037,0.826074224242703,0.006922592825676526,7.730080325658451,0.6615106724816832
Value 28,Value 58,11,"{""W_Completeren aanvraag"": 6, ""W_Nabellen offertes"": 3, ""W_Nabellen incomplete dossiers"": 1, ""W_Afhandelen leads"": 1}","{""W_Completeren aanvraag"": 7, ""W_Nabellen offertes"": 3, ""W_Nabellen incomplete dossiers"": 1}",W_Completeren aanvraag,W_Completeren aanvraag,678.6021304524546,20.971352269,1.6171895725927152,0.8085947862963576,0.004594820384294068,3.0897394352078593,0.264408068929533
Value 5,Value 21,11,"{""W_Nabellen incomplete dossiers"": 8, ""W_Nabellen offertes"": 3}","{""W_Nabellen incomplete dossiers"": 8, ""W_Nabellen offertes"": 2, ""W_Valideren aanvraag"": 1}",W_Nabellen incomplete dossiers,W_Nabellen incomplete dossiers,1030.5511860600002,304.411134252,0.8453509366224364,0.8453509366224364,0.002981029810298103,5.721658850050541,0.48963765370514495
Value 23,Value 24,11,"{""W_Completeren aanvraag"": 7, ""W_Nabellen incomplete dossiers"": 2, ""W_Nabellen offertes"": 2}","{""W_Completeren aanvraag"": 6, ""W_Nabellen offertes"": 3, ""W_Nabellen incomplete dossiers"": 2}",W_Completeren aanvraag,W_Completeren aanvraag,1801.3622305493636,35.515643357,1.3092966682370037,0.826074224242703,0.008295625942684766,3.5977407538953625,0.307880876428196
Value 12,Value 18,11,"{""W_Completeren aanvraag"": 8, ""W_Nabellen offertes"": 3}","{""W_Completeren aanvraag"": 7, ""W_Nabellen offertes"": 4}",W_Completeren aanvraag,W_Completeren aanvraag,4220.105892354909,1493.639125321,0.8453509366224364,0.8453509366224364,0.0025457070122656793,7.309640068940925,0.6255310053576042
Value 14,Value 25,11,"{""W_Nabellen offertes"": 6, ""W_Completeren aanvraag"": 4, ""W_Nabellen incomplete dossiers"": 1}","{""W_Nabellen offertes"": 6, ""W_Completeren aanvraag"": 4, ""W_Nabellen incomplete dossiers"": 1}",W_Nabellen offertes,W_Nabellen offertes,6539.6188664874535,6856.291082443,1.3221793455166666,0.8342022886441014,0.0021645021645021645,8.833067756790692,0.7559001130267246
Value 32,Value 4,11,"{""W_Nabellen offertes"": 10, ""W_Nabellen incomplete dossiers"": 1}","{""W_Nabellen offertes"": 10, ""W_Nabellen incomplete dossiers"": 1}",W_Nabellen offertes,W_Nabellen offertes,2993.1999384798182,2724.861514213,0.4394969869215134,0.4394969869215134,0.006539833531510107,7.910539809136601,0.6769537040210947
Value 18,Value 41,11,"{""W_Completeren aanvraag"": 7, ""W_Afhandelen leads"": 2, ""W_Nabellen offertes"": 1, ""W_Nabellen incomplete dossiers"": 1}","{""W_Nabellen offertes"": 6, ""W_Completeren aanvraag"": 3, ""W_Afhandelen leads"": 1, ""W_Nabellen incomplete dossiers"": 1}",W_Completeren aanvraag,W_Nabellen offertes,13823.881374613638,6733.687916546,1.4911148500551858,0.7455574250275929,0.003433208489388265,8.815026750212718,0.7543562327705222
Value 8,Value 4,11,"{""W_Nabellen incomplete dossiers"": 6, ""W_Valideren aanvraag"": 5}","{""W_Nabellen incomplete dossiers"": 11}",W_Nabellen incomplete dossiers,W_Nabellen incomplete dossiers,802.6420113986362,392.435832969,0.9940302114769565,0.9940302114769565,0.003952569169960474,5.9749179871373945,0.5113106008193374
Value 22,Value 5,11,"{""W_Nabellen incomplete dossiers"": 8, ""W_Valideren aanvraag"": 3}","{""W_Nabellen incomplete dossiers"": 10, ""W_Valideren aanvraag"": 1}",W_Nabellen incomplete dossiers,W_Nabellen incomplete dossiers,654.4266904474545,173.296412133,0.8453509366224364,0.8453509366224364,0.002514860539551898,5.1607573678792305,0.44163785279291956
Value 50,Value 16,11,"{""W_Nabellen offertes"": 11}","{""W_Nabellen offertes"": 11}",W_Nabellen offertes,W_Nabellen offertes,4436.604575634,4448.310766528,0.0,0.0,0.04721030042918455,8.40050447923824,0.7188830042038314
Value 13,Value 27,11,"{""W_Completeren aanvraag"": 6, ""W_Nabellen offertes"": 4, ""W_Nabellen incomplete dossiers"": 1}","{""W_Nabellen offertes"": 7, ""W_Completeren aanvraag"": 3, ""W_Nabellen incomplete dossiers"": 1}",W_Completeren aanvraag,W_Nabellen offertes,6198.824116840001,8966.901114775,1.3221793455166666,0.8342022886441014,0.003815469996531391,9.101406938238817,0.7788635525894063
Value 41,Value 33,11,"{""W_Completeren aanvraag"": 5, ""W_Nabellen offertes"": 2, ""W_Nabellen incomplete dossiers"": 2, ""W_Valideren aanvraag"": 1, ""W_Afhandelen leads"": 1}","{""W_Completeren aanvraag"": 5, ""W_Nabellen offertes"": 2, ""W_Nabellen incomplete dossiers"": 2, ""W_Valideren aanvraag"": 1, ""W_Afhandelen leads"": 1}",W_Completeren aanvraag,W_Completeren aanvraag,9592.242642891455,1644.521197029,2.0403733936884962,0.8787409903782898,0.003125,7.405812450116894,0.6337610694534079
Value 13,Value 33,11,"{""W_Completeren aanvraag"": 7, ""W_Nabellen offertes"": 2, ""W_Wijzigen contractgegevens"": 1, ""W_Afhandelen leads"": 1}","{""W_Completeren aanvraag"": 6, ""W_Nabellen offertes"": 4, ""W_Afhandelen leads"": 1}",W_Completeren aanvraag,W_Completeren aanvraag,6853.688911470183,2254.531117746,1.4911148500551858,0.7455574250275929,0.003815469996531391,7.721140753138118,0.6607456580988448
Value 23,Value 5,11,"{""W_Nabellen offertes"": 5, ""W_Nabellen incomplete dossiers"": 5, ""W_Completeren aanvraag"": 1}","{""W_Nabellen offertes"": 6, ""W_Nabellen incomplete dossiers"": 5}",W_Nabellen offertes,W_Nabellen offertes,7718.331735209546,7556.194376421,1.3485878960124222,0.8508642289005679,0.008295625942684766,8.930255286063625,0.7642170496092295
Value 4,Value 27,11,"{""W_Nabellen incomplete dossiers"": 5, ""W_Nabellen offertes"": 4, ""W_Completeren aanvraag"": 2}","{""W_Nabellen offertes"": 5, ""W_Nabellen incomplete dossiers"": 5, ""W_Completeren aanvraag"": 1}",W_Nabellen incomplete dossiers,W_Nabellen offertes,8089.661439484455,8106.484494951,1.4949188482339508,0.9431887805255736,0.0031563845050215206,9.000542925746835,0.7702319966518438
Value 27,Value 44,11,"{""W_Nabellen incomplete dossiers"": 8, ""W_Nabellen offertes"": 2, ""W_Completeren aanvraag"": 1}","{""W_Nabellen incomplete dossiers"": 8, ""W_Nabellen offertes"": 2, ""W_Completeren aanvraag"": 1}",W_Nabellen incomplete dossiers,W_Nabellen incomplete dossiers,1443.1156129288183,345.649793063,1.0957952550009336,0.6913698302025114,0.004169825625473844,5.848315028425968,0.5004764044297633
Value 27,Value 12,11,"{""W_Completeren aanvraag"": 4, ""W_Nabellen incomplete dossiers"": 4, ""W_Nabellen offertes"": 3}","{""W_Nabellen offertes"": 4, ""W_Nabellen incomplete dossiers"": 4, ""W_Completeren aanvraag"": 3}",W_Completeren aanvraag,W_Nabellen offertes,6066.707651946455,3354.148307402,1.5726236638951638,0.9922150607220183,0.004169825625473844,8.118251253317597,0.6947288539980269
Value 25,Value 33,10,"{""W_Nabellen incomplete dossiers"": 4, ""W_Completeren aanvraag"": 3, ""W_Valideren aanvraag"": 1, ""W_Nabellen offertes"": 1, ""W_Afhandelen leads"": 1}","{""W_Nabellen incomplete dossiers"": 4, ""W_Completeren aanvraag"": 3, ""W_Valideren aanvraag"": 1, ""W_Nabellen offertes"": 1, ""W_Afhandelen leads"": 1}",W_Nabellen incomplete dossiers,W_Nabellen incomplete dossiers,3015.5508054748,2012.725853697,2.0464393446710156,0.8813534532688831,0.0062932662051604785,7.607741943703963,0.651041422240077
Value 23,Value 40,10,"{""W_Nabellen offertes"": 7, ""W_Nabellen incomplete dossiers"": 3}","{""W_Nabellen offertes"": 7, ""W_Nabellen incomplete dossiers"": 3}",W_Nabellen offertes,W_Nabellen offertes,5011.1637462904,2859.9148001175,0.8812908992306927,0.8812908992306927,0.007541478129713424,7.95889671285048,0.681091902661634
Value 18,Value 34,10,"{""W_Nabellen offertes"": 4, ""W_Afhandelen leads"": 4, ""W_Completeren aanvraag"": 2}","{""W_Completeren aanvraag"": 6, ""W_Nabellen offertes"": 4}",W_Nabellen offertes,W_Completeren aanvraag,8571.0337142469,6089.386741353,1.5219280948873621,0.9602297178607612,0.003121098626716604,8.714466863014886,0.7457507027110071
Value 32,Value 1,10,"{""W_Nabellen offertes"": 5, ""W_Completeren aanvraag"": 5}","{""A_CANCELLED"": 9, ""O_CANCELLED"": 1}",W_Nabellen offertes,A_CANCELLED,2098.8264134022993,5.1359999999999996e-05,1.0,1.0,0.005945303210463734,5.135868112035824e-05,4.3950792558946086e-06
Value 26,Value 41,10,"{""W_Valideren aanvraag"": 8, ""W_Afhandelen leads"": 1, ""W_Nabellen incomplete dossiers"": 1}","{""W_Nabellen incomplete dossiers"": 9, ""W_Afhandelen leads"": 1}",W_Valideren aanvraag,W_Nabellen incomplete dossiers,56.36148377439999,25.988923894,0.9219280948873623,0.5816718657178868,0.0028951939779965257,3.295426555690416,0.2820099850363552
Value 26,Value 16,10,"{""W_Valideren aanvraag"": 9, ""W_Nabellen incomplete dossiers"": 1}","{""W_Valideren aanvraag"": 9, ""W_Nabellen incomplete dossiers"": 1}",W_Valideren aanvraag,W_Valideren aanvraag,5260.0246692002,140.097174402,0.4689955935892812,0.4689955935892812,0.0028951939779965257,4.94944883315861,0.42355487758240645
Value 31,Value 39,10,"{""W_Nabellen incomplete dossiers"": 8, ""W_Nabellen offertes"": 2}","{""W_Nabellen incomplete dossiers"": 8, ""W_Nabellen offertes"": 2}",W_Nabellen incomplete dossiers,W_Nabellen incomplete dossiers,1468.2040831729,810.5598858895,0.7219280948873623,0.7219280948873623,0.00432338953739732,6.698958180768476,0.5732711879302956
Value 12,Value 24,10,"{""W_Completeren aanvraag"": 6, ""W_Nabellen offertes"": 3, ""W_Nabellen incomplete dossiers"": 1}","{""W_Completeren aanvraag"": 5, ""W_Nabellen offertes"": 4, ""W_Nabellen incomplete dossiers"": 1}",W_Completeren aanvraag,W_Completeren aanvraag,2444.9573984105004,1494.036229549,1.295461844238322,0.8173454221465103,0.0023142791020597086,7.309905719343193,0.6255537387017411
Value 26,Value 44,10,"{""W_Valideren aanvraag"": 8, ""W_Nabellen incomplete dossiers"": 2}","{""W_Nabellen incomplete dossiers"": 10}",W_Valideren aanvraag,W_Nabellen incomplete dossiers,94.9222267353,88.001853334,0.7219280948873623,0.7219280948873623,0.0028951939779965257,4.488657193492852,0.3841220936283447
Value 45,Value 41,10,"{""W_Nabellen incomplete dossiers"": 5, ""W_Completeren aanvraag"": 3, ""W_Nabellen offertes"": 2}","{""W_Nabellen incomplete dossiers"": 5, ""W_Completeren aanvraag"": 3, ""W_Nabellen offertes"": 2}",W_Nabellen incomplete dossiers,W_Nabellen incomplete dossiers,1260.9467355071,918.5202367045,1.4854752972273344,0.9372305632161296,0.011198208286674132,6.823852052181206,0.5839591271736745
Value 43,Value 21,10,"{""W_Nabellen incomplete dossiers"": 8, ""W_Nabellen offertes"": 1, ""W_Completeren aanvraag"": 1}","{""W_Nabellen incomplete dossiers"": 8, ""W_Nabellen offertes"": 2}",W_Nabellen incomplete dossiers,W_Nabellen incomplete dossiers,1785.5073437039002,805.251799211,0.9219280948873623,0.5816718657178868,0.0028376844494892167,6.692396099687027,0.5727096301603641
Value 1,Value 8,10,"{""W_Completeren aanvraag"": 6, ""W_Afhandelen leads"": 3, ""W_Beoordelen fraude"": 1}","{""W_Completeren aanvraag"": 6, ""W_Afhandelen leads"": 3, ""W_Beoordelen fraude"": 1}",W_Completeren aanvraag,W_Completeren aanvraag,403.8651523372,3.4265411765,1.295461844238322,0.8173454221465103,0.0004013807497792406,1.4876185062961176,0.1273046950404513
Value 34,Value 46,10,"{""W_Nabellen offertes"": 7, ""W_Nabellen incomplete dossiers"": 3}","{""W_Nabellen offertes"": 7, ""W_Nabellen incomplete dossiers"": 3}",W_Nabellen offertes,W_Nabellen offertes,2419.5390879127,950.715906208,0.8812908992306927,0.8812908992306927,0.003930817610062893,6.858266572407159,0.5869041900266748
Value 30,Value 14,10,"{""W_Nabellen incomplete dossiers"": 5, ""W_Nabellen offertes"": 4, ""W_Afhandelen leads"": 1}","{""W_Nabellen incomplete dossiers"": 5, ""W_Nabellen offertes"": 4, ""W_Completeren aanvraag"": 1}",W_Nabellen incomplete dossiers,W_Nabellen incomplete dossiers,879.7344419571998,278.6903961345,1.3609640474436813,0.8586727110732552,0.006798096532970768,5.633683263309865,0.4821090398880773
Value 4,Value 55,10,"{""W_Nabellen incomplete dossiers"": 4, ""W_Completeren aanvraag"": 4, ""W_Nabellen offertes"": 2}","{""W_Nabellen incomplete dossiers"": 4, ""W_Nabellen offertes"": 3, ""W_Completeren aanvraag"": 3}",W_Nabellen incomplete dossiers,W_Nabellen incomplete dossiers,2261.8374014118,1883.0131890095,1.5219280948873621,0.9602297178607612,0.0028694404591104736,7.541159455647633,0.6453435478850786
Value 44,Value 26,10,"{""W_Nabellen incomplete dossiers"": 9, ""W_Valideren aanvraag"": 1}","{""W_Valideren aanvraag"": 8, ""W_Nabellen incomplete dossiers"": 2}",W_Nabellen incomplete dossiers,W_Valideren aanvraag,1395.0994204263,645.6028359095001,0.4689955935892812,0.4689955935892812,0.003843197540353574,6.47173225116093,0.5538260630198815
Value 27,Value 40,10,"{""W_Nabellen offertes"": 6, ""W_Nabellen incomplete dossiers"": 2, ""W_Completeren aanvraag"": 2}","{""W_Nabellen offertes"": 6, ""W_Nabellen incomplete dossiers"": 2, ""W_Completeren aanvraag"": 2}",W_Nabellen offertes,W_Nabellen offertes,2750.6279034658996,1305.6498130635,1.3709505944546687,0.8649735207179273,0.0037907505686125853,7.175221745867527,0.6140280000143099
Value 27,Value 28,10,"{""W_Completeren aanvraag"": 8, ""W_Nabellen incomplete dossiers"": 1, ""W_Afhandelen leads"": 1}","{""W_Completeren aanvraag"": 9, ""W_Nabellen incomplete dossiers"": 1}",W_Completeren aanvraag,W_Completeren aanvraag,300.16101024029996,191.2793458795,0.9219280948873623,0.5816718657178868,0.0037907505686125853,5.2589492411034975,0.4500407372847166
Value 13,Value 43,10,"{""W_Completeren aanvraag"": 10}","{""W_Completeren aanvraag"": 10}",W_Completeren aanvraag,W_Completeren aanvraag,1294.624322092,1374.232092447,0.0,0.0,0.00346860908775581,7.226377790363391,0.6184057384038627
Value 31,Value 27,10,"{""W_Completeren aanvraag"": 6, ""W_Nabellen offertes"": 2, ""W_Afhandelen leads"": 1, ""W_Nabellen incomplete dossiers"": 1}","{""W_Completeren aanvraag"": 6, ""W_Nabellen offertes"": 3, ""W_Nabellen incomplete dossiers"": 1}",W_Completeren aanvraag,W_Completeren aanvraag,582.5323615548001,36.446443841000004,1.5709505944546687,0.7854752972273343,0.00432338953739732,3.6229117479377893,0.3100349137078306
Value 31,Value 18,10,"{""W_Completeren aanvraag"": 7, ""W_Nabellen incomplete dossiers"": 2, ""W_Nabellen offertes"": 1}","{""W_Completeren aanvraag"": 6, ""W_Nabellen incomplete dossiers"": 2, ""W_Nabellen offertes"": 2}",W_Completeren aanvraag,W_Completeren aanvraag,4101.3197233547,445.21666825949995,1.1567796494470395,0.7298466991620975,0.00432338953739732,6.100804637328279,0.5220834982687756
Value 11,Value 39,10,"{""W_Nabellen offertes"": 10}","{""W_Nabellen offertes"": 10}",W_Nabellen offertes,W_Nabellen offertes,6394.4333642207,7287.9032534835005,0.0,0.0,0.0027800945232137894,8.894108368346329,0.7611237348130121
Value 12,Value 32,10,"{""W_Completeren aanvraag"": 7, ""W_Nabellen offertes"": 2, ""W_Nabellen incomplete dossiers"": 1}","{""W_Completeren aanvraag"": 7, ""W_Nabellen offertes"": 2, ""W_Nabellen incomplete dossiers"": 1}",W_Completeren aanvraag,W_Completeren aanvraag,1642.571349134,1051.204918232,1.1567796494470395,0.7298466991620975,0.0023142791020597086,6.95864316352262,0.5954940343093797
Value 31,Value 32,10,"{""W_Completeren aanvraag"": 5, ""W_Nabellen offertes"": 5}","{""W_Completeren aanvraag"": 5, ""W_Nabellen offertes"": 5}",W_Completeren aanvraag,W_Completeren aanvraag,3691.6260581104993,3757.0247760815,1.0,1.0,0.00432338953739732,8.231648772841911,0.7044329794712502
Value 13,Value 15,10,"{""W_Nabellen offertes"": 5, ""W_Completeren aanvraag"": 5}","{""W_Nabellen offertes"": 6, ""W_Completeren aanvraag"": 4}",W_Nabellen offertes,W_Nabellen offertes,4254.171335114699,1946.9444052875,1.0,1.0,0.00346860908775581,7.574529944415091,0.6481992665239045
Value 44,Value 23,10,"{""W_Nabellen incomplete dossiers"": 10}","{""W_Nabellen incomplete dossiers"": 10}",W_Nabellen incomplete dossiers,W_Nabellen incomplete dossiers,1121.3258388765,599.427719906,0.0,0.0,0.003843197540353574,6.397642267757506,0.5474857259624939
Value 23,Value 13,10,"{""W_Completeren aanvraag"": 7, ""W_Nabellen offertes"": 2, ""W_Nabellen incomplete dossiers"": 1}","{""W_Completeren aanvraag"": 7, ""W_Nabellen offertes"": 2, ""W_Nabellen incomplete dossiers"": 1}",W_Completeren aanvraag,W_Completeren aanvraag,5026.6686727364,3915.2237935129997,1.1567796494470395,0.7298466991620975,0.007541478129713424,8.272883150514168,0.7079616596083501
Value 27,Value 23,10,"{""W_Nabellen incomplete dossiers"": 7, ""W_Nabellen offertes"": 3}","{""W_Nabellen incomplete dossiers"": 7, ""W_Nabellen offertes"": 3}",W_Nabellen incomplete dossiers,W_Nabellen incomplete dossiers,5587.7614158752,2715.632140053,0.8812908992306927,0.8812908992306927,0.0037907505686125853,7.9071482083030915,0.676663463809655
Value 6,Value 41,10,"{""W_Valideren aanvraag"": 6, ""W_Afhandelen leads"": 2, ""W_Nabellen incomplete dossiers"": 2}","{""W_Nabellen incomplete dossiers"": 8, ""W_Afhandelen leads"": 2}",W_Valideren aanvraag,W_Nabellen incomplete dossiers,343.1090203782,182.51290194199998,1.3709505944546687,0.8649735207179273,0.003763643206624012,5.212284975333597,0.4460473881175873
Value 46,Value 14,10,"{""W_Nabellen incomplete dossiers"": 9, ""W_Nabellen offertes"": 1}","{""W_Nabellen incomplete dossiers"": 9, ""W_Valideren aanvraag"": 1}",W_Nabellen incomplete dossiers,W_Nabellen incomplete dossiers,155.41661170790002,46.8352757575,0.4689955935892812,0.4689955935892812,0.004221190375685944,3.8677633538778085,0.33098837650251445
Value 28,Value 40,10,"{""W_Nabellen offertes"": 7, ""W_Completeren aanvraag"": 2, ""W_Nabellen incomplete dossiers"": 1}","{""W_Nabellen offertes"": 8, ""W_Nabellen incomplete dossiers"": 1, ""W_Completeren aanvraag"": 1}",W_Nabellen offertes,W_Nabellen offertes,3066.3130300337,2799.1862519799997,1.1567796494470395,0.7298466991620975,0.004177109440267335,7.93744121251532,0.6792558231052507
Value 41,Value 28,10,"{""W_Nabellen offertes"": 6, ""W_Completeren aanvraag"": 3, ""W_Nabellen incomplete dossiers"": 1}","{""W_Nabellen offertes"": 6, ""W_Completeren aanvraag"": 3, ""W_Nabellen incomplete dossiers"": 1}",W_Nabellen offertes,W_Nabellen offertes,4157.8705638246,396.21682912200004,1.295461844238322,0.8173454221465103,0.002840909090909091,5.984482300664196,0.5121290781451084
Value 55,Value 1,10,"{""W_Completeren aanvraag"": 7, ""W_Nabellen offertes"": 3}","{""A_CANCELLED"": 7, ""O_CANCELLED"": 3}",W_Completeren aanvraag,A_CANCELLED,793.4458869657999,0.00010551199999999999,0.8812908992306927,0.8812908992306927,0.005773672055427252,0.00010550643400044438,9.028836592436474e-06
Value 31,Value 33,10,"{""W_Nabellen incomplete dossiers"": 9, ""W_Nabellen offertes"": 1}","{""W_Nabellen incomplete dossiers"": 9, ""W_Nabellen offertes"": 1}",W_Nabellen incomplete dossiers,W_Nabellen incomplete dossiers,1957.4609025494003,832.6494387299999,0.4689955935892812,0.4689955935892812,0.00432338953739732,6.725812976738083,0.5755693185308596
Value 12,Value 31,10,"{""W_Nabellen incomplete dossiers"": 7, ""W_Nabellen offertes"": 3}","{""W_Nabellen incomplete dossiers"": 7, ""W_Nabellen offertes"": 3}",W_Nabellen incomplete dossiers,W_Nabellen incomplete dossiers,2820.3269369986997,672.6606555455,0.8812908992306927,0.8812908992306927,0.0023142791020597086,6.51272650570535,0.5573341943392356
Value 28,Value 19,10,"{""W_Afhandelen leads"": 5, ""W_Completeren aanvraag"": 4, ""W_Nabellen incomplete dossiers"": 1}","{""W_Completeren aanvraag"": 8, ""W_Nabellen incomplete dossiers"": 1, ""W_Nabellen offertes"": 1}",W_Afhandelen leads,W_Completeren aanvraag,5867.5715002931,1012.8444779834999,1.3609640474436813,0.8586727110732552,0.004177109440267335,6.921504797618292,0.5923158751739959
Value 23,Value 15,10,"{""W_Nabellen offertes"": 6, ""W_Completeren aanvraag"": 2, ""W_Nabellen incomplete dossiers"": 1, ""W_Afhandelen leads"": 1}","{""W_Nabellen offertes"": 7, ""W_Completeren aanvraag"": 2, ""W_Nabellen incomplete dossiers"": 1}",W_Nabellen offertes,W_Nabellen offertes,6252.796659023499,3981.0508783005002,1.5709505944546687,0.7854752972273343,0.007541478129713424,8.289552261614464,0.7093881383031481
Value 41,Value 22,10,"{""W_Nabellen incomplete dossiers"": 4, ""W_Valideren aanvraag"": 3, ""W_Nabellen offertes"": 3}","{""W_Valideren aanvraag"": 6, ""W_Nabellen offertes"": 3, ""W_Nabellen incomplete dossiers"": 1}",W_Nabellen incomplete dossiers,W_Valideren aanvraag,1848.5977344865998,820.591293145,1.5709505944546684,0.9911594714322186,0.002840909090909091,6.711243061120269,0.574322480946734
Value 12,Value 25,10,"{""W_Nabellen offertes"": 5, ""W_Nabellen incomplete dossiers"": 3, ""W_Completeren aanvraag"": 2}","{""W_Nabellen offertes"": 5, ""W_Nabellen incomplete dossiers"": 3, ""W_Completeren aanvraag"": 2}",W_Nabellen offertes,W_Nabellen offertes,2841.8407487962,958.007598369,1.4854752972273344,0.9372305632161296,0.0023142791020597086,6.8658989980731135,0.5875573437873405
Value 15,Value 23,10,"{""W_Nabellen incomplete dossiers"": 5, ""W_Nabellen offertes"": 4, ""W_Completeren aanvraag"": 1}","{""W_Nabellen incomplete dossiers"": 5, ""W_Nabellen offertes"": 4, ""W_Completeren aanvraag"": 1}",W_Nabellen incomplete dossiers,W_Nabellen incomplete dossiers,1884.0633470357,182.68222542249998,1.3609640474436813,0.8586727110732552,0.0016385384237260364,5.213207228816191,0.4461263110389241
Value 37,Value 1,10,"{""W_Completeren aanvraag"": 10}","{""A_CANCELLED"": 10}",W_Completeren aanvraag,A_CANCELLED,2091.5321450295,5.72875e-05,0.0,0.0,0.02631578947368421,5.728585913383899e-05,4.902304452585216e-06
Value 23,Value 20,10,"{""W_Nabellen offertes"": 7, ""W_Completeren aanvraag"": 2, ""W_Nabellen incomplete dossiers"": 1}","{""W_Nabellen offertes"": 8, ""W_Completeren aanvraag"": 1, ""W_Nabellen incomplete dossiers"": 1}",W_Nabellen offertes,W_Nabellen offertes,6824.7718373669995,2111.796415991,1.1567796494470395,0.7298466991620975,0.007541478129713424,7.655767664650075,0.6551512795275916
Value 8,Value 18,10,"{""W_Valideren aanvraag"": 6, ""W_Nabellen incomplete dossiers"": 3, ""W_Completeren aanvraag"": 1}","{""W_Nabellen incomplete dossiers"": 7, ""W_Valideren aanvraag"": 2, ""W_Completeren aanvraag"": 1}",W_Valideren aanvraag,W_Nabellen incomplete dossiers,1906.6454750424,180.358683113,1.295461844238322,0.8173454221465103,0.0035932446999640674,5.200476744996246,0.44503688498408794
Value 32,Value 27,10,"{""W_Completeren aanvraag"": 4, ""W_Nabellen offertes"": 4, ""W_Afhandelen leads"": 2}","{""W_Completeren aanvraag"": 6, ""W_Nabellen offertes"": 4}",W_Completeren aanvraag,W_Completeren aanvraag,8554.1659621685,999.3527493409999,1.5219280948873621,0.9602297178607612,0.005945303210463734,6.908107966121715,0.5911694256367241
Value 55,Value 40,10,"{""W_Nabellen incomplete dossiers"": 5, ""W_Nabellen offertes"": 3, ""W_Afhandelen leads"": 1, ""W_Completeren aanvraag"": 1}","{""W_Nabellen incomplete dossiers"": 5, ""W_Nabellen offertes"": 4, ""W_Afhandelen leads"": 1}",W_Nabellen incomplete dossiers,W_Nabellen incomplete dossiers,3541.2743539382004,349.2454688235,1.6854752972273346,0.8427376486136673,0.005773672055427252,5.85863424815556,0.50135948373751
Value 19,Value 34,10,"{""W_Completeren aanvraag"": 8, ""W_Nabellen offertes"": 2}","{""W_Completeren aanvraag"": 8, ""W_Nabellen offertes"": 2}",W_Completeren aanvraag,W_Completeren aanvraag,2469.5292816827,160.930488204,0.7219280948873623,0.7219280948873623,0.012642225031605562,5.087167157988511,0.43534028443890227
Value 10,Value 39,10,"{""W_Completeren aanvraag"": 5, ""W_Nabellen offertes"": 5}","{""W_Nabellen offertes"": 10}",W_Completeren aanvraag,W_Nabellen offertes,14109.418678866201,10050.129339180501,1.0,1.0,0.002828054298642534,9.215440279231716,0.7886220892290783
Value 30,Value 4,10,"{""W_Nabellen offertes"": 5, ""W_Nabellen incomplete dossiers"": 3, ""W_Completeren aanvraag"": 2}","{""W_Nabellen offertes"": 5, ""W_Nabellen incomplete dossiers"": 3, ""W_Completeren aanvraag"": 2}",W_Nabellen offertes,W_Nabellen offertes,2895.1251482906,827.2496358045,1.4854752972273344,0.9372305632161296,0.006798096532970768,6.719314601463036,0.5750132124598831
Value 62,Value 8,9,"{""W_Valideren aanvraag"": 9}","{""W_Valideren aanvraag"": 9}",W_Valideren aanvraag,W_Valideren aanvraag,21.93832857222222,5.891863821,0.0,0.0,0.019067796610169493,1.9303415594745343,0.16519123855528237
Value 44,Value 34,9,"{""W_Completeren aanvraag"": 5, ""W_Nabellen incomplete dossiers"": 4}","{""W_Nabellen incomplete dossiers"": 4, ""W_Completeren aanvraag"": 4, ""W_Nabellen offertes"": 1}",W_Completeren aanvraag,W_Nabellen incomplete dossiers,1365.356162807,376.605475047,0.9910760598382222,0.9910760598382222,0.0034588777863182167,5.933849933761037,0.5077961540785535
Value 4,Value 58,9,"{""W_Nabellen offertes"": 4, ""W_Nabellen incomplete dossiers"": 4, ""W_Completeren aanvraag"": 1}","{""W_Nabellen offertes"": 4, ""W_Nabellen incomplete dossiers"": 4, ""W_Completeren aanvraag"": 1}",W_Nabellen offertes,W_Nabellen offertes,2379.2585231616667,2466.732958522,1.3921472236645345,0.8783471047618534,0.002582496413199426,7.811055177599753,0.6684401902234322
Value 9,Value 41,9,"{""W_Completeren aanvraag"": 6, ""W_Nabellen offertes"": 2, ""W_Nabellen incomplete dossiers"": 1}","{""W_Completeren aanvraag"": 5, ""W_Nabellen offertes"": 3, ""W_Nabellen incomplete dossiers"": 1}",W_Completeren aanvraag,W_Completeren aanvraag,3501.2133394664447,2929.662700747,1.224394445405986,0.7725068857142602,0.011508951406649617,7.982983854166138,0.683153187975448
Value 28,Value 21,9,"{""W_Nabellen offertes"": 5, ""W_Completeren aanvraag"": 3, ""W_Nabellen incomplete dossiers"": 1}","{""W_Nabellen offertes"": 8, ""W_Nabellen incomplete dossiers"": 1}",W_Nabellen offertes,W_Nabellen offertes,11456.079652593666,6063.832105119,1.3516441151533922,0.8527924884900404,0.0037593984962406013,8.71026213840949,0.7453908784809686
Value 50,Value 20,9,"{""W_Completeren aanvraag"": 7, ""W_Nabellen incomplete dossiers"": 1, ""W_Nabellen offertes"": 1}","{""W_Completeren aanvraag"": 7, ""W_Nabellen incomplete dossiers"": 1, ""W_Nabellen offertes"": 1}",W_Completeren aanvraag,W_Completeren aanvraag,1603.0524772914443,1494.163148484,0.9864267287308424,0.6223659728744493,0.03862660944206009,7.309990609291341,0.6255610032584237
Value 34,Value 55,9,"{""W_Nabellen incomplete dossiers"": 4, ""W_Completeren aanvraag"": 4, ""W_Nabellen offertes"": 1}","{""W_Nabellen incomplete dossiers"": 4, ""W_Completeren aanvraag"": 4, ""W_Nabellen offertes"": 1}",W_Nabellen incomplete dossiers,W_Nabellen incomplete dossiers,7936.113079766111,6833.033669177,1.3921472236645345,0.8783471047618534,0.003537735849056604,8.82967035937908,0.7556093767663284
Value 24,Value 27,9,"{""W_Completeren aanvraag"": 5, ""W_Afhandelen leads"": 2, ""W_Nabellen offertes"": 2}","{""W_Completeren aanvraag"": 6, ""W_Nabellen offertes"": 2, ""W_Afhandelen leads"": 1}",W_Completeren aanvraag,W_Completeren aanvraag,2710.961163225667,217.272299599,1.4355205042826666,0.9057125980138372,0.003415559772296015,5.385743364066111,0.4608912927788575
Value 25,Value 4,9,"{""W_Nabellen offertes"": 7, ""W_Afhandelen leads"": 2}","{""W_Nabellen offertes"": 7, ""W_Completeren aanvraag"": 1, ""W_Afhandelen leads"": 1}",W_Nabellen offertes,W_Nabellen offertes,7181.108492272222,1714.159382662,0.7642045065086203,0.7642045065086203,0.005663939584644431,7.447261289778691,0.637308102426306
Value 43,Value 39,9,"{""W_Nabellen incomplete dossiers"": 7, ""W_Completeren aanvraag"": 2}","{""W_Nabellen incomplete dossiers"": 7, ""W_Nabellen offertes"": 2}",W_Nabellen incomplete dossiers,W_Nabellen incomplete dossiers,2140.666958093667,240.973432315,0.7642045065086203,0.7642045065086203,0.002553916004540295,5.488827936307687,0.4697128757163159
Value 12,Value 8,9,"{""W_Nabellen incomplete dossiers"": 8, ""W_Valideren aanvraag"": 1}","{""W_Nabellen incomplete dossiers"": 6, ""W_Valideren aanvraag"": 3}",W_Nabellen incomplete dossiers,W_Nabellen incomplete dossiers,959.2657457193335,972.850072354,0.5032583347756457,0.5032583347756457,0.0020828511918537375,6.881257361972769,0.58887165375612
Value 22,Value 14,9,"{""W_Valideren aanvraag"": 7, ""W_Nabellen incomplete dossiers"": 1, ""W_Completeren aanvraag"": 1}","{""W_Nabellen incomplete dossiers"": 8, ""W_Completeren aanvraag"": 1}",W_Valideren aanvraag,W_Nabellen incomplete dossiers,209.65001605433332,139.520451559,0.9864267287308424,0.6223659728744493,0.00205761316872428,4.945353040878088,0.4232043753635822
Value 4,Value 9,9,"{""W_Nabellen incomplete dossiers"": 5, ""W_Completeren aanvraag"": 2, ""W_Afhandelen leads"": 2}","{""W_Nabellen incomplete dossiers"": 5, ""W_Nabellen offertes"": 2, ""W_Completeren aanvraag"": 2}",W_Nabellen incomplete dossiers,W_Nabellen incomplete dossiers,13757.894235646112,169.581615863,1.4355205042826666,0.9057125980138372,0.002582496413199426,5.139213867603748,0.4397942425386328
Value 27,Value 43,9,"{""W_Completeren aanvraag"": 6, ""W_Nabellen incomplete dossiers"": 2, ""W_Nabellen offertes"": 1}","{""W_Completeren aanvraag"": 6, ""W_Nabellen incomplete dossiers"": 2, ""W_Nabellen offertes"": 1}",W_Completeren aanvraag,W_Completeren aanvraag,1756.5865240110002,147.672674338,1.224394445405986,0.7725068857142602,0.003411675511751327,5.00174707288077,0.42803036066547095
Value 24,Value 28,9,"{""W_Completeren aanvraag"": 5, ""W_Nabellen incomplete dossiers"": 2, ""W_Nabellen offertes"": 2}","{""W_Completeren aanvraag"": 4, ""W_Nabellen offertes"": 3, ""W_Nabellen incomplete dossiers"": 2}",W_Completeren aanvraag,W_Completeren aanvraag,1277.9070158255554,58.088845725,1.4355205042826666,0.9057125980138372,0.003415559772296015,4.079042170981647,0.34906880859318484
Value 28,Value 24,9,"{""W_Nabellen offertes"": 3, ""W_Completeren aanvraag"": 3, ""W_Nabellen incomplete dossiers"": 2, ""W_Afhandelen leads"": 1}","{""W_Nabellen offertes"": 5, ""W_Nabellen incomplete dossiers"": 2, ""W_Afhandelen leads"": 1, ""W_Completeren aanvraag"": 1}",W_Nabellen offertes,W_Nabellen offertes,1899.5367989895556,1186.905651837,1.8910611120726526,0.9455305560363263,0.0037593984962406013,7.079947079123219,0.6058747588818347
Value 25,Value 23,9,"{""W_Afhandelen leads"": 4, ""W_Nabellen incomplete dossiers"": 3, ""W_Completeren aanvraag"": 2}","{""W_Completeren aanvraag"": 5, ""W_Nabellen incomplete dossiers"": 3, ""W_Nabellen offertes"": 1}",W_Afhandelen leads,W_Completeren aanvraag,2374.322104501334,152.46102337,1.5304930567574824,0.9656336071428251,0.005663939584644431,5.033446615370578,0.43074308612062445
Value 14,Value 50,9,"{""W_Nabellen offertes"": 9}","{""W_Nabellen offertes"": 9}",W_Nabellen offertes,W_Nabellen offertes,9343.18363618089,9335.389861503,0.0,0.0,0.0017709563164108619,9.141674932038706,0.7823095332954068
Value 25,Value 21,9,"{""W_Nabellen offertes"": 6, ""W_Nabellen incomplete dossiers"": 2, ""W_Completeren aanvraag"": 1}","{""W_Nabellen offertes"": 7, ""W_Nabellen incomplete dossiers"": 2}",W_Nabellen offertes,W_Nabellen offertes,12458.72486707689,2648.247445077,1.224394445405986,0.7725068857142602,0.005663939584644431,7.882030895659652,0.6745140203785767
Value 30,Value 5,9,"{""W_Nabellen incomplete dossiers"": 4, ""W_Nabellen offertes"": 3, ""W_Completeren aanvraag"": 2}","{""W_Nabellen offertes"": 5, ""W_Nabellen incomplete dossiers"": 4}",W_Nabellen incomplete dossiers,W_Nabellen offertes,4448.456813653222,2412.694803246,1.5304930567574824,0.9656336071428251,0.006118286879673691,7.788913965846248,0.6665454301097495
Value 15,Value 1,9,"{""W_Nabellen offertes"": 5, ""W_Completeren aanvraag"": 4}","{""A_CANCELLED"": 8, ""O_CANCELLED"": 1}",W_Nabellen offertes,A_CANCELLED,3963.7355261214448,0.000145178,0.9910760598382222,0.9910760598382222,0.0014746845813534328,0.00014516746269400236,1.242287554896647e-05
Value 25,Value 13,9,"{""W_Completeren aanvraag"": 8, ""W_Nabellen offertes"": 1}","{""W_Completeren aanvraag"": 5, ""W_Nabellen offertes"": 4}",W_Completeren aanvraag,W_Completeren aanvraag,6162.839380785444,4090.281010759,0.5032583347756457,0.5032583347756457,0.005663939584644431,8.316613405562771,0.7117039273735344
Value 44,Value 28,9,"{""W_Nabellen offertes"": 4, ""W_Completeren aanvraag"": 3, ""W_Nabellen incomplete dossiers"": 2}","{""W_Nabellen offertes"": 5, ""W_Nabellen incomplete dossiers"": 2, ""W_Completeren aanvraag"": 2}",W_Nabellen offertes,W_Nabellen offertes,2951.6323036303334,801.594537103,1.5304930567574824,0.9656336071428251,0.0034588777863182167,6.687849651309527,0.5723205625185156
Value 34,Value 21,9,"{""W_Completeren aanvraag"": 6, ""W_Nabellen offertes"": 2, ""W_Nabellen incomplete dossiers"": 1}","{""W_Nabellen offertes"": 7, ""W_Nabellen incomplete dossiers"": 1, ""W_Completeren aanvraag"": 1}",W_Completeren aanvraag,W_Nabellen offertes,21623.368316225336,6061.318265834,1.224394445405986,0.7725068857142602,0.003537735849056604,8.709847558026777,0.7453554002794218
Value 46,Value 33,9,"{""W_Nabellen incomplete dossiers"": 5, ""W_Afhandelen leads"": 2, ""W_Nabellen offertes"": 2}","{""W_Nabellen incomplete dossiers"": 4, ""W_Valideren aanvraag"": 3, ""W_Afhandelen leads"": 2}",W_Nabellen incomplete dossiers,W_Nabellen incomplete dossiers,1518.0146105615556,1279.754898146,1.4355205042826666,0.9057125980138372,0.003799071338117349,7.155204947247681,0.612315039041318
Value 30,Value 41,9,"{""W_Nabellen offertes"": 6, ""W_Nabellen incomplete dossiers"": 2, ""W_Completeren aanvraag"": 1}","{""W_Nabellen offertes"": 7, ""W_Nabellen incomplete dossiers"": 2}",W_Nabellen offertes,W_Nabellen offertes,6877.081387811222,6801.328168119,1.224394445405986,0.7725068857142602,0.006118286879673691,8.8250202102309,0.7552114348096398
Value 30,Value 20,9,"{""W_Afhandelen leads"": 5, ""W_Completeren aanvraag"": 3, ""W_Nabellen offertes"": 1}","{""W_Completeren aanvraag"": 8, ""W_Nabellen offertes"": 1}",W_Afhandelen leads,W_Completeren aanvraag,435.8748454695555,284.940598392,1.3516441151533922,0.8527924884900404,0.006118286879673691,5.655784091317581,0.48400034411544196
Value 44,Value 8,9,"{""W_Nabellen incomplete dossiers"": 6, ""W_Nabellen offertes"": 1, ""W_Valideren aanvraag"": 1, ""W_Afhandelen leads"": 1}","{""W_Valideren aanvraag"": 4, ""W_Nabellen incomplete dossiers"": 3, ""W_Nabellen offertes"": 1, ""W_Beoordelen fraude"": 1}",W_Nabellen incomplete dossiers,W_Valideren aanvraag,1988.9392666723336,607.88382762,1.4466166676282082,0.7233083338141041,0.0034588777863182167,6.4116274902683745,0.5486825277495675
Value 28,Value 11,9,"{""W_Completeren aanvraag"": 4, ""W_Nabellen offertes"": 4, ""W_Afhandelen leads"": 1}","{""W_Nabellen offertes"": 6, ""W_Completeren aanvraag"": 3}",W_Completeren aanvraag,W_Nabellen offertes,4477.850832705445,1792.23667225,1.3921472236645345,0.8783471047618534,0.0037593984962406013,7.491777462802709,0.6411176260422097
Value 34,Value 18,9,"{""W_Completeren aanvraag"": 6, ""W_Nabellen offertes"": 3}","{""W_Nabellen offertes"": 5, ""W_Completeren aanvraag"": 4}",W_Completeren aanvraag,W_Nabellen offertes,15766.880188259665,2605.871010888,0.9182958340544896,0.9182958340544896,0.003537735849056604,7.865905934722467,0.6731341079709537
Value 22,Value 4,9,"{""W_Valideren aanvraag"": 8, ""W_Nabellen incomplete dossiers"": 1}","{""W_Nabellen incomplete dossiers"": 8, ""W_Valideren aanvraag"": 1}",W_Valideren aanvraag,W_Nabellen incomplete dossiers,164.17259393755558,105.861456723,0.5032583347756457,0.5032583347756457,0.00205761316872428,4.671533198506707,0.39977192182688603
Value 40,Value 39,9,"{""W_Nabellen offertes"": 8, ""W_Nabellen incomplete dossiers"": 1}","{""W_Nabellen offertes"": 8, ""W_Nabellen incomplete dossiers"": 1}",W_Nabellen offertes,W_Nabellen offertes,7232.781500727333,4427.814733197,0.5032583347756457,0.5032583347756457,0.004491017964071856,8.395887272656998,0.7184878813458702
Value 31,Value 15,9,"{""W_Nabellen offertes"": 5, ""W_Nabellen incomplete dossiers"": 3, ""W_Completeren aanvraag"": 1}","{""W_Nabellen offertes"": 5, ""W_Nabellen incomplete dossiers"": 3, ""W_Completeren aanvraag"": 1}",W_Nabellen offertes,W_Nabellen offertes,12039.086998958335,6966.114211071,1.3516441151533922,0.8527924884900404,0.0038910505836575876,8.848956388045028,0.7572598012450968
Value 33,Value 25,9,"{""W_Completeren aanvraag"": 6, ""W_Nabellen offertes"": 3}","{""W_Nabellen offertes"": 5, ""W_Completeren aanvraag"": 4}",W_Completeren aanvraag,W_Nabellen offertes,8409.863047467888,874.320683852,0.9182958340544896,0.9182958340544896,0.002023836294130875,6.7745903150452795,0.579743496353871
Value 45,Value 43,9,"{""W_Completeren aanvraag"": 6, ""W_Nabellen incomplete dossiers"": 2, ""W_Afhandelen leads"": 1}","{""W_Completeren aanvraag"": 6, ""W_Nabellen incomplete dossiers"": 2, ""W_Nabellen offertes"": 1}",W_Completeren aanvraag,W_Completeren aanvraag,694.9726331973333,140.481603539,1.224394445405986,0.7725068857142602,0.010078387458006719,4.952169698306129,0.4237877188023732
Value 40,Value 27,9,"{""W_Nabellen offertes"": 7, ""W_Nabellen incomplete dossiers"": 1, ""W_Completeren aanvraag"": 1}","{""W_Nabellen offertes"": 7, ""W_Nabellen incomplete dossiers"": 1, ""W_Completeren aanvraag"": 1}",W_Nabellen offertes,W_Nabellen offertes,2484.313981124111,1171.667350383,0.9864267287308424,0.6223659728744493,0.004491017964071856,7.067036219673283,0.6047698969713194
Value 6,Value 31,9,"{""W_Valideren aanvraag"": 9}","{""W_Nabellen incomplete dossiers"": 9}",W_Valideren aanvraag,W_Nabellen incomplete dossiers,86.83335086011112,27.819514826,0.0,0.0,0.003387278885961611,3.361052755800942,0.2876260239309878
Value 31,Value 26,9,"{""W_Nabellen incomplete dossiers"": 9}","{""W_Valideren aanvraag"": 5, ""W_Nabellen incomplete dossiers"": 4}",W_Nabellen incomplete dossiers,W_Valideren aanvraag,465.0053898336667,21.217016033,0.0,0.0,0.0038910505836575876,3.100858483249319,0.2653595944813242
Value 19,Value 4,9,"{""W_Completeren aanvraag"": 6, ""W_Nabellen incomplete dossiers"": 2, ""W_Valideren aanvraag"": 1}","{""W_Nabellen offertes"": 6, ""W_Nabellen incomplete dossiers"": 2, ""W_Valideren aanvraag"": 1}",W_Completeren aanvraag,W_Nabellen offertes,9698.639779186222,7637.265344275,1.224394445405986,0.7725068857142602,0.011378002528445006,8.940925807202333,0.7651301919462848
Value 13,Value 24,9,"{""W_Completeren aanvraag"": 6, ""W_Nabellen offertes"": 3}","{""W_Completeren aanvraag"": 6, ""W_Nabellen offertes"": 3}",W_Completeren aanvraag,W_Completeren aanvraag,2235.724189154555,167.896688595,0.9182958340544896,0.9182958340544896,0.003121748178980229,5.12928721790812,0.438944757871074
Value 13,Value 25,9,"{""W_Completeren aanvraag"": 7, ""W_Nabellen offertes"": 2}","{""W_Completeren aanvraag"": 7, ""W_Nabellen offertes"": 2}",W_Completeren aanvraag,W_Completeren aanvraag,968.7496941262222,228.83910658,0.7642045065086203,0.7642045065086203,0.003121748178980229,5.4373795275246,0.46531011791065063
Value 11,Value 32,9,"{""W_Completeren aanvraag"": 4, ""W_Afhandelen leads"": 3, ""W_Nabellen offertes"": 2}","{""W_Completeren aanvraag"": 7, ""W_Nabellen offertes"": 2}",W_Completeren aanvraag,W_Completeren aanvraag,7219.7633006237775,5943.160077416,1.5304930567574824,0.9656336071428251,0.0025020850708924102,8.690164516959594,0.7436710009996864
Value 45,Value 5,9,"{""W_Nabellen incomplete dossiers"": 4, ""W_Completeren aanvraag"": 4, ""W_Nabellen offertes"": 1}","{""W_Nabellen offertes"": 5, ""W_Nabellen incomplete dossiers"": 4}",W_Nabellen incomplete dossiers,W_Nabellen offertes,4412.225085845777,4786.345218482,1.3921472236645345,0.8783471047618534,0.010078387458006719,8.47373130262308,0.7251494753322381
Value 25,Value 46,9,"{""W_Nabellen offertes"": 7, ""W_Nabellen incomplete dossiers"": 1, ""W_Completeren aanvraag"": 1}","{""W_Nabellen offertes"": 8, ""W_Nabellen incomplete dossiers"": 1}",W_Nabellen offertes,W_Nabellen offertes,2676.1805202279998,1181.268080514,0.9864267287308424,0.6223659728744493,0.005663939584644431,7.075189974715566,0.605467664103618
Value 27,Value 25,9,"{""W_Nabellen offertes"": 4, ""W_Nabellen incomplete dossiers"": 2, ""W_Afhandelen leads"": 2, ""W_Completeren aanvraag"": 1}","{""W_Nabellen offertes"": 4, ""W_Nabellen incomplete dossiers"": 2, ""W_Afhandelen leads"": 2, ""W_Completeren aanvraag"": 1}",W_Nabellen offertes,W_Nabellen offertes,1080.3141629902223,206.994651258,1.836591668108979,0.9182958340544894,0.003411675511751327,5.33751236426491,0.4567638685130251
Value 5,Value 31,9,"{""W_Nabellen incomplete dossiers"": 9}","{""W_Nabellen incomplete dossiers"": 9}",W_Nabellen incomplete dossiers,W_Nabellen incomplete dossiers,2823.9109846713336,1103.895500956,0.0,0.0,0.0024390243902439024,7.00750604020931,0.5996755321793451
Value 26,Value 45,9,"{""W_Valideren aanvraag"": 9}","{""W_Nabellen incomplete dossiers"": 9}",W_Valideren aanvraag,W_Nabellen incomplete dossiers,39.47337998466667,49.536954665,0.0,0.0,0.0026056745801968733,3.922704844208694,0.3356900588505351
Value 53,Value 2,9,"{""W_Nabellen offertes"": 5, ""W_Completeren aanvraag"": 4}","{""W_Nabellen offertes"": 5, ""W_Completeren aanvraag"": 4}",W_Nabellen offertes,W_Nabellen offertes,7286.886295681888,3066.20909727,0.9910760598382222,0.9910760598382222,0.03529411764705882,8.028523338272246,0.6870502826350606
Value 41,Value 26,9,"{""W_Valideren aanvraag"": 4, ""W_Nabellen incomplete dossiers"": 4, ""W_Nabellen offertes"": 1}","{""W_Valideren aanvraag"": 8, ""W_Nabellen offertes"": 1}",W_Valideren aanvraag,W_Valideren aanvraag,1119.2685674774445,1624.415472959,1.3921472236645345,0.8783471047618534,0.002556818181818182,7.393518737751462,0.632709020627064
Value 40,Value 25,9,"{""W_Nabellen offertes"": 8, ""W_Completeren aanvraag"": 1}","{""W_Nabellen offertes"": 9}",W_Nabellen offertes,W_Nabellen offertes,4652.359206918777,2120.789704853,0.5032583347756457,0.5032583347756457,0.004491017964071856,7.660015211931676,0.6555147683582733
Value 2,Value 56,8,"{""W_Nabellen offertes"": 6, ""W_Completeren aanvraag"": 2}","{""W_Nabellen offertes"": 8}",W_Nabellen offertes,W_Nabellen offertes,9344.05205640175,11502.924133864,0.8112781244591328,0.8112781244591328,0.000520697734964853,9.350443485177609,0.8001751466088337
Value 44,Value 30,8,"{""W_Nabellen offertes"": 3, ""W_Nabellen incomplete dossiers"": 2, ""W_Afhandelen leads"": 2, ""W_Completeren aanvraag"": 1}","{""W_Completeren aanvraag"": 3, ""W_Nabellen offertes"": 3, ""W_Nabellen incomplete dossiers"": 2}",W_Nabellen offertes,W_Completeren aanvraag,2150.4313238211253,462.23038063,1.9056390622295665,0.9528195311147832,0.0030745580322828594,6.138224512687396,0.5252857479052802
Value 58,Value 5,8,"{""W_Nabellen offertes"": 8}","{""W_Nabellen offertes"": 8}",W_Nabellen offertes,W_Nabellen offertes,3463.7192390046253,3342.1037183615,0.0,0.0,0.00709849157054126,8.114654911473217,0.6944210928349179
Value 23,Value 16,8,"{""W_Nabellen incomplete dossiers"": 8}","{""W_Valideren aanvraag"": 5, ""W_Nabellen incomplete dossiers"": 3}",W_Nabellen incomplete dossiers,W_Valideren aanvraag,3604.042295149,3244.4569624289998,0.0,0.0,0.006033182503770739,8.085011439695105,0.6918843180376961
Value 31,Value 25,8,"{""W_Nabellen offertes"": 6, ""W_Nabellen incomplete dossiers"": 2}","{""W_Nabellen offertes"": 6, ""W_Nabellen incomplete dossiers"": 2}",W_Nabellen offertes,W_Nabellen offertes,4316.8228598028745,2898.216689125,0.8112781244591328,0.8112781244591328,0.0034587116299178555,7.97219587229077,0.6822299937983569
Value 24,Value 8,8,"{""W_Nabellen incomplete dossiers"": 6, ""W_Completeren aanvraag"": 1, ""W_Valideren aanvraag"": 1}","{""W_Valideren aanvraag"": 6, ""W_Completeren aanvraag"": 1, ""W_Nabellen incomplete dossiers"": 1}",W_Nabellen incomplete dossiers,W_Valideren aanvraag,1590.676889680125,1122.9367548255,1.061278124459133,0.6695919455357793,0.0030360531309297912,7.024592760921693,0.6011377483055393
Value 34,Value 40,8,"{""W_Nabellen offertes"": 4, ""W_Completeren aanvraag"": 3, ""W_Nabellen incomplete dossiers"": 1}","{""W_Nabellen offertes"": 4, ""W_Completeren aanvraag"": 3, ""W_Nabellen incomplete dossiers"": 1}",W_Nabellen offertes,W_Nabellen offertes,6269.57857308275,779.8682880275001,1.4056390622295665,0.886859507142915,0.0031446540880503146,6.660406490326177,0.5699720818931772
Value 4,Value 30,8,"{""W_Nabellen incomplete dossiers"": 5, ""W_Afhandelen leads"": 1, ""W_Completeren aanvraag"": 1, ""W_Nabellen offertes"": 1}","{""W_Nabellen incomplete dossiers"": 5, ""W_Nabellen offertes"": 2, ""W_Afhandelen leads"": 1}",W_Nabellen incomplete dossiers,W_Nabellen incomplete dossiers,3966.4602132005,1539.9469905185001,1.5487949406953985,0.7743974703476992,0.0022955523672883787,7.340152435324485,0.6281421368277907
Value 4,Value 33,8,"{""W_Nabellen incomplete dossiers"": 3, ""W_Completeren aanvraag"": 3, ""W_Nabellen offertes"": 2}","{""W_Nabellen incomplete dossiers"": 3, ""W_Completeren aanvraag"": 3, ""W_Nabellen offertes"": 2}",W_Nabellen incomplete dossiers,W_Nabellen incomplete dossiers,6107.710810555124,2595.3043154515,1.561278124459133,0.985056822321508,0.0022955523672883787,7.861844295703889,0.6727865284574992
Value 33,Value 6,8,"{""W_Nabellen incomplete dossiers"": 7, ""W_Nabellen offertes"": 1}","{""W_Valideren aanvraag"": 6, ""W_Nabellen incomplete dossiers"": 2}",W_Nabellen incomplete dossiers,W_Valideren aanvraag,2187.19841629975,579.726867515,0.5435644431995964,0.5435644431995964,0.0017989655947829998,6.364280538769382,0.5446307569520384
Value 16,Value 41,8,"{""W_Valideren aanvraag"": 6, ""W_Nabellen incomplete dossiers"": 2}","{""W_Nabellen incomplete dossiers"": 8}",W_Valideren aanvraag,W_Nabellen incomplete dossiers,119.77701976862498,42.789690655,0.8112781244591328,0.8112781244591328,0.0020639834881320948,3.7793984165042716,0.32342644354927685
Value 20,Value 43,8,"{""W_Completeren aanvraag"": 6, ""W_Nabellen offertes"": 2}","{""W_Completeren aanvraag"": 6, ""W_Nabellen offertes"": 2}",W_Completeren aanvraag,W_Completeren aanvraag,3436.1429547135003,348.276114724,0.8112781244591328,0.8112781244591328,0.0017440592980161324,5.855862769068213,0.5011223111703952
Value 34,Value 30,8,"{""W_Nabellen incomplete dossiers"": 5, ""W_Nabellen offertes"": 3}","{""W_Nabellen incomplete dossiers"": 5, ""W_Nabellen offertes"": 3}",W_Nabellen incomplete dossiers,W_Nabellen incomplete dossiers,234.831900745875,184.5998662855,0.954434002924965,0.954434002924965,0.0031446540880503146,5.223593099907337,0.447015094114956
Value 45,Value 34,8,"{""W_Afhandelen leads"": 7, ""W_Completeren aanvraag"": 1}","{""W_Completeren aanvraag"": 6, ""W_Afhandelen leads"": 1, ""W_Nabellen offertes"": 1}",W_Afhandelen leads,W_Completeren aanvraag,282.66151232725,52.7052650775,0.5435644431995964,0.5435644431995964,0.008958566629339306,3.983511042844551,0.34089362047681543
Value 23,Value 10,8,"{""W_Completeren aanvraag"": 4, ""W_Nabellen incomplete dossiers"": 3, ""W_Nabellen offertes"": 1}","{""W_Completeren aanvraag"": 4, ""W_Nabellen incomplete dossiers"": 3, ""W_Nabellen offertes"": 1}",W_Completeren aanvraag,W_Completeren aanvraag,2164.6682881059996,1064.8521520665,1.4056390622295665,0.886859507142915,0.006033182503770739,6.971529900985389,0.5965968319526067
Value 44,Value 13,8,"{""W_Completeren aanvraag"": 8}","{""W_Completeren aanvraag"": 8}",W_Completeren aanvraag,W_Completeren aanvraag,214.89133774725,127.469879427,0.0,0.0,0.0030745580322828594,4.855694475512681,0.41553173868065596
Value 46,Value 5,8,"{""W_Nabellen offertes"": 6, ""W_Nabellen incomplete dossiers"": 2}","{""W_Valideren aanvraag"": 5, ""W_Nabellen incomplete dossiers"": 2, ""W_Nabellen offertes"": 1}",W_Nabellen offertes,W_Valideren aanvraag,2256.203149967625,1769.5268108335,0.8112781244591328,0.8112781244591328,0.0033769523005487546,7.479032414523155,0.6400269536166937
Value 43,Value 16,8,"{""W_Nabellen incomplete dossiers"": 6, ""W_Valideren aanvraag"": 2}","{""W_Valideren aanvraag"": 8}",W_Nabellen incomplete dossiers,W_Valideren aanvraag,210.614382386,41.2931927035,0.8112781244591328,0.8112781244591328,0.0022701475595913734,3.7446261441065003,0.3204507656353987
Value 6,Value 23,8,"{""W_Valideren aanvraag"": 7, ""W_Nabellen incomplete dossiers"": 1}","{""W_Nabellen incomplete dossiers"": 8}",W_Valideren aanvraag,W_Nabellen incomplete dossiers,266.403389188375,63.1796606855,0.5435644431995964,0.5435644431995964,0.0030109145652992097,4.161686348748134,0.3561411808464897
Value 30,Value 8,8,"{""W_Nabellen incomplete dossiers"": 6, ""W_Valideren aanvraag"": 2}","{""W_Nabellen incomplete dossiers"": 5, ""W_Valideren aanvraag"": 3}",W_Nabellen incomplete dossiers,W_Nabellen incomplete dossiers,770.5413735731249,685.723092366,0.8112781244591328,0.8112781244591328,0.005438477226376614,6.531931143088016,0.5589776536636627
Value 12,Value 45,8,"{""W_Completeren aanvraag"": 4, ""W_Nabellen incomplete dossiers"": 3, ""W_Nabellen offertes"": 1}","{""W_Completeren aanvraag"": 4, ""W_Nabellen incomplete dossiers"": 3, ""W_Nabellen offertes"": 1}",W_Completeren aanvraag,W_Completeren aanvraag,1456.375633289875,799.2469202585,1.4056390622295665,0.886859507142915,0.0018514232816477668,6.684920330368341,0.5720698824499933
Value 12,Value 58,8,"{""W_Completeren aanvraag"": 5, ""W_Nabellen offertes"": 3}","{""W_Completeren aanvraag"": 5, ""W_Nabellen offertes"": 3}",W_Completeren aanvraag,W_Completeren aanvraag,2568.4465925422496,770.0932092715,0.954434002924965,0.954434002924965,0.0018514232816477668,6.647809260252997,0.5688940591837034
Value 18,Value 43,8,"{""W_Nabellen incomplete dossiers"": 4, ""W_Nabellen offertes"": 3, ""W_Completeren aanvraag"": 1}","{""W_Nabellen incomplete dossiers"": 4, ""W_Nabellen offertes"": 3, ""W_Completeren aanvraag"": 1}",W_Nabellen incomplete dossiers,W_Nabellen incomplete dossiers,1411.4095252665,1284.8810012595,1.4056390622295665,0.886859507142915,0.0024968789013732834,7.1591993665031985,0.6126568661448633
Value 44,Value 11,8,"{""W_Nabellen offertes"": 7, ""W_Completeren aanvraag"": 1}","{""W_Nabellen offertes"": 7, ""W_Completeren aanvraag"": 1}",W_Nabellen offertes,W_Nabellen offertes,6932.350744884,8710.050351476,0.5435644431995964,0.5435644431995964,0.0030745580322828594,9.072347654019843,0.7763767703263912
Value 43,Value 11,8,"{""W_Completeren aanvraag"": 5, ""W_Nabellen incomplete dossiers"": 1, ""W_Afhandelen leads"": 1, ""W_Nabellen offertes"": 1}","{""W_Completeren aanvraag"": 4, ""W_Nabellen offertes"": 3, ""W_Nabellen incomplete dossiers"": 1}",W_Completeren aanvraag,W_Completeren aanvraag,3173.44911321125,523.922083027,1.5487949406953985,0.7743974703476992,0.0022701475595913734,6.263249838295378,0.5359849364952942
Value 18,Value 6,8,"{""W_Nabellen incomplete dossiers"": 5, ""W_Valideren aanvraag"": 3}","{""W_Nabellen incomplete dossiers"": 5, ""W_Valideren aanvraag"": 3}",W_Nabellen incomplete dossiers,W_Nabellen incomplete dossiers,4333.563953240875,758.7440563185,0.954434002924965,0.954434002924965,0.0024968789013732834,6.632981608559325,0.5676251655331875
Value 40,Value 24,8,"{""W_Afhandelen leads"": 3, ""W_Nabellen offertes"": 3, ""W_Nabellen incomplete dossiers"": 1, ""W_Completeren aanvraag"": 1}","{""W_Completeren aanvraag"": 4, ""W_Nabellen offertes"": 3, ""W_Nabellen incomplete dossiers"": 1}",W_Afhandelen leads,W_Completeren aanvraag,1520.957199074625,699.6171941725,1.811278124459133,0.9056390622295665,0.003992015968063872,6.551961652529749,0.5606917879562869
Value 14,Value 26,8,"{""W_Nabellen incomplete dossiers"": 7, ""W_Nabellen offertes"": 1}","{""W_Valideren aanvraag"": 4, ""W_Nabellen incomplete dossiers"": 3, ""W_Nabellen offertes"": 1}",W_Nabellen incomplete dossiers,W_Valideren aanvraag,1670.307629253875,1081.72096863,0.5435644431995964,0.5435644431995964,0.0015741833923652105,6.987232567110011,0.5979406059873182
Value 21,Value 2,8,"{""W_Nabellen incomplete dossiers"": 3, ""W_Nabellen offertes"": 2, ""W_Completeren aanvraag"": 1, ""W_Valideren aanvraag"": 1, ""W_Afhandelen leads"": 1}","{""W_Nabellen incomplete dossiers"": 3, ""W_Valideren aanvraag"": 2, ""W_Completeren aanvraag"": 1, ""W_Nabellen offertes"": 1, ""W_Afhandelen leads"": 1}",W_Nabellen incomplete dossiers,W_Nabellen incomplete dossiers,2351.214426936875,51.786455660499996,2.1556390622295662,0.9283832117695864,0.004034291477559254,3.966254636223488,0.33941688328035624
Value 28,Value 43,8,"{""W_Completeren aanvraag"": 6, ""W_Afhandelen leads"": 2}","{""W_Completeren aanvraag"": 7, ""W_Nabellen offertes"": 1}",W_Completeren aanvraag,W_Completeren aanvraag,564.1099816337501,127.3629153675,0.8112781244591328,0.8112781244591328,0.003341687552213868,4.854861528413617,0.41546045825762923
Value 58,Value 44,8,"{""W_Nabellen offertes"": 6, ""W_Nabellen incomplete dossiers"": 1, ""W_Completeren aanvraag"": 1}","{""W_Nabellen offertes"": 6, ""W_Nabellen incomplete dossiers"": 1, ""W_Completeren aanvraag"": 1}",W_Nabellen offertes,W_Nabellen offertes,1913.6688963842498,19.129768972,1.061278124459133,0.6695919455357793,0.00709849157054126,3.0021997627850463,0.25691675899048544
Value 18,Value 25,8,"{""W_Completeren aanvraag"": 4, ""W_Afhandelen leads"": 2, ""W_Nabellen offertes"": 2}","{""W_Completeren aanvraag"": 5, ""W_Nabellen offertes"": 2, ""W_Afhandelen leads"": 1}",W_Completeren aanvraag,W_Completeren aanvraag,1687.7022010429996,139.470394329,1.5,0.9463946303571862,0.0024968789013732834,4.944996750050382,0.42317388535893724
Value 34,Value 23,8,"{""W_Completeren aanvraag"": 4, ""W_Nabellen incomplete dossiers"": 4}","{""W_Completeren aanvraag"": 4, ""W_Nabellen incomplete dossiers"": 4}",W_Completeren aanvraag,W_Completeren aanvraag,3153.470670000875,474.77885393049996,1.0,1.0,0.0031446540880503146,6.164953153691864,0.5275730826470288
Value 32,Value 46,8,"{""W_Nabellen offertes"": 5, ""W_Nabellen incomplete dossiers"": 3}","{""W_Nabellen offertes"": 5, ""W_Nabellen incomplete dossiers"": 3}",W_Nabellen offertes,W_Nabellen offertes,3791.376337535,2567.5075054695,0.954434002924965,0.954434002924965,0.0047562425683709865,7.85108027202472,0.6718653845310925
Value 13,Value 40,8,"{""W_Nabellen offertes"": 5, ""W_Completeren aanvraag"": 3}","{""W_Nabellen offertes"": 6, ""W_Completeren aanvraag"": 2}",W_Nabellen offertes,W_Nabellen offertes,3099.5597975032497,1119.6182309025,0.954434002924965,0.954434002924965,0.002774887270204648,7.021635803874896,0.6008847032449295
Value 12,Value 39,8,"{""W_Nabellen offertes"": 5, ""W_Completeren aanvraag"": 3}","{""W_Nabellen offertes"": 8}",W_Nabellen offertes,W_Nabellen offertes,6629.140380152001,6480.4495571155,0.954434002924965,0.954434002924965,0.0018514232816477668,8.776699461415584,0.7510763301668669
Value 44,Value 27,8,"{""W_Nabellen incomplete dossiers"": 5, ""W_Nabellen offertes"": 2, ""W_Completeren aanvraag"": 1}","{""W_Nabellen incomplete dossiers"": 5, ""W_Nabellen offertes"": 2, ""W_Completeren aanvraag"": 1}",W_Nabellen incomplete dossiers,W_Nabellen incomplete dossiers,5424.126895584625,5807.1630931545005,1.2987949406953985,0.8194483718728035,0.0030745580322828594,8.667019636887664,0.7416903507947887
Value 33,Value 26,8,"{""W_Nabellen incomplete dossiers"": 4, ""W_Valideren aanvraag"": 4}","{""W_Valideren aanvraag"": 6, ""W_Nabellen incomplete dossiers"": 2}",W_Nabellen incomplete dossiers,W_Valideren aanvraag,403.575487329875,136.2466527175,1.0,1.0,0.0017989655947829998,4.9217796918773065,0.4211870584285445
Value 58,Value 32,8,"{""W_Completeren aanvraag"": 4, ""W_Nabellen offertes"": 2, ""W_Nabellen incomplete dossiers"": 2}","{""W_Completeren aanvraag"": 4, ""W_Nabellen offertes"": 2, ""W_Nabellen incomplete dossiers"": 2}",W_Completeren aanvraag,W_Completeren aanvraag,2457.107912392375,1221.7691455875001,1.5,0.9463946303571862,0.00709849157054126,7.108873357107148,0.6083501589805926
Value 32,Value 44,8,"{""W_Completeren aanvraag"": 4, ""W_Nabellen offertes"": 2, ""W_Nabellen incomplete dossiers"": 1, ""W_Afhandelen leads"": 1}","{""W_Completeren aanvraag"": 5, ""W_Nabellen offertes"": 2, ""W_Nabellen incomplete dossiers"": 1}",W_Completeren aanvraag,W_Completeren aanvraag,2276.96065369575,792.9989015545,1.75,0.875,0.0047562425683709865,6.677082077813559,0.571399114812381
Value 32,Value 58,8,"{""W_Nabellen offertes"": 4, ""W_Completeren aanvraag"": 3, ""W_Afhandelen leads"": 1}","{""W_Nabellen offertes"": 4, ""W_Completeren aanvraag"": 4}",W_Nabellen offertes,W_Nabellen offertes,6554.703783104125,5232.780426545,1.4056390622295665,0.886859507142915,0.0047562425683709865,8.562889130843084,0.7327792608477978
Value 2,Value 50,8,"{""W_Nabellen offertes"": 5, ""W_Completeren aanvraag"": 3}","{""W_Nabellen offertes"": 7, ""W_Completeren aanvraag"": 1}",W_Nabellen offertes,W_Nabellen offertes,23396.39454544875,24274.530004473003,0.954434002924965,0.954434002924965,0.000520697734964853,10.097224126267134,0.8640817741303731
Value 26,Value 4,8,"{""W_Valideren aanvraag"": 7, ""W_Nabellen incomplete dossiers"": 1}","{""W_Nabellen incomplete dossiers"": 8}",W_Valideren aanvraag,W_Nabellen incomplete dossiers,247.954838166625,206.35362884,0.5435644431995964,0.5435644431995964,0.0023161551823972205,5.334425687576143,0.4564997225422074
Value 15,Value 22,8,"{""W_Nabellen incomplete dossiers"": 8}","{""W_Nabellen incomplete dossiers"": 5, ""W_Valideren aanvraag"": 3}",W_Nabellen incomplete dossiers,W_Nabellen incomplete dossiers,85.454310490375,96.2090406305,0.0,0.0,0.001310830738980829,4.576863717743027,0.3916704701931167
Value 23,Value 31,8,"{""W_Nabellen incomplete dossiers"": 5, ""W_Completeren aanvraag"": 2, ""W_Nabellen offertes"": 1}","{""W_Nabellen incomplete dossiers"": 5, ""W_Nabellen offertes"": 2, ""W_Completeren aanvraag"": 1}",W_Nabellen incomplete dossiers,W_Nabellen incomplete dossiers,8616.4436297135,1508.1957320155,1.2987949406953985,0.8194483718728035,0.006033182503770739,7.319332160108089,0.6263604174045222
Value 24,Value 23,8,"{""W_Nabellen incomplete dossiers"": 4, ""W_Nabellen offertes"": 3, ""W_Completeren aanvraag"": 1}","{""W_Nabellen incomplete dossiers"": 4, ""W_Nabellen offertes"": 3, ""W_Completeren aanvraag"": 1}",W_Nabellen incomplete dossiers,W_Nabellen incomplete dossiers,6194.647940916125,1708.949117585,1.4056390622295665,0.886859507142915,0.0030360531309297912,7.444218893255748,0.6370477457825118
Value 54,Value 54,8,"{""W_Nabellen incomplete dossiers"": 3, ""W_Valideren aanvraag"": 2, ""W_Completeren aanvraag"": 2, ""W_Nabellen offertes"": 1}","{""W_Nabellen incomplete dossiers"": 3, ""W_Valideren aanvraag"": 2, ""W_Completeren aanvraag"": 2, ""W_Nabellen offertes"": 1}",W_Nabellen incomplete dossiers,W_Nabellen incomplete dossiers,1254.08198411125,49.716206901,1.9056390622295665,0.9528195311147832,0.5333333333333333,3.9262455222575063,0.3359930565191798
Value 28,Value 30,7,"{""W_Nabellen incomplete dossiers"": 6, ""W_Nabellen offertes"": 1}","{""W_Nabellen incomplete dossiers"": 6, ""W_Nabellen offertes"": 1}",W_Nabellen incomplete dossiers,W_Nabellen incomplete dossiers,2033.8255578065712,620.868967281,0.5916727785823275,0.5916727785823275,0.0029239766081871343,6.43272940701113,0.5504883489761359
Value 6,Value 14,7,"{""W_Afhandelen leads"": 5, ""W_Valideren aanvraag"": 2}","{""W_Completeren aanvraag"": 5, ""W_Nabellen incomplete dossiers"": 2}",W_Afhandelen leads,W_Completeren aanvraag,302.83249145799994,332.089717942,0.863120568566631,0.863120568566631,0.0026345502446368085,5.808411876941767,0.49706164553200194
Value 16,Value 13,7,"{""W_Nabellen offertes"": 6, ""W_Completeren aanvraag"": 1}","{""W_Nabellen offertes"": 6, ""W_Completeren aanvraag"": 1}",W_Nabellen offertes,W_Nabellen offertes,3657.1182297707137,3582.146836097,0.5916727785823275,0.5916727785823275,0.001805985552115583,8.183996697792901,0.7003550973687594
Value 18,Value 22,7,"{""W_Valideren aanvraag"": 4, ""W_Nabellen incomplete dossiers"": 3}","{""W_Valideren aanvraag"": 6, ""W_Nabellen incomplete dossiers"": 1}",W_Valideren aanvraag,W_Valideren aanvraag,3788.299496131,3199.347847396,0.9852281360342515,0.9852281360342515,0.002184769038701623,8.0710147851914,0.6906865379444536
Value 31,Value 43,7,"{""W_Nabellen incomplete dossiers"": 3, ""W_Completeren aanvraag"": 2, ""W_Nabellen offertes"": 2}","{""W_Nabellen incomplete dossiers"": 3, ""W_Completeren aanvraag"": 2, ""W_Nabellen offertes"": 2}",W_Nabellen incomplete dossiers,W_Nabellen incomplete dossiers,6781.083214398999,2675.255082258,1.5566567074628228,0.9821410328348752,0.0030263726761781237,7.892173738924229,0.6753820060638684
Value 8,Value 39,7,"{""W_Nabellen incomplete dossiers"": 7}","{""W_Nabellen incomplete dossiers"": 7}",W_Nabellen incomplete dossiers,W_Nabellen incomplete dossiers,1358.8357111485714,1442.637053966,0.0,0.0,0.0025152712899748474,7.274920940190677,0.6225598752735714
Value 23,Value 34,7,"{""W_Completeren aanvraag"": 5, ""W_Nabellen incomplete dossiers"": 2}","{""W_Completeren aanvraag"": 5, ""W_Nabellen incomplete dossiers"": 2}",W_Completeren aanvraag,W_Completeren aanvraag,755.6789051458571,991.69449235,0.863120568566631,0.863120568566631,0.005279034690799397,6.9004229554287795,0.5905117718508199
Value 34,Value 53,7,"{""W_Completeren aanvraag"": 7}","{""W_Completeren aanvraag"": 7}",W_Completeren aanvraag,W_Completeren aanvraag,116.52353028842857,125.028327807,0.0,0.0,0.002751572327044025,4.8365067055474595,0.4138897228052211
Value 23,Value 55,7,"{""W_Nabellen incomplete dossiers"": 6, ""W_Completeren aanvraag"": 1}","{""W_Nabellen incomplete dossiers"": 6, ""W_Completeren aanvraag"": 1}",W_Nabellen incomplete dossiers,W_Nabellen incomplete dossiers,458.8377632232858,502.128290264,0.5916727785823275,0.5916727785823275,0.005279034690799397,6.220845187806599,0.5323561088920321
Value 23,Value 11,7,"{""W_Nabellen offertes"": 4, ""W_Nabellen incomplete dossiers"": 3}","{""W_Nabellen offertes"": 4, ""W_Nabellen incomplete dossiers"": 3}",W_Nabellen offertes,W_Nabellen offertes,537.5954312462857,697.180264266,0.9852281360342515,0.9852281360342515,0.005279034690799397,6.548477327680193,0.5603936127786341
Value 16,Value 1,7,"{""W_Nabellen offertes"": 7}","{""A_CANCELLED"": 4, ""O_CANCELLED"": 3}",W_Nabellen offertes,A_CANCELLED,936.5183908744284,4.6034e-05,0.0,0.0,0.001805985552115583,4.60329404679382e-05,3.9393227654023415e-06
Value 40,Value 19,7,"{""W_Afhandelen leads"": 6, ""W_Completeren aanvraag"": 1}","{""W_Completeren aanvraag"": 6, ""W_Nabellen offertes"": 1}",W_Afhandelen leads,W_Completeren aanvraag,3887.2358098835716,945.087294197,0.5916727785823275,0.5916727785823275,0.003493013972055888,6.85233484195845,0.5863965752500105
Value 9,Value 10,7,"{""W_Completeren aanvraag"": 4, ""W_Nabellen offertes"": 3}","{""W_Nabellen offertes"": 4, ""W_Completeren aanvraag"": 3}",W_Completeren aanvraag,W_Nabellen offertes,7751.981533468001,9708.622794017,0.9852281360342515,0.9852281360342515,0.008951406649616368,9.180872713364682,0.7856639293161917
Value 37,Value 10,7,"{""W_Afhandelen leads"": 6, ""W_Completeren aanvraag"": 1}","{""W_Completeren aanvraag"": 7}",W_Afhandelen leads,W_Completeren aanvraag,479.94451375228573,353.598205326,0.5916727785823275,0.5916727785823275,0.018421052631578946,5.870985332504909,0.5024164422385357
Value 11,Value 23,7,"{""W_Nabellen offertes"": 4, ""W_Completeren aanvraag"": 3}","{""W_Nabellen offertes"": 4, ""W_Completeren aanvraag"": 3}",W_Nabellen offertes,W_Nabellen offertes,2771.9069965698573,58.146655162,0.9852281360342515,0.9852281360342515,0.0019460661662496525,4.080020040423108,0.34915249091530415
Value 25,Value 19,7,"{""W_Completeren aanvraag"": 5, ""W_Nabellen offertes"": 2}","{""W_Completeren aanvraag"": 5, ""W_Nabellen offertes"": 2}",W_Completeren aanvraag,W_Completeren aanvraag,995.1648673305716,793.774623205,0.863120568566631,0.863120568566631,0.004405286343612335,6.678058581638746,0.5714826802702893
Value 25,Value 1,7,"{""W_Nabellen offertes"": 4, ""W_Completeren aanvraag"": 3}","{""A_CANCELLED"": 6, ""O_CANCELLED"": 1}",W_Nabellen offertes,A_CANCELLED,2282.5502608201427,2.5989e-05,0.9852281360342515,0.9852281360342515,0.004405286343612335,2.598866229179062e-05,2.2240101972132315e-06
Value 44,Value 31,7,"{""W_Nabellen incomplete dossiers"": 3, ""W_Nabellen offertes"": 3, ""W_Completeren aanvraag"": 1}","{""W_Nabellen incomplete dossiers"": 3, ""W_Nabellen offertes"": 3, ""W_Completeren aanvraag"": 1}",W_Nabellen incomplete dossiers,W_Nabellen incomplete dossiers,4267.557527054286,3165.816983215,1.4488156357251847,0.9141008920185653,0.002690238278247502,8.060482256177618,0.6897852044450186
Value 41,Value 9,7,"{""W_Nabellen offertes"": 5, ""W_Nabellen incomplete dossiers"": 2}","{""W_Nabellen offertes"": 5, ""W_Nabellen incomplete dossiers"": 2}",W_Nabellen offertes,W_Nabellen offertes,5811.9999464071425,1109.441953224,0.863120568566631,0.863120568566631,0.0019886363636363634,7.0125133711209475,0.6001040403835485
Value 50,Value 13,7,"{""W_Nabellen offertes"": 7}","{""W_Nabellen offertes"": 7}",W_Nabellen offertes,W_Nabellen offertes,16457.896385891716,7564.216807115,0.0,0.0,0.030042918454935622,8.931316285047082,0.7643078458392143
Value 18,Value 50,7,"{""W_Completeren aanvraag"": 4, ""W_Nabellen offertes"": 2, ""W_Afhandelen leads"": 1}","{""W_Completeren aanvraag"": 5, ""W_Nabellen offertes"": 2}",W_Completeren aanvraag,W_Completeren aanvraag,1282.1398778644286,46.706894447,1.3787834934861753,0.8699155297736259,0.002184769038701623,3.8650759251226887,0.330758396640967
Value 16,Value 14,7,"{""W_Valideren aanvraag"": 4, ""W_Nabellen incomplete dossiers"": 3}","{""W_Nabellen incomplete dossiers"": 7}",W_Valideren aanvraag,W_Nabellen incomplete dossiers,202.3277101145714,172.807228294,0.9852281360342515,0.9852281360342515,0.001805985552115583,5.157946801690284,0.44139733530133113
Value 9,Value 43,7,"{""W_Nabellen incomplete dossiers"": 7}","{""W_Nabellen incomplete dossiers"": 7}",W_Nabellen incomplete dossiers,W_Nabellen incomplete dossiers,86.69519766271428,114.42275943,0.0,0.0,0.008951406649616368,4.7486015567253315,0.4063671367954858
Value 5,Value 39,7,"{""W_Nabellen incomplete dossiers"": 7}","{""W_Nabellen incomplete dossiers"": 7}",W_Nabellen incomplete dossiers,W_Nabellen incomplete dossiers,1644.364773869,1437.458387515,0.0,0.0,0.001897018970189702,7.2713272548811485,0.6222523414465421
Value 32,Value 55,7,"{""W_Completeren aanvraag"": 7}","{""W_Completeren aanvraag"": 7}",W_Completeren aanvraag,W_Completeren aanvraag,770.0091423289999,598.918138224,0.0,0.0,0.004161712247324614,6.396793209614535,0.5474130668180257
Value 19,Value 28,7,"{""W_Completeren aanvraag"": 7}","{""W_Completeren aanvraag"": 6, ""W_Nabellen offertes"": 1}",W_Completeren aanvraag,W_Completeren aanvraag,2584.4361330212855,973.816298994,0.0,0.0,0.008849557522123894,6.882249041958006,0.5889565179316892
Value 16,Value 23,7,"{""W_Valideren aanvraag"": 4, ""W_Nabellen incomplete dossiers"": 3}","{""W_Nabellen incomplete dossiers"": 7}",W_Valideren aanvraag,W_Nabellen incomplete dossiers,165.34445368728572,164.844897336,0.9852281360342515,0.9852281360342515,0.001805985552115583,5.1110529981787245,0.43738434317326896
Value 14,Value 56,7,"{""W_Nabellen offertes"": 6, ""W_Nabellen incomplete dossiers"": 1}","{""W_Nabellen offertes"": 6, ""W_Nabellen incomplete dossiers"": 1}",W_Nabellen offertes,W_Nabellen offertes,4430.535372229286,2918.904817619,0.5916727785823275,0.5916727785823275,0.0013774104683195593,7.979306298025222,0.6828384768038459
Value 20,Value 30,7,"{""W_Completeren aanvraag"": 5, ""W_Nabellen offertes"": 2}","{""W_Completeren aanvraag"": 4, ""W_Nabellen offertes"": 3}",W_Completeren aanvraag,W_Completeren aanvraag,5718.748510123857,3295.927004464,0.863120568566631,0.863120568566631,0.001526051885764116,8.100746102839983,0.6932308302548709
Value 58,Value 39,7,"{""W_Nabellen offertes"": 4, ""W_Nabellen incomplete dossiers"": 3}","{""W_Nabellen offertes"": 4, ""W_Nabellen incomplete dossiers"": 3}",W_Nabellen offertes,W_Nabellen offertes,1020.3851716764286,640.562670443,0.9852281360342515,0.9852281360342515,0.006211180124223602,6.4639068728818,0.5531563971134784
Value 26,Value 18,7,"{""W_Valideren aanvraag"": 6, ""W_Nabellen incomplete dossiers"": 1}","{""W_Nabellen incomplete dossiers"": 7}",W_Valideren aanvraag,W_Nabellen incomplete dossiers,104.20450888457142,77.637583589,0.5916727785823275,0.5916727785823275,0.002026635784597568,4.364849747861725,0.3735271265429658
Value 25,Value 12,7,"{""W_Nabellen offertes"": 4, ""W_Nabellen incomplete dossiers"": 2, ""W_Afhandelen leads"": 1}","{""W_Nabellen offertes"": 4, ""W_Nabellen incomplete dossiers"": 2, ""W_Afhandelen leads"": 1}",W_Nabellen offertes,W_Nabellen offertes,1347.4865419952857,488.742739125,1.3787834934861753,0.8699155297736259,0.004405286343612335,6.193880231038383,0.5300485511521761
Value 6,Value 43,7,"{""W_Valideren aanvraag"": 6, ""W_Nabellen incomplete dossiers"": 1}","{""W_Nabellen incomplete dossiers"": 7}",W_Valideren aanvraag,W_Nabellen incomplete dossiers,16.910483079,9.325898945,0.5916727785823275,0.5916727785823275,0.0026345502446368085,2.33465519994821,0.19979085161693275
Value 45,Value 21,7,"{""W_Nabellen incomplete dossiers"": 6, ""W_Nabellen offertes"": 1}","{""W_Nabellen incomplete dossiers"": 6, ""W_Nabellen offertes"": 1}",W_Nabellen incomplete dossiers,W_Nabellen incomplete dossiers,1129.6298304167144,80.128159891,0.5916727785823275,0.5916727785823275,0.007838745800671893,4.3960301251562885,0.3761954238288161
Value 15,Value 30,7,"{""W_Nabellen offertes"": 3, ""W_Completeren aanvraag"": 2, ""W_Nabellen incomplete dossiers"": 2}","{""W_Nabellen offertes"": 3, ""W_Completeren aanvraag"": 2, ""W_Nabellen incomplete dossiers"": 2}",W_Nabellen offertes,W_Nabellen offertes,2047.900578847,85.287524556,1.5566567074628228,0.9821410328348752,0.0011469768966082255,4.457685028613068,0.3814716143636167
Value 27,Value 22,7,"{""W_Nabellen incomplete dossiers"": 5, ""W_Valideren aanvraag"": 1, ""W_Nabellen offertes"": 1}","{""W_Valideren aanvraag"": 5, ""W_Nabellen incomplete dossiers"": 1, ""W_Nabellen offertes"": 1}",W_Nabellen incomplete dossiers,W_Valideren aanvraag,164.28843740757148,6.428106639,1.1488348542809166,0.72483409150576,0.00265352539802881,2.005270999741743,0.1716034131164329
Value 30,Value 44,7,"{""W_Nabellen offertes"": 4, ""W_Completeren aanvraag"": 3}","{""W_Nabellen offertes"": 4, ""W_Completeren aanvraag"": 3}",W_Nabellen offertes,W_Nabellen offertes,2727.3987895210003,153.940815136,0.9852281360342515,0.9852281360342515,0.004758667573079538,5.0430432061683605,0.4315643256116425
Value 23,Value 39,7,"{""W_Nabellen incomplete dossiers"": 5, ""W_Nabellen offertes"": 2}","{""W_Nabellen incomplete dossiers"": 5, ""W_Nabellen offertes"": 2}",W_Nabellen incomplete dossiers,W_Nabellen incomplete dossiers,2471.692744316714,297.181061939,0.863120568566631,0.863120568566631,0.005279034690799397,5.69770089239642,0.48758742343438577
Value 40,Value 33,7,"{""W_Nabellen incomplete dossiers"": 4, ""W_Nabellen offertes"": 3}","{""W_Nabellen incomplete dossiers"": 4, ""W_Nabellen offertes"": 3}",W_Nabellen incomplete dossiers,W_Nabellen incomplete dossiers,4400.85921932,1348.955525865,0.9852281360342515,0.9852281360342515,0.003493013972055888,7.207826927086113,0.6168182265637936
Value 14,Value 19,7,"{""W_Nabellen incomplete dossiers"": 5, ""W_Completeren aanvraag"": 2}","{""W_Nabellen incomplete dossiers"": 5, ""W_Completeren aanvraag"": 2}",W_Nabellen incomplete dossiers,W_Nabellen incomplete dossiers,3198.4466872320004,675.650378134,0.863120568566631,0.863120568566631,0.0013774104683195593,6.517154711354842,0.5577131432212231
Value 58,Value 34,7,"{""W_Nabellen offertes"": 5, ""W_Completeren aanvraag"": 2}","{""W_Nabellen offertes"": 5, ""W_Completeren aanvraag"": 2}",W_Nabellen offertes,W_Nabellen offertes,3754.2209370895716,1418.486346375,0.863120568566631,0.863120568566631,0.006211180124223602,7.258050357251057,0.621116155390286
Value 31,Value 23,7,"{""W_Nabellen incomplete dossiers"": 4, ""W_Completeren aanvraag"": 2, ""W_Nabellen offertes"": 1}","{""W_Nabellen incomplete dossiers"": 4, ""W_Completeren aanvraag"": 2, ""W_Nabellen offertes"": 1}",W_Nabellen incomplete dossiers,W_Nabellen incomplete dossiers,1515.652581026143,286.66527963,1.3787834934861753,0.8699155297736259,0.0030263726761781237,5.661797580723508,0.48451495551057483
Value 22,Value 55,7,"{""W_Valideren aanvraag"": 4, ""W_Nabellen incomplete dossiers"": 3}","{""W_Nabellen incomplete dossiers"": 7}",W_Valideren aanvraag,W_Nabellen incomplete dossiers,383.6976583922857,18.672716384,0.9852281360342515,0.9852281360342515,0.001600365797896662,2.9792327206802725,0.2549513274777993
Value 40,Value 43,7,"{""W_Nabellen offertes"": 3, ""W_Completeren aanvraag"": 2, ""W_Nabellen incomplete dossiers"": 1, ""W_Afhandelen leads"": 1}","{""W_Completeren aanvraag"": 3, ""W_Nabellen offertes"": 3, ""W_Nabellen incomplete dossiers"": 1}",W_Nabellen offertes,W_Completeren aanvraag,914.2766278718573,942.297616708,1.8423709931771088,0.9211854965885544,0.003493013972055888,6.849381839105388,0.5861438685741581
Value 18,Value 55,7,"{""W_Nabellen incomplete dossiers"": 4, ""W_Nabellen offertes"": 3}","{""W_Nabellen incomplete dossiers"": 4, ""W_Nabellen offertes"": 3}",W_Nabellen incomplete dossiers,W_Nabellen incomplete dossiers,5888.147023431001,6903.076800119,0.9852281360342515,0.9852281360342515,0.002184769038701623,8.839867356704724,0.7564819967487872
Value 34,Value 10,7,"{""W_Completeren aanvraag"": 5, ""W_Afhandelen leads"": 1, ""W_Nabellen offertes"": 1}","{""W_Completeren aanvraag"": 6, ""W_Nabellen offertes"": 1}",W_Completeren aanvraag,W_Completeren aanvraag,12083.789431031288,1475.521749385,1.1488348542809166,0.72483409150576,0.002751572327044025,7.297444431441217,0.6244873494026982
Value 23,Value 21,7,"{""W_Nabellen offertes"": 4, ""W_Nabellen incomplete dossiers"": 2, ""W_Completeren aanvraag"": 1}","{""W_Nabellen offertes"": 5, ""W_Nabellen incomplete dossiers"": 2}",W_Nabellen offertes,W_Nabellen offertes,5092.450918888144,4186.777384322,1.3787834934861753,0.8699155297736259,0.005279034690799397,8.339925414971601,0.713698879867074
Value 28,Value 31,7,"{""W_Completeren aanvraag"": 5, ""W_Nabellen offertes"": 2}","{""W_Nabellen offertes"": 5, ""W_Completeren aanvraag"": 2}",W_Completeren aanvraag,W_Nabellen offertes,6176.841729726713,4321.714631674,0.863120568566631,0.863120568566631,0.0029239766081871343,8.371638870847315,0.7164127959765131
Value 4,Value 43,7,"{""W_Nabellen offertes"": 3, ""W_Completeren aanvraag"": 2, ""W_Nabellen incomplete dossiers"": 2}","{""W_Nabellen offertes"": 3, ""W_Completeren aanvraag"": 2, ""W_Nabellen incomplete dossiers"": 2}",W_Nabellen offertes,W_Nabellen offertes,5009.131117693,492.067226747,1.5566567074628228,0.9821410328348752,0.0020086083213773313,6.20064552731614,0.5306274993004096
Value 56,Value 4,7,"{""W_Nabellen incomplete dossiers"": 6, ""W_Nabellen offertes"": 1}","{""W_Nabellen incomplete dossiers"": 6, ""W_Nabellen offertes"": 1}",W_Nabellen incomplete dossiers,W_Nabellen incomplete dossiers,442.13028468685707,307.080569863,0.5916727785823275,0.5916727785823275,0.023972602739726026,5.730361339229041,0.49038237940348284
Value 45,Value 44,7,"{""W_Nabellen incomplete dossiers"": 5, ""W_Completeren aanvraag"": 1, ""W_Nabellen offertes"": 1}","{""W_Nabellen incomplete dossiers"": 5, ""W_Nabellen offertes"": 2}",W_Nabellen incomplete dossiers,W_Nabellen incomplete dossiers,2647.9579315482856,2501.50398736,1.1488348542809166,0.72483409150576,0.007838745800671893,7.825047104538756,0.6696375657497914
Value 25,Value 34,7,"{""W_Completeren aanvraag"": 4, ""W_Nabellen offertes"": 2, ""W_Nabellen incomplete dossiers"": 1}","{""W_Completeren aanvraag"": 3, ""W_Nabellen offertes"": 3, ""W_Nabellen incomplete dossiers"": 1}",W_Completeren aanvraag,W_Completeren aanvraag,5358.193867521428,4717.674446409,1.3787834934861753,0.8699155297736259,0.004405286343612335,8.459283201512118,0.7239130621671289
Value 41,Value 8,7,"{""W_Nabellen incomplete dossiers"": 5, ""W_Valideren aanvraag"": 2}","{""W_Nabellen incomplete dossiers"": 4, ""W_Valideren aanvraag"": 3}",W_Nabellen incomplete dossiers,W_Nabellen incomplete dossiers,3111.889878324429,2174.302446809,0.863120568566631,0.863120568566631,0.0019886363636363634,7.684922989859532,0.6576462806107901
Value 14,Value 16,7,"{""W_Completeren aanvraag"": 3, ""W_Nabellen incomplete dossiers"": 3, ""W_Valideren aanvraag"": 1}","{""W_Valideren aanvraag"": 4, ""W_Completeren aanvraag"": 3}",W_Completeren aanvraag,W_Valideren aanvraag,1964.9468724265716,2187.219306805,1.4488156357251847,0.9141008920185653,0.0013774104683195593,7.69084339014836,0.6581529257957598
Value 1,Value 46,7,"{""W_Afhandelen leads"": 6, ""W_Completeren aanvraag"": 1}","{""W_Afhandelen leads"": 6, ""W_Completeren aanvraag"": 1}",W_Afhandelen leads,W_Afhandelen leads,860.980808923,5.548287923,0.5916727785823275,0.5916727785823275,0.0002809665248454684,1.8792036296784111,0.16081505035236443
Value 28,Value 44,7,"{""W_Completeren aanvraag"": 4, ""W_Nabellen incomplete dossiers"": 2, ""W_Afhandelen leads"": 1}","{""W_Completeren aanvraag"": 3, ""W_Nabellen incomplete dossiers"": 2, ""W_Nabellen offertes"": 2}",W_Completeren aanvraag,W_Completeren aanvraag,1227.963463747857,166.578930847,1.3787834934861753,0.8699155297736259,0.0029239766081871343,5.121454469208946,0.4382744612323481
Value 32,Value 43,7,"{""W_Completeren aanvraag"": 5, ""W_Nabellen offertes"": 1, ""W_Afhandelen leads"": 1}","{""W_Completeren aanvraag"": 6, ""W_Nabellen offertes"": 1}",W_Completeren aanvraag,W_Completeren aanvraag,12423.701256991431,368.605850066,1.1488348542809166,0.72483409150576,0.004161712247324614,5.912437167742915,0.5059637315613743
Value 33,Value 1,7,"{""W_Completeren aanvraag"": 7}","{""A_CANCELLED"": 7}",W_Completeren aanvraag,A_CANCELLED,9.69532857142857e-05,6.0653e-05,0.0,0.0,0.0015740948954351248,6.065116068116859e-05,5.190294071824783e-06
Value 24,Value 10,7,"{""W_Completeren aanvraag"": 7}","{""W_Completeren aanvraag"": 7}",W_Completeren aanvraag,W_Completeren aanvraag,370.3435959748571,96.183586331,0.0,0.0,0.0026565464895635673,4.576601832299702,0.3916480590397485
Value 30,Value 21,7,"{""W_Nabellen incomplete dossiers"": 4, ""W_Nabellen offertes"": 2, ""W_Completeren aanvraag"": 1}","{""W_Nabellen incomplete dossiers"": 4, ""W_Nabellen offertes"": 3}",W_Nabellen incomplete dossiers,W_Nabellen incomplete dossiers,2125.1794144650003,851.367953146,1.3787834934861753,0.8699155297736259,0.004758667573079538,6.748018303490027,0.5774695653605848
Value 55,Value 10,7,"{""W_Completeren aanvraag"": 4, ""W_Nabellen offertes"": 3}","{""W_Nabellen offertes"": 4, ""W_Completeren aanvraag"": 3}",W_Completeren aanvraag,W_Nabellen offertes,2649.380928047143,1910.420596826,0.9852281360342515,0.9852281360342515,0.0040415704387990765,7.555602012554077,0.6465794865983964
Value 34,Value 27,7,"{""W_Completeren aanvraag"": 7}","{""W_Completeren aanvraag"": 6, ""W_Nabellen offertes"": 1}",W_Completeren aanvraag,W_Completeren aanvraag,1594.9510404432858,71.287349754,0.0,0.0,0.002751572327044025,4.280649145031545,0.36632156139292826
Value 41,Value 24,7,"{""W_Nabellen offertes"": 3, ""W_Completeren aanvraag"": 2, ""W_Nabellen incomplete dossiers"": 2}","{""W_Nabellen offertes"": 3, ""W_Completeren aanvraag"": 2, ""W_Nabellen incomplete dossiers"": 2}",W_Nabellen offertes,W_Nabellen offertes,1011.6494887471428,100.723464058,1.5566567074628228,0.9821410328348752,0.0019886363636363634,4.622257994810873,0.3955551385904548
Value 6,Value 28,7,"{""W_Valideren aanvraag"": 4, ""W_Nabellen incomplete dossiers"": 1, ""W_Completeren aanvraag"": 1, ""W_Afhandelen leads"": 1}","{""W_Nabellen incomplete dossiers"": 5, ""W_Completeren aanvraag"": 1, ""W_Afhandelen leads"": 1}",W_Valideren aanvraag,W_Nabellen incomplete dossiers,512.6994547095715,557.64930524,1.6644977792004614,0.8322488896002307,0.0026345502446368085,6.325521915351653,0.5413139423833176
Value 43,Value 22,7,"{""W_Nabellen incomplete dossiers"": 4, ""W_Valideren aanvraag"": 3}","{""W_Valideren aanvraag"": 5, ""W_Nabellen incomplete dossiers"": 2}",W_Nabellen incomplete dossiers,W_Valideren aanvraag,515.0904647012857,56.841654243,0.9852281360342515,0.9852281360342515,0.0019863791146424517,4.05770917777002,0.3472432127273012
Value 55,Value 44,7,"{""W_Nabellen incomplete dossiers"": 6, ""W_Nabellen offertes"": 1}","{""W_Nabellen incomplete dossiers"": 6, ""W_Nabellen offertes"": 1}",W_Nabellen incomplete dossiers,W_Nabellen incomplete dossiers,1005.6859666345715,159.36029792,0.5916727785823275,0.5916727785823275,0.0040415704387990765,5.077423145592485,0.43450642917204696
Value 5,Value 4,7,"{""W_Nabellen incomplete dossiers"": 6, ""W_Nabellen offertes"": 1}","{""W_Nabellen incomplete dossiers"": 6, ""W_Nabellen offertes"": 1}",W_Nabellen incomplete dossiers,W_Nabellen incomplete dossiers,2355.0800111995713,2100.765709947,0.5916727785823275,0.5916727785823275,0.001897018970189702,7.650533084685699,0.6547033242196887
Value 10,Value 45,6,"{""W_Completeren aanvraag"": 5, ""W_Nabellen incomplete dossiers"": 1}","{""W_Completeren aanvraag"": 5, ""W_Nabellen incomplete dossiers"": 1}",W_Completeren aanvraag,W_Completeren aanvraag,1462.4195223208333,1112.3074140664999,0.6500224216483541,0.6500224216483541,0.0016968325791855204,7.015090516253042,0.6003245825949607
Value 15,Value 9,6,"{""W_Completeren aanvraag"": 4, ""W_Nabellen offertes"": 2}","{""W_Completeren aanvraag"": 4, ""W_Nabellen offertes"": 2}",W_Completeren aanvraag,W_Completeren aanvraag,5152.822372934,4691.322332295999,0.9182958340544896,0.9182958340544896,0.0009831230542356219,8.453682905686552,0.7234338102963082
Value 5,Value 43,6,"{""W_Nabellen incomplete dossiers"": 5, ""W_Nabellen offertes"": 1}","{""W_Nabellen incomplete dossiers"": 5, ""W_Valideren aanvraag"": 1}",W_Nabellen incomplete dossiers,W_Nabellen incomplete dossiers,1138.4653309158334,1605.0765830515002,0.6500224216483541,0.6500224216483541,0.0016260162601626016,7.381549578956025,0.6316847458523857
Value 15,Value 56,6,"{""W_Nabellen offertes"": 6}","{""W_Nabellen offertes"": 6}",W_Nabellen offertes,W_Nabellen offertes,5562.144680032667,4734.6299818055,0.0,0.0,0.0009831230542356219,8.46287004466988,0.7242200104690116
Value 28,Value 22,6,"{""W_Nabellen incomplete dossiers"": 6}","{""W_Valideren aanvraag"": 5, ""W_Nabellen incomplete dossiers"": 1}",W_Nabellen incomplete dossiers,W_Valideren aanvraag,1135.065924812,751.3372668725001,0.0,0.0,0.002506265664160401,6.62318471658835,0.5667867850348066
Value 31,Value 45,6,"{""W_Nabellen incomplete dossiers"": 4, ""W_Completeren aanvraag"": 1, ""W_Nabellen offertes"": 1}","{""W_Nabellen incomplete dossiers"": 4, ""W_Completeren aanvraag"": 1, ""W_Nabellen offertes"": 1}",W_Nabellen incomplete dossiers,W_Nabellen incomplete dossiers,2102.8961270144996,2755.6624752549997,1.2516291673878228,0.7896900821428475,0.0025940337224383916,7.921775978884747,0.6779152524000348
Value 41,Value 32,6,"{""W_Nabellen offertes"": 5, ""W_Completeren aanvraag"": 1}","{""W_Nabellen offertes"": 5, ""W_Completeren aanvraag"": 1}",W_Nabellen offertes,W_Nabellen offertes,5517.528539133167,3207.9416425775,0.6500224216483541,0.6500224216483541,0.0017045454545454545,8.073696455396819,0.6909160250113696
Value 28,Value 23,6,"{""W_Nabellen incomplete dossiers"": 4, ""W_Completeren aanvraag"": 2}","{""W_Nabellen incomplete dossiers"": 4, ""W_Nabellen offertes"": 1, ""W_Completeren aanvraag"": 1}",W_Nabellen incomplete dossiers,W_Nabellen incomplete dossiers,2997.3676157900004,1835.318071109,0.9182958340544896,0.9182958340544896,0.002506265664160401,7.515517797520658,0.6431492329754628
Value 16,Value 55,6,"{""W_Valideren aanvraag"": 4, ""W_Nabellen incomplete dossiers"": 2}","{""W_Nabellen incomplete dossiers"": 6}",W_Valideren aanvraag,W_Nabellen incomplete dossiers,54.731246542499996,48.086107747499995,0.9182958340544896,0.9182958340544896,0.0015479876160990713,3.893576056833196,0.33319732877354197
Value 56,Value 43,6,"{""W_Afhandelen leads"": 4, ""W_Nabellen offertes"": 2}","{""W_Completeren aanvraag"": 4, ""W_Nabellen offertes"": 2}",W_Afhandelen leads,W_Completeren aanvraag,1260.8656570125002,40.33519661850001,0.9182958340544896,0.9182958340544896,0.02054794520547945,3.721714355400717,0.3184900624970093
Value 28,Value 32,6,"{""W_Completeren aanvraag"": 3, ""W_Nabellen offertes"": 3}","{""W_Completeren aanvraag"": 4, ""W_Nabellen offertes"": 2}",W_Completeren aanvraag,W_Completeren aanvraag,883.2838216263334,582.24110809,1.0,1.0,0.002506265664160401,6.368600665333119,0.5450004568397483
Value 8,Value 42,6,"{""W_Beoordelen fraude"": 6}","{""W_Beoordelen fraude"": 6}",W_Beoordelen fraude,W_Beoordelen fraude,277.44065256,63.765158291,0.0,0.0,0.0021559468199784403,4.170767778061685,0.3569183347904612
Value 46,Value 23,6,"{""W_Nabellen incomplete dossiers"": 6}","{""W_Nabellen incomplete dossiers"": 6}",W_Nabellen incomplete dossiers,W_Nabellen incomplete dossiers,3950.910862956167,4177.2047302775,0.0,0.0,0.002532714225411566,8.337636942897165,0.7135030411904835
Value 46,Value 44,6,"{""W_Nabellen incomplete dossiers"": 5, ""W_Nabellen offertes"": 1}","{""W_Nabellen incomplete dossiers"": 5, ""W_Valideren aanvraag"": 1}",W_Nabellen incomplete dossiers,W_Nabellen incomplete dossiers,1502.0086278255,1113.658995649,0.6500224216483541,0.6500224216483541,0.002532714225411566,7.016303803618962,0.6004284110815392
Value 44,Value 25,6,"{""W_Nabellen offertes"": 5, ""W_Completeren aanvraag"": 1}","{""W_Nabellen offertes"": 5, ""W_Completeren aanvraag"": 1}",W_Nabellen offertes,W_Nabellen offertes,4181.9371443,825.4073915900001,0.6500224216483541,0.6500224216483541,0.0023059185242121443,6.717087862090211,0.5748226566314955
Value 6,Value 55,6,"{""W_Valideren aanvraag"": 4, ""W_Nabellen incomplete dossiers"": 2}","{""W_Nabellen incomplete dossiers"": 6}",W_Valideren aanvraag,W_Nabellen incomplete dossiers,12.793007109500001,10.5202719345,0.9182958340544896,0.9182958340544896,0.002258185923974407,2.4441082604144886,0.20915742538899232
Value 24,Value 32,6,"{""W_Nabellen offertes"": 4, ""W_Afhandelen leads"": 2}","{""W_Nabellen offertes"": 4, ""W_Afhandelen leads"": 2}",W_Nabellen offertes,W_Nabellen offertes,1457.5582105831666,2129.612227384,0.9182958340544896,0.9182958340544896,0.0022770398481973433,7.664164648099896,0.6558698612155813
Value 45,Value 14,6,"{""W_Nabellen offertes"": 2, ""W_Nabellen incomplete dossiers"": 2, ""W_Completeren aanvraag"": 2}","{""W_Nabellen offertes"": 4, ""W_Nabellen incomplete dossiers"": 2}",W_Nabellen offertes,W_Nabellen offertes,4975.497408821834,4128.6248282085,1.584962500721156,1.0,0.006718924972004479,8.325941841201336,0.7125022191729076
Value 27,Value 58,6,"{""W_Nabellen incomplete dossiers"": 2, ""W_Nabellen offertes"": 2, ""W_Completeren aanvraag"": 2}","{""W_Nabellen incomplete dossiers"": 2, ""W_Nabellen offertes"": 2, ""W_Completeren aanvraag"": 2}",W_Nabellen incomplete dossiers,W_Nabellen incomplete dossiers,296.9413025988333,177.00211059100002,1.584962500721156,1.0,0.002274450341167551,5.181795407474597,0.4434382076578274
Value 14,Value 9,6,"{""W_Nabellen offertes"": 5, ""W_Completeren aanvraag"": 1}","{""W_Nabellen offertes"": 6}",W_Nabellen offertes,W_Nabellen offertes,13528.834849257,4338.5082923935,0.6500224216483541,0.6500224216483541,0.0011806375442739079,8.375516323992372,0.7167446135682383
Value 31,Value 9,6,"{""W_Completeren aanvraag"": 3, ""W_Nabellen offertes"": 2, ""W_Afhandelen leads"": 1}","{""W_Completeren aanvraag"": 4, ""W_Nabellen offertes"": 2}",W_Completeren aanvraag,W_Completeren aanvraag,505.2519720776666,113.4705868865,1.4591479170272448,0.9206198357143051,0.0025940337224383916,4.740317906906847,0.4056582537656627
Value 44,Value 39,6,"{""W_Nabellen incomplete dossiers"": 4, ""W_Nabellen offertes"": 2}","{""W_Nabellen incomplete dossiers"": 4, ""W_Nabellen offertes"": 2}",W_Nabellen incomplete dossiers,W_Nabellen incomplete dossiers,2466.308519085667,1376.0658775875,0.9182958340544896,0.9182958340544896,0.0023059185242121443,7.22771033896955,0.6185197728106785
Value 26,Value 28,6,"{""W_Valideren aanvraag"": 6}","{""W_Nabellen incomplete dossiers"": 6}",W_Valideren aanvraag,W_Nabellen incomplete dossiers,461.00134368016666,525.271700349,0.0,0.0,0.0017371163867979154,6.265817619963995,0.5362046774173588
Value 30,Value 16,6,"{""W_Nabellen incomplete dossiers"": 6}","{""W_Nabellen incomplete dossiers"": 4, ""W_Valideren aanvraag"": 2}",W_Nabellen incomplete dossiers,W_Nabellen incomplete dossiers,192.9726634015,17.469032982999998,0.0,0.0,0.004078857919782461,2.916095436749562,0.24954828049870942
Value 55,Value 19,6,"{""W_Afhandelen leads"": 3, ""W_Nabellen incomplete dossiers"": 2, ""W_Completeren aanvraag"": 1}","{""W_Completeren aanvraag"": 4, ""W_Nabellen incomplete dossiers"": 2}",W_Afhandelen leads,W_Completeren aanvraag,365.318401566,53.063904668999996,1.4591479170272448,0.9206198357143051,0.003464203233256351,3.9901667666713263,0.3414631918342938
Value 12,Value 50,6,"{""W_Completeren aanvraag"": 5, ""W_Nabellen offertes"": 1}","{""W_Completeren aanvraag"": 5, ""W_Nabellen offertes"": 1}",W_Completeren aanvraag,W_Completeren aanvraag,1432.5210205488331,1453.8976972675,0.6500224216483541,0.6500224216483541,0.001388567461235825,7.28269086597729,0.6232247957680163
Value 24,Value 40,6,"{""W_Nabellen offertes"": 4, ""W_Completeren aanvraag"": 2}","{""W_Nabellen offertes"": 5, ""W_Completeren aanvraag"": 1}",W_Nabellen offertes,W_Nabellen offertes,8602.430406861668,9387.8691979295,0.9182958340544896,0.9182958340544896,0.0022770398481973433,9.1472801387449,0.7827892054205858
Value 8,Value 41,6,"{""W_Valideren aanvraag"": 4, ""W_Nabellen incomplete dossiers"": 2}","{""W_Nabellen incomplete dossiers"": 6}",W_Valideren aanvraag,W_Nabellen incomplete dossiers,64.77122033283334,27.7841535955,0.9182958340544896,0.9182958340544896,0.0021559468199784403,3.3598250133355467,0.2875209584323509
Value 30,Value 13,6,"{""W_Nabellen offertes"": 2, ""W_Completeren aanvraag"": 2, ""W_Afhandelen leads"": 1, ""W_Nabellen incomplete dossiers"": 1}","{""W_Nabellen offertes"": 2, ""W_Completeren aanvraag"": 2, ""W_Afhandelen leads"": 1, ""W_Nabellen incomplete dossiers"": 1}",W_Nabellen offertes,W_Nabellen offertes,3007.397691074834,458.13742365099995,1.9182958340544893,0.9591479170272447,0.004078857919782461,6.12934956318239,0.5245262637126242
Value 24,Value 43,6,"{""W_Nabellen incomplete dossiers"": 3, ""W_Completeren aanvraag"": 3}","{""W_Nabellen incomplete dossiers"": 3, ""W_Completeren aanvraag"": 2, ""W_Nabellen offertes"": 1}",W_Nabellen incomplete dossiers,W_Nabellen incomplete dossiers,2780.726802821167,2783.1111244445,1.0,1.0,0.0022770398481973433,7.93168393604726,0.6787631374321914
Value 16,Value 28,6,"{""W_Valideren aanvraag"": 4, ""W_Nabellen incomplete dossiers"": 2}","{""W_Nabellen incomplete dossiers"": 6}",W_Valideren aanvraag,W_Nabellen incomplete dossiers,970.2096509936667,650.7279302605,0.9182958340544896,0.9182958340544896,0.0015479876160990713,6.4796271899625575,0.5545016816494229
Value 55,Value 25,6,"{""W_Nabellen offertes"": 3, ""W_Afhandelen leads"": 2, ""W_Completeren aanvraag"": 1}","{""W_Nabellen offertes"": 3, ""W_Afhandelen leads"": 2, ""W_Completeren aanvraag"": 1}",W_Nabellen offertes,W_Nabellen offertes,2936.1255057663334,1056.310586117,1.4591479170272448,0.9206198357143051,0.003464203233256351,6.963483780094486,0.5959082757388061
Value 13,Value 39,6,"{""W_Completeren aanvraag"": 4, ""W_Nabellen offertes"": 2}","{""W_Nabellen offertes"": 6}",W_Completeren aanvraag,W_Nabellen offertes,16173.441013973832,16233.4712217555,0.9182958340544896,0.9182958340544896,0.002081165452653486,9.694892113742002,0.829651741200057
Value 50,Value 2,6,"{""W_Nabellen offertes"": 5, ""W_Completeren aanvraag"": 1}","{""W_Nabellen offertes"": 5, ""W_Completeren aanvraag"": 1}",W_Nabellen offertes,W_Nabellen offertes,10926.455956837666,11820.8691367425,0.6500224216483541,0.6500224216483541,0.02575107296137339,9.377706411854472,0.8025082034724175
Value 25,Value 39,6,"{""W_Nabellen offertes"": 4, ""W_Completeren aanvraag"": 2}","{""W_Nabellen offertes"": 6}",W_Nabellen offertes,W_Nabellen offertes,9722.843750159833,9887.4837393765,0.9182958340544896,0.9182958340544896,0.003775959723096287,9.199126100363348,0.7872259842755012
Value 8,Value 31,6,"{""W_Valideren aanvraag"": 5, ""W_Nabellen incomplete dossiers"": 1}","{""W_Nabellen incomplete dossiers"": 6}",W_Valideren aanvraag,W_Nabellen incomplete dossiers,119.15443656433332,46.1633853975,0.6500224216483541,0.6500224216483541,0.0021559468199784403,3.8536178584510794,0.32977785917305513
Value 27,Value 39,6,"{""W_Nabellen offertes"": 3, ""W_Completeren aanvraag"": 2, ""W_Nabellen incomplete dossiers"": 1}","{""W_Nabellen offertes"": 5, ""W_Nabellen incomplete dossiers"": 1}",W_Nabellen offertes,W_Nabellen offertes,5610.280678215833,3602.588110154,1.4591479170272448,0.9206198357143051,0.002274450341167551,8.189685325336278,0.7008419083297304
Value 58,Value 10,6,"{""W_Nabellen offertes"": 6}","{""W_Nabellen offertes"": 6}",W_Nabellen offertes,W_Nabellen offertes,809.1287265255,882.819530604,0.0,0.0,0.005323868677905945,6.7842528908955595,0.5805703825929968
Value 6,Value 26,6,"{""W_Valideren aanvraag"": 6}","{""W_Valideren aanvraag"": 6}",W_Valideren aanvraag,W_Valideren aanvraag,259.42195930049996,53.6249666435,0.0,0.0,0.002258185923974407,4.000491042770259,0.34234670384676563
Value 31,Value 16,6,"{""W_Nabellen incomplete dossiers"": 6}","{""W_Valideren aanvraag"": 5, ""W_Nabellen incomplete dossiers"": 1}",W_Nabellen incomplete dossiers,W_Valideren aanvraag,1290.2180741801667,10.0699655805,0.0,0.0,0.0025940337224383916,2.4042356374564524,0.20574527900559333
Value 53,Value 18,6,"{""W_Completeren aanvraag"": 3, ""W_Nabellen offertes"": 2, ""W_Afhandelen leads"": 1}","{""W_Completeren aanvraag"": 4, ""W_Nabellen offertes"": 2}",W_Completeren aanvraag,W_Completeren aanvraag,2144.8129212678336,546.405656485,1.4591479170272448,0.9206198357143051,0.023529411764705882,6.305190129920015,0.5395740260451921
Value 40,Value 32,6,"{""W_Nabellen offertes"": 3, ""W_Nabellen incomplete dossiers"": 2, ""W_Completeren aanvraag"": 1}","{""W_Nabellen offertes"": 3, ""W_Nabellen incomplete dossiers"": 2, ""W_Completeren aanvraag"": 1}",W_Nabellen offertes,W_Nabellen offertes,5997.582484232,2334.405781152,1.4591479170272448,0.9206198357143051,0.0029940119760479044,7.755940937082586,0.6637237245760039
Value 44,Value 32,6,"{""W_Completeren aanvraag"": 3, ""W_Nabellen offertes"": 2, ""W_Nabellen incomplete dossiers"": 1}","{""W_Completeren aanvraag"": 3, ""W_Nabellen offertes"": 2, ""W_Nabellen incomplete dossiers"": 1}",W_Completeren aanvraag,W_Completeren aanvraag,2030.3727262803332,1073.460109321,1.4591479170272448,0.9206198357143051,0.0023059185242121443,6.9795735905176635,0.5972851801000466
Value 9,Value 20,6,"{""W_Completeren aanvraag"": 5, ""W_Nabellen offertes"": 1}","{""W_Completeren aanvraag"": 5, ""W_Nabellen offertes"": 1}",W_Completeren aanvraag,W_Completeren aanvraag,5794.595569811333,3299.90569761,0.6500224216483541,0.6500224216483541,0.0076726342710997444,8.101952163620224,0.6933340403179207
Value 58,Value 13,6,"{""W_Completeren aanvraag"": 4, ""W_Nabellen offertes"": 2}","{""W_Completeren aanvraag"": 4, ""W_Nabellen offertes"": 2}",W_Completeren aanvraag,W_Completeren aanvraag,2073.389423384166,346.781437151,0.9182958340544896,0.9182958340544896,0.005323868677905945,5.851574228302047,0.500755314274286
Value 9,Value 11,6,"{""W_Completeren aanvraag"": 4, ""W_Nabellen offertes"": 2}","{""W_Nabellen offertes"": 4, ""W_Completeren aanvraag"": 2}",W_Completeren aanvraag,W_Nabellen offertes,23595.793602120004,21683.839953593,0.9182958340544896,0.9182958340544896,0.0076726342710997444,9.984368675730034,0.8544240368452614
Value 56,Value 41,6,"{""W_Nabellen offertes"": 5, ""W_Nabellen incomplete dossiers"": 1}","{""W_Nabellen offertes"": 5, ""W_Nabellen incomplete dossiers"": 1}",W_Nabellen offertes,W_Nabellen offertes,3318.2020940503335,3780.5101846305,0.6500224216483541,0.6500224216483541,0.02054794520547945,8.23787872857039,0.7049661152253247
Value 18,Value 30,6,"{""W_Nabellen offertes"": 5, ""W_Nabellen incomplete dossiers"": 1}","{""W_Nabellen offertes"": 5, ""W_Nabellen incomplete dossiers"": 1}",W_Nabellen offertes,W_Nabellen offertes,4194.334840207834,3746.06315708,0.6500224216483541,0.6500224216483541,0.0018726591760299626,8.228727654023935,0.7041830013090227
Value 21,Value 41,6,"{""W_Nabellen offertes"": 4, ""W_Valideren aanvraag"": 1, ""W_Nabellen incomplete dossiers"": 1}","{""W_Valideren aanvraag"": 5, ""W_Nabellen offertes"": 1}",W_Nabellen offertes,W_Valideren aanvraag,1428.5571812913333,525.382968502,1.2516291673878228,0.7896900821428475,0.0030257186081694403,6.266029024818231,0.5362227686352246
Value 30,Value 33,6,"{""W_Nabellen incomplete dossiers"": 3, ""W_Afhandelen leads"": 1, ""W_Completeren aanvraag"": 1, ""W_Nabellen offertes"": 1}","{""W_Nabellen incomplete dossiers"": 3, ""W_Afhandelen leads"": 1, ""W_Completeren aanvraag"": 1, ""W_Nabellen offertes"": 1}",W_Nabellen incomplete dossiers,W_Nabellen incomplete dossiers,597.4524261215,330.9245525115,1.7924812503605778,0.8962406251802889,0.004078857919782461,5.804907691619575,0.49676177077115513
Value 37,Value 33,6,"{""W_Afhandelen leads"": 6}","{""W_Afhandelen leads"": 5, ""W_Completeren aanvraag"": 1}",W_Afhandelen leads,W_Afhandelen leads,626.8374351158333,723.1673494080001,0.0,0.0,0.015789473684210527,6.585022511266851,0.5635210096428208
Value 2,Value 37,6,"{""W_Completeren aanvraag"": 3, ""W_Nabellen incomplete dossiers"": 1, ""W_Nabellen offertes"": 1, ""W_Afhandelen leads"": 1}","{""W_Completeren aanvraag"": 3, ""W_Nabellen incomplete dossiers"": 1, ""W_Nabellen offertes"": 1, ""W_Afhandelen leads"": 1}",W_Completeren aanvraag,W_Completeren aanvraag,12428.460810926,963.5236453325,1.7924812503605778,0.8962406251802889,0.00039052330122363966,6.8716343476829165,0.5880481530438375
Value 6,Value 18,6,"{""W_Valideren aanvraag"": 4, ""W_Nabellen incomplete dossiers"": 2}","{""W_Nabellen incomplete dossiers"": 6}",W_Valideren aanvraag,W_Nabellen incomplete dossiers,215.67910247416668,51.144201308,0.9182958340544896,0.9182958340544896,0.002258185923974407,3.954012982704507,0.338369289450736
Value 24,Value 37,6,"{""W_Completeren aanvraag"": 4, ""W_Afhandelen leads"": 2}","{""W_Completeren aanvraag"": 4, ""W_Afhandelen leads"": 2}",W_Completeren aanvraag,W_Completeren aanvraag,626.7680288655,896.6608525385,0.9182958340544896,0.9182958340544896,0.0022770398481973433,6.799792327188054,0.5819001880437518
Value 35,Value 34,6,"{""W_Completeren aanvraag"": 5, ""W_Afhandelen leads"": 1}","{""W_Completeren aanvraag"": 6}",W_Completeren aanvraag,W_Completeren aanvraag,2110.709052944667,2085.8567475845,0.6500224216483541,0.6500224216483541,0.02181818181818182,7.643414264368924,0.654094122837991
Value 44,Value 1,6,"{""W_Nabellen offertes"": 4, ""W_Completeren aanvraag"": 2}","{""A_CANCELLED"": 3, ""O_CANCELLED"": 3}",W_Nabellen offertes,A_CANCELLED,0.00014893800000000002,4.38785e-05,0.9182958340544896,0.9182958340544896,0.0023059185242121443,4.387753736677804e-05,3.754871621966635e-06
Value 1,Value 48,6,"{""W_Completeren aanvraag"": 5, ""W_Afhandelen leads"": 1}","{""W_Completeren aanvraag"": 5, ""W_Afhandelen leads"": 1}",W_Completeren aanvraag,W_Completeren aanvraag,1.5622713951666667,0.8560675815000001,0.6500224216483541,0.6500224216483541,0.00024082844986754435,0.6184600461472125,0.05292544240089077
Value 22,Value 16,6,"{""W_Valideren aanvraag"": 6}","{""W_Valideren aanvraag"": 6}",W_Valideren aanvraag,W_Valideren aanvraag,1573.2210830285,1078.667389572,0.0,0.0,0.0013717421124828531,6.984408300066441,0.5976989160290576
Value 9,Value 18,5,"{""W_Completeren aanvraag"": 4, ""W_Nabellen offertes"": 1}","{""W_Nabellen offertes"": 3, ""W_Completeren aanvraag"": 2}",W_Completeren aanvraag,W_Nabellen offertes,57003.4005982722,8168.100628452,0.7219280948873623,0.7219280948873623,0.00639386189258312,9.00811409959774,0.7708799087167372
Value 25,Value 40,5,"{""W_Nabellen offertes"": 5}","{""W_Nabellen offertes"": 5}",W_Nabellen offertes,W_Nabellen offertes,3532.1797257989992,1360.773862436,0.0,0.0,0.0031466331025802393,7.216543439470634,0.6175641523144019
Value 13,Value 56,5,"{""W_Nabellen offertes"": 5}","{""W_Nabellen offertes"": 5}",W_Nabellen offertes,W_Nabellen offertes,610.3580550570001,536.525460996,0.0,0.0,0.001734304543877905,6.286976128174812,0.5380153415250509
Value 53,Value 13,5,"{""W_Completeren aanvraag"": 5}","{""W_Completeren aanvraag"": 4, ""W_Nabellen offertes"": 1}",W_Completeren aanvraag,W_Completeren aanvraag,2577.4516408154,3773.3870325,0.0,0.0,0.0196078431372549,8.235993273002109,0.704804765158008
Value 12,Value 6,5,"{""W_Nabellen incomplete dossiers"": 4, ""W_Valideren aanvraag"": 1}","{""W_Valideren aanvraag"": 3, ""W_Nabellen incomplete dossiers"": 2}",W_Nabellen incomplete dossiers,W_Valideren aanvraag,1701.6703308316003,641.205113368,0.7219280948873623,0.7219280948873623,0.0011571395510298543,6.4649077438909215,0.5532420478216753
Value 8,Value 21,5,"{""W_Nabellen incomplete dossiers"": 4, ""W_Nabellen offertes"": 1}","{""W_Nabellen incomplete dossiers"": 4, ""W_Nabellen offertes"": 1}",W_Nabellen incomplete dossiers,W_Nabellen incomplete dossiers,1015.4420189141999,305.235057767,0.7219280948873623,0.7219280948873623,0.0017966223499820337,5.7243529697037205,0.4898682061481261
Value 25,Value 16,5,"{""W_Nabellen incomplete dossiers"": 4, ""W_Nabellen offertes"": 1}","{""W_Nabellen incomplete dossiers"": 2, ""W_Valideren aanvraag"": 2, ""W_Nabellen offertes"": 1}",W_Nabellen incomplete dossiers,W_Nabellen incomplete dossiers,1600.4639349262002,1084.286454984,0.7219280948873623,0.7219280948873623,0.0031466331025802393,6.9895992449391855,0.598143137212916
Value 26,Value 12,5,"{""W_Valideren aanvraag"": 3, ""W_Nabellen incomplete dossiers"": 2}","{""W_Nabellen incomplete dossiers"": 5}",W_Valideren aanvraag,W_Nabellen incomplete dossiers,139.37350372519998,40.355119693,0.9709505944546686,0.9709505944546686,0.0014475969889982628,3.722196227420905,0.31853129925920265
Value 30,Value 28,5,"{""W_Afhandelen leads"": 2, ""W_Completeren aanvraag"": 2, ""W_Nabellen offertes"": 1}","{""W_Nabellen offertes"": 3, ""W_Completeren aanvraag"": 2}",W_Afhandelen leads,W_Nabellen offertes,4826.9023372438005,7425.862155377,1.5219280948873621,0.9602297178607612,0.003399048266485384,8.912858727563977,0.7627283187517027
Value 46,Value 2,5,"{""W_Nabellen incomplete dossiers"": 3, ""W_Nabellen offertes"": 2}","{""W_Nabellen incomplete dossiers"": 3, ""W_Valideren aanvraag"": 2}",W_Nabellen incomplete dossiers,W_Nabellen incomplete dossiers,767.2185256728001,574.747290472,0.9709505944546686,0.9709505944546686,0.002110595187842972,6.355668832605483,0.5438938001164431
Value 22,Value 40,5,"{""W_Valideren aanvraag"": 5}","{""W_Nabellen incomplete dossiers"": 4, ""W_Valideren aanvraag"": 1}",W_Valideren aanvraag,W_Nabellen incomplete dossiers,88.82918638880001,112.06077853,0.0,0.0,0.0011431184270690445,4.727925537213176,0.4045977622229693
Value 9,Value 21,5,"{""W_Nabellen offertes"": 3, ""W_Completeren aanvraag"": 2}","{""W_Nabellen offertes"": 5}",W_Nabellen offertes,W_Nabellen offertes,4669.1777542162,2737.212228723,0.9709505944546686,0.9709505944546686,0.00639386189258312,7.915060515161124,0.6773405687309538
Value 26,Value 23,5,"{""W_Valideren aanvraag"": 4, ""W_Nabellen incomplete dossiers"": 1}","{""W_Nabellen incomplete dossiers"": 5}",W_Valideren aanvraag,W_Nabellen incomplete dossiers,123.49833267460001,27.316940153,0.7219280948873623,0.7219280948873623,0.0014475969889982628,3.3434602175432744,0.28612052187626
Value 6,Value 34,5,"{""W_Valideren aanvraag"": 4, ""W_Nabellen incomplete dossiers"": 1}","{""W_Nabellen incomplete dossiers"": 5}",W_Valideren aanvraag,W_Nabellen incomplete dossiers,17.449641166,10.525826794,0.7219280948873623,0.7219280948873623,0.001881821603312006,2.4445903254852857,0.20919867867171751
Value 43,Value 24,5,"{""W_Completeren aanvraag"": 3, ""W_Nabellen offertes"": 2}","{""W_Nabellen offertes"": 3, ""W_Completeren aanvraag"": 1, ""W_Valideren aanvraag"": 1}",W_Completeren aanvraag,W_Nabellen offertes,2185.2753959193997,357.741954035,0.9709505944546686,0.9709505944546686,0.0014188422247446084,5.882603339045321,0.5034106667479414
Value 43,Value 58,5,"{""W_Nabellen offertes"": 2, ""W_Nabellen incomplete dossiers"": 2, ""W_Completeren aanvraag"": 1}","{""W_Nabellen offertes"": 3, ""W_Nabellen incomplete dossiers"": 2}",W_Nabellen offertes,W_Nabellen offertes,5438.5842012452,8649.174130088,1.5219280948873621,0.9602297178607612,0.0014188422247446084,9.065334730369317,0.7757766311758673
Value 6,Value 12,5,"{""W_Valideren aanvraag"": 3, ""W_Nabellen incomplete dossiers"": 2}","{""W_Nabellen incomplete dossiers"": 5}",W_Valideren aanvraag,W_Nabellen incomplete dossiers,51.0301845764,43.911033898,0.9709505944546686,0.9709505944546686,0.001881821603312006,3.8046835083888744,0.3255902448853154
Value 16,Value 40,5,"{""W_Nabellen incomplete dossiers"": 5}","{""W_Nabellen incomplete dossiers"": 5}",W_Nabellen incomplete dossiers,W_Nabellen incomplete dossiers,367.7042063804,392.003248524,0.0,0.0,0.0012899896800825593,5.973817877799475,0.5112164576749881
Value 4,Value 8,5,"{""W_Nabellen incomplete dossiers"": 5}","{""W_Valideren aanvraag"": 4, ""W_Nabellen incomplete dossiers"": 1}",W_Nabellen incomplete dossiers,W_Valideren aanvraag,1399.1981260788002,1556.537459403,0.0,0.0,0.0014347202295552368,7.350861301353447,0.6290585605737149
Value 41,Value 58,5,"{""W_Nabellen offertes"": 5}","{""W_Nabellen offertes"": 5}",W_Nabellen offertes,W_Nabellen offertes,5780.455129125601,8718.156434253,0.0,0.0,0.0014204545454545455,9.073277773032318,0.7764563663496548
Value 33,Value 39,5,"{""W_Nabellen incomplete dossiers"": 3, ""W_Completeren aanvraag"": 1, ""W_Nabellen offertes"": 1}","{""W_Nabellen incomplete dossiers"": 3, ""W_Nabellen offertes"": 2}",W_Nabellen incomplete dossiers,W_Nabellen incomplete dossiers,4653.6793341572,165.00615421,1.3709505944546687,0.8649735207179273,0.001124353496739375,5.112024861223553,0.4374675114909655
Value 33,Value 22,5,"{""W_Valideren aanvraag"": 3, ""W_Nabellen offertes"": 1, ""W_Nabellen incomplete dossiers"": 1}","{""W_Valideren aanvraag"": 4, ""W_Nabellen offertes"": 1}",W_Valideren aanvraag,W_Valideren aanvraag,6626.2160806843995,6543.523415532,1.3709505944546687,0.8649735207179273,0.001124353496739375,8.786383859120095,0.7519050838367125
Value 6,Value 5,5,"{""W_Nabellen incomplete dossiers"": 4, ""W_Valideren aanvraag"": 1}","{""W_Nabellen incomplete dossiers"": 4, ""W_Valideren aanvraag"": 1}",W_Nabellen incomplete dossiers,W_Nabellen incomplete dossiers,1733.4406004090001,1877.184414032,0.7219280948873623,0.7219280948873623,0.001881821603312006,7.538060851982339,0.6450783812492832
Value 58,Value 56,5,"{""W_Completeren aanvraag"": 4, ""W_Nabellen offertes"": 1}","{""W_Nabellen offertes"": 5}",W_Completeren aanvraag,W_Nabellen offertes,6942.286412627,7148.370648597,0.7219280948873623,0.7219280948873623,0.0044365572315882874,8.874779610638717,0.7594696537464859
Value 8,Value 40,5,"{""W_Nabellen incomplete dossiers"": 5}","{""W_Nabellen incomplete dossiers"": 5}",W_Nabellen incomplete dossiers,W_Nabellen incomplete dossiers,1780.1172675927999,786.143297292,0.0,0.0,0.0017966223499820337,6.668410312264631,0.5706570183246079
Value 4,Value 56,5,"{""W_Nabellen offertes"": 5}","{""W_Nabellen offertes"": 5}",W_Nabellen offertes,W_Nabellen offertes,2630.6731945600004,1767.482760917,0.0,0.0,0.0014347202295552368,7.477877260742215,0.6399280999796995
Value 22,Value 45,5,"{""W_Valideren aanvraag"": 4, ""W_Nabellen incomplete dossiers"": 1}","{""W_Nabellen incomplete dossiers"": 5}",W_Valideren aanvraag,W_Nabellen incomplete dossiers,1043.1921076264,50.368076873,0.7219280948873623,0.7219280948873623,0.0011431184270690445,3.9390169070059677,0.3370859827188513
Value 43,Value 1,5,"{""W_Completeren aanvraag"": 4, ""W_Nabellen offertes"": 1}","{""A_CANCELLED"": 5}",W_Completeren aanvraag,A_CANCELLED,6.3103e-05,5.1659e-05,0.7219280948873623,0.7219280948873623,0.0014188422247446084,5.165766571981102e-05,4.420665212975698e-06
Value 14,Value 45,5,"{""W_Completeren aanvraag"": 2, ""W_Nabellen incomplete dossiers"": 2, ""W_Nabellen offertes"": 1}","{""W_Nabellen incomplete dossiers"": 2, ""W_Nabellen offertes"": 2, ""W_Completeren aanvraag"": 1}",W_Completeren aanvraag,W_Nabellen incomplete dossiers,3309.0623900886,1072.393913281,1.5219280948873621,0.9602297178607612,0.0009838646202282567,6.9785807892226455,0.5972002199670803
Value 19,Value 46,5,"{""W_Nabellen incomplete dossiers"": 3, ""W_Nabellen offertes"": 2}","{""W_Nabellen incomplete dossiers"": 3, ""W_Nabellen offertes"": 2}",W_Nabellen incomplete dossiers,W_Nabellen incomplete dossiers,1057.8207457308,48.099622548,0.9709505944546686,0.9709505944546686,0.006321112515802781,3.8938513473574847,0.33322088708240527
Value 50,Value 43,5,"{""W_Nabellen incomplete dossiers"": 5}","{""W_Nabellen incomplete dossiers"": 5}",W_Nabellen incomplete dossiers,W_Nabellen incomplete dossiers,65.7130343986,18.26236908,0.0,0.0,0.02145922746781116,2.958153403997569,0.2531474402778249
Value 15,Value 26,5,"{""W_Nabellen incomplete dossiers"": 5}","{""W_Nabellen incomplete dossiers"": 3, ""W_Valideren aanvraag"": 2}",W_Nabellen incomplete dossiers,W_Nabellen incomplete dossiers,81.5096733428,22.208563057,0.0,0.0,0.0008192692118630182,3.144521307857101,0.269096091807603
Value 41,Value 30,5,"{""W_Nabellen incomplete dossiers"": 3, ""W_Nabellen offertes"": 2}","{""W_Nabellen incomplete dossiers"": 3, ""A_CANCELLED"": 1, ""W_Nabellen offertes"": 1}",W_Nabellen incomplete dossiers,W_Nabellen incomplete dossiers,1182.300465442,47.186192926,0.9709505944546686,0.9709505944546686,0.0014204545454545455,3.875072526203396,0.33161386748018706
Value 6,Value 22,5,"{""W_Valideren aanvraag"": 5}","{""W_Valideren aanvraag"": 5}",W_Valideren aanvraag,W_Valideren aanvraag,1783.1652610356,626.516708515,0.0,0.0,0.001881821603312006,6.441770297766982,0.5512620337855789
Value 30,Value 31,5,"{""W_Nabellen incomplete dossiers"": 2, ""W_Afhandelen leads"": 1, ""W_Completeren aanvraag"": 1, ""W_Nabellen offertes"": 1}","{""W_Completeren aanvraag"": 2, ""W_Nabellen incomplete dossiers"": 2, ""W_Nabellen offertes"": 1}",W_Nabellen incomplete dossiers,W_Completeren aanvraag,4274.667895701999,900.98861919,1.9219280948873623,0.9609640474436811,0.003399048266485384,6.804601902677038,0.5823117730961747
Value 13,Value 21,5,"{""W_Nabellen offertes"": 4, ""W_Completeren aanvraag"": 1}","{""W_Nabellen offertes"": 5}",W_Nabellen offertes,W_Nabellen offertes,4721.326959549,3257.330897039,0.7219280948873623,0.7219280948873623,0.001734304543877905,8.088970348473362,0.6922231062905821
Value 44,Value 45,5,"{""W_Nabellen incomplete dossiers"": 5}","{""W_Nabellen incomplete dossiers"": 5}",W_Nabellen incomplete dossiers,W_Nabellen incomplete dossiers,1040.8495767196,1247.424716267,0.0,0.0,0.001921598770176787,7.129637808556135,0.6101271012196193
Value 24,Value 6,5,"{""W_Nabellen incomplete dossiers"": 4, ""W_Valideren aanvraag"": 1}","{""W_Valideren aanvraag"": 4, ""W_Nabellen incomplete dossiers"": 1}",W_Nabellen incomplete dossiers,W_Valideren aanvraag,432.07200802899996,15.425785161,0.7219280948873623,0.7219280948873623,0.0018975332068311196,2.7988523660287656,0.23951506748035373
Value 43,Value 25,5,"{""W_Nabellen offertes"": 3, ""W_Afhandelen leads"": 1, ""W_Completeren aanvraag"": 1}","{""W_Nabellen offertes"": 3, ""W_Completeren aanvraag"": 2}",W_Nabellen offertes,W_Nabellen offertes,5627.5021276196,5479.328234702,1.3709505944546687,0.8649735207179273,0.0014188422247446084,8.608920274991748,0.7367184298910755
Value 1,Value 26,5,"{""W_Completeren aanvraag"": 3, ""W_Afhandelen leads"": 2}","{""W_Completeren aanvraag"": 3, ""W_Afhandelen leads"": 2}",W_Completeren aanvraag,W_Completeren aanvraag,2.4443000778,1.108586597,0.9709505944546686,0.9709505944546686,0.0002006903748896203,0.7460178637903255,0.0638413519612748
Value 13,Value 6,5,"{""W_Afhandelen leads"": 4, ""W_Nabellen offertes"": 1}","{""W_Afhandelen leads"": 4, ""W_Nabellen offertes"": 1}",W_Afhandelen leads,W_Afhandelen leads,302.14996491659997,84.253716398,0.7219280948873623,0.7219280948873623,0.001734304543877905,4.445631709324867,0.38044013745625416
Value 24,Value 1,5,"{""W_Completeren aanvraag"": 3, ""W_Nabellen offertes"": 2}","{""A_CANCELLED"": 4, ""O_CANCELLED"": 1}",W_Completeren aanvraag,A_CANCELLED,0.00025543100000000003,0.000141082,0.9709505944546686,0.9709505944546686,0.0018975332068311196,0.00014107204887057716,1.2072405717051235e-05
Value 62,Value 43,5,"{""W_Valideren aanvraag"": 3, ""W_Nabellen incomplete dossiers"": 2}","{""W_Nabellen incomplete dossiers"": 4, ""W_Valideren aanvraag"": 1}",W_Valideren aanvraag,W_Nabellen incomplete dossiers,223.61527586359998,177.171876443,0.9709505944546686,0.9709505944546686,0.01059322033898305,5.182748682396608,0.44351978527515507
Value 16,Value 34,5,"{""W_Nabellen incomplete dossiers"": 2, ""W_Valideren aanvraag"": 2, ""W_Afhandelen leads"": 1}","{""W_Nabellen incomplete dossiers"": 3, ""W_Completeren aanvraag"": 1, ""W_Valideren aanvraag"": 1}",W_Nabellen incomplete dossiers,W_Nabellen incomplete dossiers,172.38461529900002,54.968147216,1.5219280948873621,0.9602297178607612,0.0012899896800825593,4.024782729192938,0.3444254933475477
Value 58,Value 12,5,"{""W_Completeren aanvraag"": 4, ""W_Nabellen offertes"": 1}","{""W_Completeren aanvraag"": 4, ""W_Nabellen offertes"": 1}",W_Completeren aanvraag,W_Completeren aanvraag,1080.5367182014002,630.878008804,0.7219280948873623,0.7219280948873623,0.0044365572315882874,6.448696351471015,0.5518547389387441
Value 33,Value 19,5,"{""W_Completeren aanvraag"": 3, ""W_Nabellen incomplete dossiers"": 1, ""W_Valideren aanvraag"": 1}","{""W_Completeren aanvraag"": 3, ""W_Nabellen incomplete dossiers"": 1, ""W_Valideren aanvraag"": 1}",W_Completeren aanvraag,W_Completeren aanvraag,16229.7143237944,6903.233252444,1.3709505944546687,0.8649735207179273,0.001124353496739375,8.839890017309013,0.7564839359565251
Value 30,Value 24,5,"{""W_Nabellen offertes"": 4, ""W_Nabellen incomplete dossiers"": 1}","{""W_Nabellen offertes"": 4, ""W_Nabellen incomplete dossiers"": 1}",W_Nabellen offertes,W_Nabellen offertes,13016.5335985766,5767.984821191,0.7219280948873623,0.7219280948873623,0.003399048266485384,8.660251403154625,0.7411111512703809
Value 9,Value 4,5,"{""W_Nabellen offertes"": 3, ""W_Completeren aanvraag"": 1, ""W_Nabellen incomplete dossiers"": 1}","{""W_Nabellen offertes"": 4, ""W_Nabellen incomplete dossiers"": 1}",W_Nabellen offertes,W_Nabellen offertes,55133.773703155806,14266.89368117,1.3709505944546687,0.8649735207179273,0.00639386189258312,9.565767094892987,0.8186017165619565
Value 40,Value 16,5,"{""W_Nabellen incomplete dossiers"": 4, ""W_Nabellen offertes"": 1}","{""W_Valideren aanvraag"": 4, ""W_Nabellen offertes"": 1}",W_Nabellen incomplete dossiers,W_Valideren aanvraag,1062.5163501683999,852.363598882,0.7219280948873623,0.7219280948873623,0.00249500998003992,6.749185715616387,0.5775694680198378
Value 27,Value 26,5,"{""W_Nabellen incomplete dossiers"": 4, ""W_Nabellen offertes"": 1}","{""W_Valideren aanvraag"": 3, ""W_Nabellen incomplete dossiers"": 1, ""W_Nabellen offertes"": 1}",W_Nabellen incomplete dossiers,W_Valideren aanvraag,1255.4180494722,228.280304393,0.7219280948873623,0.7219280948873623,0.0018953752843062926,5.434945291682784,0.46510180532903955
Value 19,Value 15,5,"{""W_Completeren aanvraag"": 5}","{""W_Nabellen offertes"": 3, ""W_Completeren aanvraag"": 2}",W_Completeren aanvraag,W_Nabellen offertes,16442.8607020236,6987.595008275,0.0,0.0,0.006321112515802781,8.852034814777818,0.7575232412162747
Value 58,Value 27,5,"{""W_Nabellen offertes"": 2, ""W_Nabellen incomplete dossiers"": 2, ""W_Completeren aanvraag"": 1}","{""W_Nabellen offertes"": 3, ""W_Nabellen incomplete dossiers"": 2}",W_Nabellen offertes,W_Nabellen offertes,5806.3979157208,9424.770738849,1.5219280948873621,0.9602297178607612,0.0044365572315882874,9.151202784977935,0.7831248904637166
Value 11,Value 45,5,"{""W_Completeren aanvraag"": 3, ""W_Nabellen offertes"": 2}","{""W_Completeren aanvraag"": 3, ""W_Nabellen offertes"": 2}",W_Completeren aanvraag,W_Completeren aanvraag,1249.2124361157998,907.685012448,0.9709505944546686,0.9709505944546686,0.0013900472616068947,6.811998513165922,0.582944746697024
Value 9,Value 39,5,"{""W_Nabellen incomplete dossiers"": 3, ""W_Completeren aanvraag"": 2}","{""W_Nabellen incomplete dossiers"": 3, ""W_Nabellen offertes"": 2}",W_Nabellen incomplete dossiers,W_Nabellen incomplete dossiers,6314.834970268401,197.806134759,0.9709505944546686,0.9709505944546686,0.00639386189258312,5.292330152695039,0.452897347868914
Value 1,Value 22,5,"{""W_Afhandelen leads"": 4, ""W_Completeren aanvraag"": 1}","{""W_Afhandelen leads"": 4, ""W_Completeren aanvraag"": 1}",W_Afhandelen leads,W_Afhandelen leads,2.4761758096,0.143104847,0.7219280948873623,0.7219280948873623,0.0002006903748896203,0.13374811026455838,0.01144565109764573
Value 24,Value 25,5,"{""W_Completeren aanvraag"": 3, ""W_Nabellen offertes"": 2}","{""W_Nabellen offertes"": 3, ""W_Completeren aanvraag"": 2}",W_Completeren aanvraag,W_Nabellen offertes,10014.9554888114,10759.583402611,0.9709505944546686,0.9709505944546686,0.0018975332068311196,9.28364505181946,0.7944587924818529
Value 13,Value 58,5,"{""W_Nabellen offertes"": 3, ""W_Completeren aanvraag"": 2}","{""W_Nabellen offertes"": 3, ""W_Completeren aanvraag"": 2}",W_Nabellen offertes,W_Nabellen offertes,567.6638700420001,779.064527918,0.9709505944546686,0.9709505944546686,0.001734304543877905,6.659376644361857,0.5698839516192719
Value 8,Value 55,5,"{""W_Valideren aanvraag"": 4, ""W_Nabellen incomplete dossiers"": 1}","{""W_Nabellen incomplete dossiers"": 5}",W_Valideren aanvraag,W_Nabellen incomplete dossiers,13.910319796600001,7.792688938,0.7219280948873623,0.7219280948873623,0.0017966223499820337,2.1739205736764955,0.18603579782232202
Value 26,Value 30,5,"{""W_Nabellen incomplete dossiers"": 3, ""W_Valideren aanvraag"": 2}","{""W_Nabellen incomplete dossiers"": 5}",W_Nabellen incomplete dossiers,W_Nabellen incomplete dossiers,39.6712194964,41.491752448,0.9709505944546686,0.9709505944546686,0.0014475969889982628,3.749309997051225,0.32085159183392936
Value 6,Value 30,5,"{""W_Valideren aanvraag"": 5}","{""W_Nabellen incomplete dossiers"": 4, ""W_Valideren aanvraag"": 1}",W_Valideren aanvraag,W_Nabellen incomplete dossiers,45.128441011999996,56.624281745,0.0,0.0,0.001881821603312006,4.053944036944122,0.3469210063937576
Value 15,Value 45,5,"{""W_Nabellen incomplete dossiers"": 3, ""W_Completeren aanvraag"": 2}","{""W_Nabellen incomplete dossiers"": 3, ""W_Completeren aanvraag"": 2}",W_Nabellen incomplete dossiers,W_Nabellen incomplete dossiers,382.5649351612,16.443045878,0.9709505944546686,0.9709505944546686,0.0008192692118630182,2.858941052199368,0.24465722713752006
Value 5,Value 46,5,"{""W_Nabellen incomplete dossiers"": 3, ""W_Nabellen offertes"": 2}","{""W_Nabellen incomplete dossiers"": 3, ""W_Nabellen offertes"": 1, ""W_Valideren aanvraag"": 1}",W_Nabellen incomplete dossiers,W_Nabellen incomplete dossiers,1539.4005986752004,1159.883360534,0.9709505944546686,0.9709505944546686,0.0013550135501355014,7.056936511994649,0.603905602664288
Value 9,Value 5,5,"{""W_Nabellen offertes"": 2, ""W_Completeren aanvraag"": 2, ""W_Nabellen incomplete dossiers"": 1}","{""W_Nabellen offertes"": 4, ""W_Nabellen incomplete dossiers"": 1}",W_Nabellen offertes,W_Nabellen offertes,15690.3115828062,12997.138987209,1.5219280948873621,0.9602297178607612,0.00639386189258312,9.472561471365966,0.8106255362247642
Value 24,Value 33,5,"{""W_Completeren aanvraag"": 2, ""W_Nabellen incomplete dossiers"": 1, ""W_Nabellen offertes"": 1, ""W_Afhandelen leads"": 1}","{""W_Completeren aanvraag"": 2, ""W_Nabellen incomplete dossiers"": 1, ""W_Nabellen offertes"": 1, ""W_Afhandelen leads"": 1}",W_Completeren aanvraag,W_Completeren aanvraag,3038.9566710729996,482.20331381,1.9219280948873623,0.9609640474436811,0.0018975332068311196,6.1804375046475855,0.5288981741056081
Value 13,Value 44,5,"{""W_Completeren aanvraag"": 5}","{""W_Completeren aanvraag"": 4, ""W_Nabellen offertes"": 1}",W_Completeren aanvraag,W_Completeren aanvraag,2993.9075890434,1374.189470355,0.0,0.0,0.001734304543877905,7.226346797229407,0.6184030861301424
Value 46,Value 41,5,"{""W_Nabellen offertes"": 3, ""W_Nabellen incomplete dossiers"": 2}","{""W_Valideren aanvraag"": 3, ""W_Nabellen incomplete dossiers"": 2}",W_Nabellen offertes,W_Valideren aanvraag,782.4549349018,677.238750204,0.9709505944546686,0.9709505944546686,0.002110595187842972,6.519499364897982,0.5579137896927624
Value 10,Value 21,5,"{""W_Nabellen offertes"": 2, ""W_Completeren aanvraag"": 2, ""W_Nabellen incomplete dossiers"": 1}","{""W_Nabellen offertes"": 4, ""W_Nabellen incomplete dossiers"": 1}",W_Nabellen offertes,W_Nabellen offertes,22161.1979256684,5920.744491147,1.5219280948873621,0.9602297178607612,0.001414027149321267,8.686386362027761,0.7433476809687934
Value 25,Value 28,5,"{""W_Afhandelen leads"": 2, ""W_Nabellen incomplete dossiers"": 1, ""W_Nabellen offertes"": 1, ""W_Completeren aanvraag"": 1}","{""W_Completeren aanvraag"": 2, ""W_Nabellen incomplete dossiers"": 1, ""W_Afhandelen leads"": 1, ""W_Nabellen offertes"": 1}",W_Afhandelen leads,W_Completeren aanvraag,1538.2969940688001,698.020839688,1.9219280948873623,0.9609640474436811,0.0031466331025802393,6.5496805553630715,0.5604965803960607
Value 11,Value 19,5,"{""W_Completeren aanvraag"": 4, ""W_Nabellen offertes"": 1}","{""W_Completeren aanvraag"": 4, ""W_Nabellen offertes"": 1}",W_Completeren aanvraag,W_Completeren aanvraag,5528.1812902288,2919.645971577,0.7219280948873623,0.7219280948873623,0.0013900472616068947,7.979560093938905,0.6828601956862457
Value 25,Value 22,5,"{""W_Valideren aanvraag"": 2, ""W_Nabellen incomplete dossiers"": 2, ""W_Nabellen offertes"": 1}","{""W_Valideren aanvraag"": 4, ""W_Nabellen offertes"": 1}",W_Valideren aanvraag,W_Valideren aanvraag,3323.2123719250003,1744.508339775,1.5219280948873621,0.9602297178607612,0.0031466331025802393,7.464801104405347,0.6388090925945931
Value 55,Value 23,5,"{""W_Nabellen incomplete dossiers"": 4, ""W_Completeren aanvraag"": 1}","{""W_Nabellen incomplete dossiers"": 4, ""W_Completeren aanvraag"": 1}",W_Nabellen incomplete dossiers,W_Nabellen incomplete dossiers,119.40285331979999,80.409327429,0.7219280948873623,0.7219280948873623,0.002886836027713626,4.399489854023692,0.37649149417650496
Value 8,Value 32,5,"{""W_Valideren aanvraag"": 3, ""W_Nabellen incomplete dossiers"": 1, ""W_Completeren aanvraag"": 1}","{""W_Nabellen incomplete dossiers"": 4, ""W_Completeren aanvraag"": 1}",W_Valideren aanvraag,W_Nabellen incomplete dossiers,1298.4711033986,917.187294816,1.3709505944546687,0.8649735207179273,0.0017966223499820337,6.822401394664281,0.5838349854585649
Value 5,Value 30,5,"{""W_Nabellen incomplete dossiers"": 5}","{""W_Nabellen incomplete dossiers"": 5}",W_Nabellen incomplete dossiers,W_Nabellen incomplete dossiers,5299.236212203799,1036.514342575,0.0,0.0,0.0013550135501355014,6.944583076177975,0.594290825876521
Value 30,Value 23,5,"{""W_Nabellen incomplete dossiers"": 3, ""W_Nabellen offertes"": 2}","{""W_Nabellen incomplete dossiers"": 3, ""W_Nabellen offertes"": 2}",W_Nabellen incomplete dossiers,W_Nabellen incomplete dossiers,2818.1462063512,1851.834159746,0.9709505944546686,0.9709505944546686,0.003399048266485384,7.524471724031907,0.6439154757178761
Value 56,Value 18,5,"{""W_Nabellen offertes"": 5}","{""W_Nabellen offertes"": 5}",W_Nabellen offertes,W_Nabellen offertes,1820.648888977,1336.047432826,0.0,0.0,0.017123287671232876,7.198219053530239,0.6159960215375445
Value 24,Value 16,5,"{""W_Nabellen incomplete dossiers"": 4, ""W_Completeren aanvraag"": 1}","{""W_Valideren aanvraag"": 3, ""W_Completeren aanvraag"": 1, ""W_Nabellen incomplete dossiers"": 1}",W_Nabellen incomplete dossiers,W_Valideren aanvraag,1382.3780720862,538.644068303,0.7219280948873623,0.7219280948873623,0.0018975332068311196,6.2909097894625905,0.5383519691943852
Value 41,Value 62,5,"{""W_Valideren aanvraag"": 3, ""W_Nabellen incomplete dossiers"": 2}","{""W_Valideren aanvraag"": 4, ""W_Nabellen incomplete dossiers"": 1}",W_Valideren aanvraag,W_Valideren aanvraag,1241.0778032338,14.108711457,0.9709505944546686,0.9709505944546686,0.0014204545454545455,2.7152714951499703,0.23236253661749662
Value 23,Value 1,5,"{""W_Nabellen offertes"": 4, ""W_Completeren aanvraag"": 1}","{""A_CANCELLED"": 5}",W_Nabellen offertes,A_CANCELLED,806.833617815,5.5106e-05,0.7219280948873623,0.7219280948873623,0.003770739064856712,5.510448172015929e-05,4.715630526950853e-06
Value 19,Value 32,5,"{""W_Completeren aanvraag"": 5}","{""W_Completeren aanvraag"": 5}",W_Completeren aanvraag,W_Completeren aanvraag,2333.4580029149993,202.068716351,0.0,0.0,0.006321112515802781,5.313544425954287,0.45471278413590266
Value 40,Value 10,5,"{""W_Nabellen offertes"": 3, ""W_Afhandelen leads"": 1, ""W_Nabellen incomplete dossiers"": 1}","{""W_Nabellen offertes"": 3, ""W_Completeren aanvraag"": 1, ""W_Nabellen incomplete dossiers"": 1}",W_Nabellen offertes,W_Nabellen offertes,1338.3021157568,262.565545032,1.3709505944546687,0.8649735207179273,0.00249500998003992,5.574302084798351,0.4770274260270259
Value 56,Value 15,5,"{""W_Nabellen offertes"": 5}","{""W_Nabellen offertes"": 5}",W_Nabellen offertes,W_Nabellen offertes,9241.076482750399,9241.114107821,0.0,0.0,0.017123287671232876,9.131525938012832,0.7814410212515172
Value 26,Value 34,5,"{""W_Nabellen incomplete dossiers"": 4, ""W_Valideren aanvraag"": 1}","{""W_Nabellen incomplete dossiers"": 5}",W_Nabellen incomplete dossiers,W_Nabellen incomplete dossiers,175.96312682340002,34.058189932,0.7219280948873623,0.7219280948873623,0.0014475969889982628,3.5570092504364297,0.30439523034055155
Value 25,Value 26,5,"{""W_Nabellen incomplete dossiers"": 3, ""W_Valideren aanvraag"": 1, ""W_Nabellen offertes"": 1}","{""W_Valideren aanvraag"": 3, ""W_Nabellen incomplete dossiers"": 1, ""W_Nabellen offertes"": 1}",W_Nabellen incomplete dossiers,W_Valideren aanvraag,2106.2595764432,192.002302576,1.3709505944546687,0.8649735207179273,0.0031466331025802393,5.262702119279314,0.45036189422762524
Value 10,Value 23,5,"{""W_Nabellen offertes"": 3, ""W_Completeren aanvraag"": 2}","{""W_Nabellen offertes"": 5}",W_Nabellen offertes,W_Nabellen offertes,11103.487995960599,2214.69182964,0.9709505944546686,0.9709505944546686,0.001414027149321267,7.7033199721496635,0.6592206239052554
Value 12,Value 37,5,"{""W_Completeren aanvraag"": 4, ""W_Afhandelen leads"": 1}","{""W_Completeren aanvraag"": 5}",W_Completeren aanvraag,W_Completeren aanvraag,6314.436191343199,1023.009058351,0.7219280948873623,0.7219280948873623,0.0011571395510298543,6.9314806516062255,0.5931695705564659
Value 24,Value 22,5,"{""W_Nabellen incomplete dossiers"": 5}","{""W_Valideren aanvraag"": 5}",W_Nabellen incomplete dossiers,W_Valideren aanvraag,2744.5177756616,1877.344184929,0.0,0.0,0.0018975332068311196,7.5381459150361065,0.6450856606196819
Value 22,Value 30,5,"{""W_Valideren aanvraag"": 3, ""W_Nabellen incomplete dossiers"": 1, ""W_Nabellen offertes"": 1}","{""W_Nabellen incomplete dossiers"": 4, ""W_Nabellen offertes"": 1}",W_Valideren aanvraag,W_Nabellen incomplete dossiers,3608.1484197466007,47.244752669,1.3709505944546687,0.8649735207179273,0.0011431184270690445,3.8762870688968682,0.3317178033928903
Value 24,Value 55,5,"{""W_Nabellen offertes"": 4, ""W_Afhandelen leads"": 1}","{""W_Nabellen offertes"": 4, ""W_Afhandelen leads"": 1}",W_Nabellen offertes,W_Nabellen offertes,6003.690287015799,2216.557451085,0.7219280948873623,0.7219280948873623,0.0018975332068311196,7.704161621890968,0.659292649067079
Value 19,Value 11,5,"{""W_Completeren aanvraag"": 5}","{""W_Completeren aanvraag"": 3, ""W_Nabellen offertes"": 2}",W_Completeren aanvraag,W_Completeren aanvraag,12604.2990119722,1666.170761323,0.0,0.0,0.006321112515802781,7.418883313811093,0.6348796239144224
Value 33,Value 45,5,"{""W_Completeren aanvraag"": 3, ""W_Nabellen offertes"": 1, ""W_Nabellen incomplete dossiers"": 1}","{""W_Completeren aanvraag"": 3, ""W_Nabellen offertes"": 1, ""W_Nabellen incomplete dossiers"": 1}",W_Completeren aanvraag,W_Completeren aanvraag,2055.8001134102,21.57557288,1.3709505944546687,0.8649735207179273,0.001124353496739375,3.116868475725251,0.26672966832829653
Value 31,Value 28,5,"{""W_Nabellen offertes"": 4, ""W_Completeren aanvraag"": 1}","{""W_Nabellen offertes"": 4, ""W_Completeren aanvraag"": 1}",W_Nabellen offertes,W_Nabellen offertes,5081.734689020999,6236.057229907,0.7219280948873623,0.7219280948873623,0.00216169476869866,8.738263752354957,0.7477871493722494
Value 23,Value 58,5,"{""W_Nabellen incomplete dossiers"": 3, ""W_Nabellen offertes"": 2}","{""W_Nabellen incomplete dossiers"": 3, ""W_Nabellen offertes"": 2}",W_Nabellen incomplete dossiers,W_Nabellen incomplete dossiers,2922.7299780784,3596.508697248,0.9709505944546686,0.9709505944546686,0.003770739064856712,8.187996856339698,0.700697415618874
Value 6,Value 44,5,"{""W_Valideren aanvraag"": 5}","{""W_Nabellen incomplete dossiers"": 5}",W_Valideren aanvraag,W_Nabellen incomplete dossiers,91.51484341120002,27.994473953,0.0,0.0,0.001881821603312006,3.367105258484051,0.2881439739329833
Value 20,Value 26,5,"{""W_Nabellen incomplete dossiers"": 3, ""W_Valideren aanvraag"": 1, ""W_Nabellen offertes"": 1}","{""W_Valideren aanvraag"": 4, ""W_Nabellen offertes"": 1}",W_Nabellen incomplete dossiers,W_Valideren aanvraag,1607.102379995,436.11524598,1.3709505944546687,0.8649735207179273,0.0010900370612600828,6.080196881105411,0.520319965407147
Value 25,Value 24,5,"{""W_Nabellen offertes"": 4, ""W_Completeren aanvraag"": 1}","{""W_Nabellen offertes"": 4, ""W_Completeren aanvraag"": 1}",W_Nabellen offertes,W_Nabellen offertes,13194.187627733801,5410.732810021,0.7219280948873623,0.7219280948873623,0.0031466331025802393,8.596324618157125,0.7356405418133328
Value 30,Value 55,5,"{""W_Nabellen offertes"": 2, ""W_Nabellen incomplete dossiers"": 2, ""W_Completeren aanvraag"": 1}","{""W_Nabellen offertes"": 2, ""W_Nabellen incomplete dossiers"": 2, ""W_Completeren aanvraag"": 1}",W_Nabellen offertes,W_Nabellen offertes,2595.4360879016,2735.605864241,1.5219280948873621,0.9602297178607612,0.003399048266485384,7.91447369583642,0.6772903509803282
Value 19,Value 33,5,"{""W_Completeren aanvraag"": 5}","{""W_Completeren aanvraag"": 5}",W_Completeren aanvraag,W_Completeren aanvraag,562.175743533,797.015645491,0.0,0.0,0.006321112515802781,6.682128203136062,0.571830942893706
Value 20,Value 56,5,"{""W_Completeren aanvraag"": 4, ""W_Nabellen offertes"": 1}","{""W_Nabellen offertes"": 5}",W_Completeren aanvraag,W_Nabellen offertes,7156.433557336399,7149.654216467,0.7219280948873623,0.7219280948873623,0.0010900370612600828,8.874959130308866,0.7594850163523996
Value 10,Value 43,5,"{""W_Completeren aanvraag"": 5}","{""W_Completeren aanvraag"": 5}",W_Completeren aanvraag,W_Completeren aanvraag,127.79841047099998,133.379879421,0.0,0.0,0.001414027149321267,4.900670710192896,0.41938063261132397
Value 40,Value 44,4,"{""W_Nabellen offertes"": 3, ""W_Nabellen incomplete dossiers"": 1}","{""W_Nabellen offertes"": 3, ""W_Nabellen incomplete dossiers"": 1}",W_Nabellen offertes,W_Nabellen offertes,5414.15944527875,5736.1504906875,0.8112781244591328,0.8112781244591328,0.001996007984031936,8.654717935857532,0.7406376183291118
Value 6,Value 9,4,"{""W_Valideren aanvraag"": 4}","{""W_Nabellen incomplete dossiers"": 4}",W_Valideren aanvraag,W_Nabellen incomplete dossiers,22.78170493075,23.270451155,0.0,0.0,0.0015054572826496049,3.1892596085645004,0.27292462426002856
Value 22,Value 9,4,"{""W_Valideren aanvraag"": 4}","{""W_Nabellen incomplete dossiers"": 3, ""W_Valideren aanvraag"": 1}",W_Valideren aanvraag,W_Nabellen incomplete dossiers,28.45751941925,27.801282041,0.0,0.0,0.0009144947416552355,3.360419901463623,0.2875718666802703
Value 43,Value 13,4,"{""W_Completeren aanvraag"": 3, ""W_Nabellen offertes"": 1}","{""W_Nabellen offertes"": 3, ""W_Completeren aanvraag"": 1}",W_Completeren aanvraag,W_Nabellen offertes,6201.09891390325,6185.582898183499,0.8112781244591328,0.8112781244591328,0.0011350737797956867,8.730138177416109,0.7470917937852892
Value 64,Value 1,4,"{""W_Nabellen offertes"": 4}","{""O_CANCELLED"": 4}",W_Nabellen offertes,O_CANCELLED,1.0242499999999999e-05,1.0178e-05,0.0,0.0,0.18181818181818182,1.0177948204509448e-05,8.709898316192827e-07
Value 28,Value 56,4,"{""W_Nabellen offertes"": 2, ""W_Completeren aanvraag"": 2}","{""W_Nabellen offertes"": 4}",W_Nabellen offertes,W_Nabellen offertes,6629.38245895825,7103.615535278,1.0,1.0,0.001670843776106934,8.868499927213197,0.7589322624865272
Value 59,Value 59,4,"{""W_Valideren aanvraag"": 3, ""W_Wijzigen contractgegevens"": 1}","{""W_Valideren aanvraag"": 3, ""W_Wijzigen contractgegevens"": 1}",W_Valideren aanvraag,W_Valideren aanvraag,0.9027188509999999,0.8969357794999999,0.8112781244591328,0.8112781244591328,0.6666666666666666,0.6402398366634328,0.05478927346912327
Value 22,Value 28,4,"{""W_Valideren aanvraag"": 4}","{""W_Nabellen incomplete dossiers"": 4}",W_Valideren aanvraag,W_Nabellen incomplete dossiers,597.4520740772499,403.33448210899996,0.0,0.0,0.0009144947416552355,6.002242461431838,0.5136489246923415
Value 16,Value 46,4,"{""W_Nabellen incomplete dossiers"": 3, ""W_Nabellen offertes"": 1}","{""W_Nabellen incomplete dossiers"": 3, ""W_Nabellen offertes"": 1}",W_Nabellen incomplete dossiers,W_Nabellen incomplete dossiers,186.25745692925,178.24706856400002,0.8112781244591328,0.8112781244591328,0.0010319917440660474,5.188765125449211,0.4440346494320597
Value 50,Value 46,4,"{""W_Nabellen offertes"": 2, ""W_Completeren aanvraag"": 1, ""W_Nabellen incomplete dossiers"": 1}","{""W_Nabellen offertes"": 3, ""W_Nabellen incomplete dossiers"": 1}",W_Nabellen offertes,W_Nabellen offertes,4639.65912470375,4231.4834529835,1.5,0.9463946303571862,0.017167381974248927,8.350544204486004,0.7146075952098239
Value 50,Value 4,4,"{""W_Nabellen incomplete dossiers"": 3, ""W_Nabellen offertes"": 1}","{""W_Nabellen incomplete dossiers"": 3, ""W_Nabellen offertes"": 1}",W_Nabellen incomplete dossiers,W_Nabellen incomplete dossiers,15534.744354084249,501.8637438965,0.8112781244591328,0.8112781244591328,0.017167381974248927,6.220319246517573,0.5323111008505718
Value 43,Value 37,4,"{""W_Completeren aanvraag"": 3, ""W_Afhandelen leads"": 1}","{""W_Completeren aanvraag"": 4}",W_Completeren aanvraag,W_Completeren aanvraag,412.39312717825,76.6645178195,0.8112781244591328,0.8112781244591328,0.0011350737797956867,4.352398496954751,0.37246159617151925
Value 45,Value 12,4,"{""W_Completeren aanvraag"": 3, ""W_Nabellen offertes"": 1}","{""W_Completeren aanvraag"": 3, ""W_Nabellen offertes"": 1}",W_Completeren aanvraag,W_Completeren aanvraag,3351.1417140377494,228.022235723,0.8112781244591328,0.8112781244591328,0.004479283314669653,5.433819098067489,0.4650054299921203
Value 22,Value 20,4,"{""W_Valideren aanvraag"": 3, ""W_Nabellen incomplete dossiers"": 1}","{""W_Nabellen incomplete dossiers"": 4}",W_Valideren aanvraag,W_Nabellen incomplete dossiers,85.8397356075,34.2871200415,0.8112781244591328,0.8112781244591328,0.0009144947416552355,3.5635180260118964,0.3049522264294108
Value 6,Value 27,4,"{""W_Valideren aanvraag"": 4}","{""W_Nabellen incomplete dossiers"": 4}",W_Valideren aanvraag,W_Nabellen incomplete dossiers,29.374868911500002,4.906445253,0.0,0.0,0.0015054572826496049,1.7760441704224834,0.15198705887099226
Value 12,Value 26,4,"{""W_Nabellen incomplete dossiers"": 2, ""W_Valideren aanvraag"": 1, ""W_Nabellen offertes"": 1}","{""W_Valideren aanvraag"": 2, ""W_Nabellen incomplete dossiers"": 1, ""W_Nabellen offertes"": 1}",W_Nabellen incomplete dossiers,W_Valideren aanvraag,603.26824950025,573.207589656,1.5,0.9463946303571862,0.0009257116408238834,6.35299098539132,0.5436646402064789
Value 45,Value 39,4,"{""W_Completeren aanvraag"": 2, ""W_Nabellen incomplete dossiers"": 2}","{""W_Nabellen offertes"": 2, ""W_Nabellen incomplete dossiers"": 2}",W_Completeren aanvraag,W_Nabellen offertes,4836.0165593312495,4847.677283846499,1.0,1.0,0.004479283314669653,8.486461221755205,0.7262388530632531
Value 45,Value 15,4,"{""W_Completeren aanvraag"": 2, ""W_Nabellen offertes"": 1, ""W_Nabellen incomplete dossiers"": 1}","{""W_Nabellen offertes"": 3, ""W_Nabellen incomplete dossiers"": 1}",W_Completeren aanvraag,W_Nabellen offertes,7316.73517200525,8447.1601268905,1.5,0.9463946303571862,0.004479283314669653,9.041703960180532,0.7737544003554506
Value 4,Value 22,4,"{""W_Nabellen incomplete dossiers"": 2, ""W_Valideren aanvraag"": 2}","{""W_Valideren aanvraag"": 4}",W_Nabellen incomplete dossiers,W_Valideren aanvraag,217.023009141,35.640017051,1.0,1.0,0.0011477761836441894,3.6011410051715416,0.30817185691139304
Value 40,Value 30,4,"{""W_Nabellen offertes"": 4}","{""W_Nabellen offertes"": 4}",W_Nabellen offertes,W_Nabellen offertes,6350.278460478001,1884.8855811035,0.0,0.0,0.001996007984031936,7.5421527938575625,0.645428553965167
Value 10,Value 8,4,"{""W_Nabellen incomplete dossiers"": 4}","{""W_Nabellen incomplete dossiers"": 4}",W_Nabellen incomplete dossiers,W_Nabellen incomplete dossiers,2566.419223045,1018.0263130154999,0.0,0.0,0.0011312217194570137,6.9266028552794205,0.592752147425989
Value 20,Value 16,4,"{""W_Nabellen incomplete dossiers"": 2, ""W_Nabellen offertes"": 1, ""W_Valideren aanvraag"": 1}","{""W_Valideren aanvraag"": 2, ""W_Nabellen offertes"": 1, ""W_Nabellen incomplete dossiers"": 1}",W_Nabellen incomplete dossiers,W_Valideren aanvraag,472.87312993225,330.1833271185,1.5,0.9463946303571862,0.0008720296490080662,5.802672080418178,0.49657045572565234
Value 9,Value 46,4,"{""W_Nabellen offertes"": 2, ""W_Completeren aanvraag"": 2}","{""W_Nabellen offertes"": 4}",W_Nabellen offertes,W_Nabellen offertes,6375.08668941475,6678.967917893,1.0,1.0,0.005115089514066497,8.806868463808529,0.7536580778616243
Value 45,Value 46,4,"{""W_Nabellen incomplete dossiers"": 3, ""W_Completeren aanvraag"": 1}","{""W_Nabellen incomplete dossiers"": 3, ""W_Nabellen offertes"": 1}",W_Nabellen incomplete dossiers,W_Nabellen incomplete dossiers,1530.5088848902499,217.22744655949998,0.8112781244591328,0.8112781244591328,0.004479283314669653,5.385537851737398,0.460873705820761
Value 40,Value 26,4,"{""W_Nabellen incomplete dossiers"": 3, ""W_Nabellen offertes"": 1}","{""W_Valideren aanvraag"": 2, ""W_Nabellen incomplete dossiers"": 1, ""W_Nabellen offertes"": 1}",W_Nabellen incomplete dossiers,W_Valideren aanvraag,506.8802529975,626.3718427585,0.8112781244591328,0.8112781244591328,0.001996007984031936,6.441539415499395,0.5512422757652659
Value 12,Value 9,4,"{""W_Nabellen offertes"": 3, ""W_Afhandelen leads"": 1}","{""W_Nabellen offertes"": 3, ""W_Completeren aanvraag"": 1}",W_Nabellen offertes,W_Nabellen offertes,704.07702783575,528.194417067,0.8112781244591328,0.8112781244591328,0.0009257116408238834,6.271355882425136,0.5366786207104044
Value 44,Value 56,4,"{""W_Nabellen offertes"": 2, ""W_Nabellen incomplete dossiers"": 2}","{""W_Nabellen offertes"": 2, ""W_Nabellen incomplete dossiers"": 2}",W_Nabellen offertes,W_Nabellen offertes,2322.35963081325,2003.582980127,1.0,1.0,0.0015372790161414297,7.603191328146162,0.6506519979868962
Value 10,Value 16,4,"{""W_Nabellen offertes"": 4}","{""W_Nabellen offertes"": 4}",W_Nabellen offertes,W_Nabellen offertes,134.37562324600003,142.0469774585,0.0,0.0,0.0011312217194570137,4.963173090006903,0.4247293469274261
Value 5,Value 11,4,"{""W_Completeren aanvraag"": 2, ""W_Nabellen incomplete dossiers"": 1, ""W_Nabellen offertes"": 1}","{""W_Completeren aanvraag"": 2, ""W_Nabellen incomplete dossiers"": 1, ""W_Nabellen offertes"": 1}",W_Completeren aanvraag,W_Completeren aanvraag,21257.897173298,13592.9485654935,1.5,0.9463946303571862,0.001084010840108401,9.517380014281175,0.8144609354980522
Value 28,Value 16,4,"{""W_Nabellen incomplete dossiers"": 3, ""W_Valideren aanvraag"": 1}","{""W_Valideren aanvraag"": 3, ""W_Nabellen incomplete dossiers"": 1}",W_Nabellen incomplete dossiers,W_Valideren aanvraag,1920.35386824475,1682.0436771099999,0.8112781244591328,0.8112781244591328,0.001670843776106934,7.428359145791077,0.6356905293282507
Value 45,Value 8,4,"{""W_Nabellen incomplete dossiers"": 4}","{""W_Nabellen incomplete dossiers"": 4}",W_Nabellen incomplete dossiers,W_Nabellen incomplete dossiers,137.929217264,141.226533836,0.0,0.0,0.004479283314669653,4.957421095152297,0.42423711323462066
Value 45,Value 40,4,"{""W_Nabellen incomplete dossiers"": 2, ""W_Nabellen offertes"": 1, ""W_Completeren aanvraag"": 1}","{""W_Nabellen incomplete dossiers"": 2, ""W_Nabellen offertes"": 1, ""W_Completeren aanvraag"": 1}",W_Nabellen incomplete dossiers,W_Nabellen incomplete dossiers,3024.65673594725,341.55395215650003,1.5,0.9463946303571862,0.004479283314669653,5.836429169841117,0.4994592581681147
Value 44,Value 22,4,"{""W_Nabellen incomplete dossiers"": 4}","{""W_Valideren aanvraag"": 3, ""W_Nabellen incomplete dossiers"": 1}",W_Nabellen incomplete dossiers,W_Valideren aanvraag,1407.005709701,542.4135468175,0.0,0.0,0.0015372790161414297,6.297870626415588,0.5389476509647969
Value 41,Value 56,4,"{""W_Nabellen offertes"": 3, ""W_Nabellen incomplete dossiers"": 1}","{""W_Nabellen offertes"": 3, ""W_Nabellen incomplete dossiers"": 1}",W_Nabellen offertes,W_Nabellen offertes,5190.924974817501,2965.747666778,0.8112781244591328,0.8112781244591328,0.0011363636363636363,7.995221570087705,0.6842004448405603
Value 16,Value 21,4,"{""W_Nabellen incomplete dossiers"": 3, ""W_Valideren aanvraag"": 1}","{""W_Nabellen incomplete dossiers"": 4}",W_Nabellen incomplete dossiers,W_Nabellen incomplete dossiers,321.56871102425,304.19390109899996,0.8112781244591328,0.8112781244591328,0.0010319917440660474,5.72094731591771,0.48957676333882627
Value 6,Value 16,4,"{""W_Nabellen incomplete dossiers"": 3, ""W_Valideren aanvraag"": 1}","{""W_Nabellen incomplete dossiers"": 3, ""W_Valideren aanvraag"": 1}",W_Nabellen incomplete dossiers,W_Nabellen incomplete dossiers,919.6199246332501,980.7242822795,0.8112781244591328,0.8112781244591328,0.0015054572826496049,6.889310497321268,0.5895608102403403
Value 42,Value 6,4,"{""W_Beoordelen fraude"": 4}","{""W_Valideren aanvraag"": 4}",W_Beoordelen fraude,W_Valideren aanvraag,5.140396002249999,3.0872123179999997,0.0,0.0,0.012422360248447204,1.4078631528290875,0.12047953730814852
Value 30,Value 26,4,"{""W_Nabellen incomplete dossiers"": 3, ""W_Valideren aanvraag"": 1}","{""W_Valideren aanvraag"": 3, ""W_Nabellen incomplete dossiers"": 1}",W_Nabellen incomplete dossiers,W_Valideren aanvraag,866.842301418,52.108183833,0.8112781244591328,0.8112781244591328,0.002719238613188307,3.972331037521225,0.33993687843427367
Value 40,Value 55,4,"{""W_Nabellen offertes"": 3, ""W_Completeren aanvraag"": 1}","{""W_Nabellen offertes"": 3, ""W_Completeren aanvraag"": 1}",W_Nabellen offertes,W_Nabellen offertes,15793.523117647,20335.667045804497,0.8112781244591328,0.8112781244591328,0.001996007984031936,9.920180794120855,0.8489310837400366
Value 58,Value 40,4,"{""W_Nabellen offertes"": 4}","{""W_Nabellen offertes"": 4}",W_Nabellen offertes,W_Nabellen offertes,427.936184787,422.8226438055,0.0,0.0,0.00354924578527063,6.049315074811518,0.5176772186841778
Value 42,Value 8,4,"{""W_Beoordelen fraude"": 4}","{""W_Beoordelen fraude"": 3, ""W_Valideren aanvraag"": 1}",W_Beoordelen fraude,W_Beoordelen fraude,89.06418099625,69.178336364,0.0,0.0,0.012422360248447204,4.2510396646019375,0.363787695445144
Value 20,Value 19,4,"{""W_Completeren aanvraag"": 2, ""W_Nabellen offertes"": 2}","{""W_Completeren aanvraag"": 2, ""W_Nabellen offertes"": 2}",W_Completeren aanvraag,W_Completeren aanvraag,3327.22472340675,3315.165578074,1.0,1.0,0.0008720296490080662,8.106564448082757,0.6937287419598117
Value 43,Value 56,4,"{""W_Nabellen incomplete dossiers"": 3, ""W_Completeren aanvraag"": 1}","{""W_Nabellen incomplete dossiers"": 3, ""W_Nabellen offertes"": 1}",W_Nabellen incomplete dossiers,W_Nabellen incomplete dossiers,2433.3686061927506,105.7629440995,0.8112781244591328,0.8112781244591328,0.0011350737797956867,4.6706109009592005,0.3996929951346427
Value 26,Value 11,4,"{""W_Valideren aanvraag"": 4}","{""W_Nabellen incomplete dossiers"": 4}",W_Valideren aanvraag,W_Nabellen incomplete dossiers,144.129706694,149.1630029885,0.0,0.0,0.0011580775911986102,5.011721390669787,0.42888392458592045
Value 26,Value 24,4,"{""W_Valideren aanvraag"": 3, ""W_Nabellen incomplete dossiers"": 1}","{""W_Nabellen incomplete dossiers"": 3, ""W_Valideren aanvraag"": 1}",W_Valideren aanvraag,W_Nabellen incomplete dossiers,117.25897743449998,102.631313991,0.8112781244591328,0.8112781244591328,0.0011580775911986102,4.640839542754841,0.39714527630679447
Value 35,Value 11,4,"{""W_Completeren aanvraag"": 3, ""W_Afhandelen leads"": 1}","{""W_Nabellen offertes"": 3, ""W_Completeren aanvraag"": 1}",W_Completeren aanvraag,W_Nabellen offertes,52566.086021708245,56737.921085708,0.8112781244591328,0.8112781244591328,0.014545454545454545,10.946215693125797,0.9367352212698261
Value 15,Value 37,4,"{""W_Completeren aanvraag"": 3, ""W_Afhandelen leads"": 1}","{""W_Completeren aanvraag"": 3, ""W_Afhandelen leads"": 1}",W_Completeren aanvraag,W_Completeren aanvraag,461.246562471,226.80907746050002,0.8112781244591328,0.8112781244591328,0.0006554153694904145,5.428507898597119,0.46455091788030345
Value 41,Value 37,4,"{""W_Afhandelen leads"": 2, ""W_Completeren aanvraag"": 2}","{""W_Afhandelen leads"": 2, ""W_Completeren aanvraag"": 2}",W_Afhandelen leads,W_Afhandelen leads,5719.5170794817495,1520.4726530415,1.0,1.0,0.0011363636363636363,7.327433995492618,0.6270537414513326
Value 11,Value 9,4,"{""W_Nabellen offertes"": 3, ""W_Completeren aanvraag"": 1}","{""W_Nabellen offertes"": 3, ""W_Completeren aanvraag"": 1}",W_Nabellen offertes,W_Nabellen offertes,19258.564657102997,15685.9777284845,0.8112781244591328,0.8112781244591328,0.0011120378092855157,9.660586203111782,0.8267159727403469
Value 9,Value 12,4,"{""W_Nabellen offertes"": 3, ""W_Completeren aanvraag"": 1}","{""W_Nabellen offertes"": 3, ""W_Completeren aanvraag"": 1}",W_Nabellen offertes,W_Nabellen offertes,10267.17929673,10496.487449405,0.8112781244591328,0.8112781244591328,0.005115089514066497,9.25889121697821,0.7923404540891736
Value 22,Value 12,4,"{""W_Valideren aanvraag"": 3, ""W_Nabellen incomplete dossiers"": 1}","{""W_Nabellen incomplete dossiers"": 3, ""W_Valideren aanvraag"": 1}",W_Valideren aanvraag,W_Nabellen incomplete dossiers,1481.81915798925,126.75020309250002,0.8112781244591328,0.8112781244591328,0.0009144947416552355,4.850076818847716,0.4150510011356815
Value 6,Value 25,4,"{""W_Valideren aanvraag"": 4}","{""W_Nabellen incomplete dossiers"": 4}",W_Valideren aanvraag,W_Nabellen incomplete dossiers,566.67341941775,590.0761459005,0.0,0.0,0.0015054572826496049,6.381944851577855,0.5461424011979686
Value 30,Value 40,4,"{""W_Nabellen incomplete dossiers"": 4}","{""W_Nabellen incomplete dossiers"": 4}",W_Nabellen incomplete dossiers,W_Nabellen incomplete dossiers,553.62521658275,654.1250054735001,0.0,0.0,0.002719238613188307,6.4848260654772245,0.5549465815072472
Value 15,Value 8,4,"{""W_Nabellen incomplete dossiers"": 3, ""W_Nabellen offertes"": 1}","{""W_Nabellen incomplete dossiers"": 2, ""W_Valideren aanvraag"": 1, ""W_Nabellen offertes"": 1}",W_Nabellen incomplete dossiers,W_Nabellen incomplete dossiers,579.7185590214999,572.7541866875,0.8112781244591328,0.8112781244591328,0.0006554153694904145,6.352201058406955,0.5435970412801256
Value 56,Value 14,4,"{""W_Nabellen offertes"": 4}","{""W_Nabellen offertes"": 4}",W_Nabellen offertes,W_Nabellen offertes,10026.42609875525,11185.4494387105,0.0,0.0,0.0136986301369863,9.322458453254036,0.797780294743487
Value 19,Value 13,4,"{""W_Completeren aanvraag"": 3, ""W_Nabellen offertes"": 1}","{""W_Completeren aanvraag"": 2, ""W_Nabellen offertes"": 2}",W_Completeren aanvraag,W_Completeren aanvraag,11128.657416849,3488.942632345,0.8112781244591328,0.8112781244591328,0.0050568900126422255,8.157640577337876,0.6980996415090912
Value 23,Value 22,4,"{""W_Nabellen incomplete dossiers"": 3, ""W_Nabellen offertes"": 1}","{""W_Valideren aanvraag"": 3, ""W_Nabellen offertes"": 1}",W_Nabellen incomplete dossiers,W_Valideren aanvraag,1560.48837430175,1024.858329706,0.8112781244591328,0.8112781244591328,0.0030165912518853697,6.933284935988188,0.5933239743044966
Value 18,Value 16,4,"{""W_Nabellen incomplete dossiers"": 3, ""W_Valideren aanvraag"": 1}","{""W_Valideren aanvraag"": 3, ""W_Nabellen incomplete dossiers"": 1}",W_Nabellen incomplete dossiers,W_Valideren aanvraag,2506.27923357625,2506.4391731545,0.8112781244591328,0.8112781244591328,0.0012484394506866417,7.827017261577555,0.6698061642445967
Value 37,Value 12,4,"{""W_Completeren aanvraag"": 4}","{""W_Completeren aanvraag"": 3, ""W_Nabellen offertes"": 1}",W_Completeren aanvraag,W_Completeren aanvraag,854.526593564,166.02064302550002,0.0,0.0,0.010526315789473684,5.118117415708691,0.4379888889728033
Value 24,Value 26,4,"{""W_Nabellen incomplete dossiers"": 3, ""W_Valideren aanvraag"": 1}","{""W_Valideren aanvraag"": 3, ""W_Nabellen incomplete dossiers"": 1}",W_Nabellen incomplete dossiers,W_Valideren aanvraag,609.8765038825001,500.9505739585,0.8112781244591328,0.8112781244591328,0.0015180265654648956,6.218501656594397,0.5321555584652766
Value 18,Value 8,4,"{""W_Nabellen incomplete dossiers"": 2, ""W_Afhandelen leads"": 1, ""W_Completeren aanvraag"": 1}","{""W_Nabellen incomplete dossiers"": 2, ""W_Afhandelen leads"": 1, ""W_Completeren aanvraag"": 1}",W_Nabellen incomplete dossiers,W_Nabellen incomplete dossiers,541.37628328375,18.0062645415,1.5,0.9463946303571862,0.0012484394506866417,2.944768637533676,0.25200202321984805
Value 4,Value 26,4,"{""W_Nabellen incomplete dossiers"": 4}","{""W_Valideren aanvraag"": 4}",W_Nabellen incomplete dossiers,W_Valideren aanvraag,2743.36023298175,2936.9292471175,0.0,0.0,0.0011477761836441894,7.985460274455249,0.6833651105405163
Value 55,Value 58,4,"{""W_Completeren aanvraag"": 2, ""W_Nabellen offertes"": 1, ""W_Afhandelen leads"": 1}","{""W_Nabellen offertes"": 3, ""W_Completeren aanvraag"": 1}",W_Completeren aanvraag,W_Nabellen offertes,6633.613047565999,8726.748704792499,1.5,0.9463946303571862,0.0023094688221709007,9.074262735255207,0.7765406556448474
Value 9,Value 55,4,"{""W_Nabellen incomplete dossiers"": 2, ""W_Nabellen offertes"": 1, ""W_Completeren aanvraag"": 1}","{""W_Nabellen incomplete dossiers"": 2, ""W_Nabellen offertes"": 1, ""W_Completeren aanvraag"": 1}",W_Nabellen incomplete dossiers,W_Nabellen incomplete dossiers,2579.1575301485,2603.632763505,1.5,0.9463946303571862,0.005115089514066497,7.865046970547246,0.67306060110618
Value 40,Value 18,4,"{""W_Nabellen offertes"": 4}","{""W_Nabellen offertes"": 4}",W_Nabellen offertes,W_Nabellen offertes,9420.90783895125,11473.9085225805,0.0,0.0,0.001996007984031936,9.34791806300856,0.7999590306505296
Value 8,Value 27,4,"{""W_Valideren aanvraag"": 2, ""W_Nabellen incomplete dossiers"": 2}","{""W_Nabellen incomplete dossiers"": 4}",W_Valideren aanvraag,W_Nabellen incomplete dossiers,67.493743666,62.4052811245,1.0,1.0,0.001437297879985627,4.149547156467745,0.3551023552573001
Value 6,Value 24,4,"{""W_Nabellen incomplete dossiers"": 3, ""W_Valideren aanvraag"": 1}","{""W_Nabellen incomplete dossiers"": 4}",W_Nabellen incomplete dossiers,W_Nabellen incomplete dossiers,215.95686908300002,7.2444794725,0.8112781244591328,0.8112781244591328,0.0015054572826496049,2.1095438215140736,0.18052668189841695
Value 26,Value 25,4,"{""W_Valideren aanvraag"": 4}","{""W_Nabellen incomplete dossiers"": 3, ""W_Valideren aanvraag"": 1}",W_Valideren aanvraag,W_Nabellen incomplete dossiers,254.17382589724997,222.14248830149998,0.0,0.0,0.0011580775911986102,5.407810528404732,0.46277971619833363
Value 12,Value 19,4,"{""W_Nabellen offertes"": 2, ""W_Completeren aanvraag"": 1, ""W_Afhandelen leads"": 1}","{""W_Completeren aanvraag"": 2, ""W_Nabellen offertes"": 2}",W_Nabellen offertes,W_Completeren aanvraag,9698.79685083625,5574.7843482645,1.5,0.9463946303571862,0.0009257116408238834,8.626188276704031,0.7381961593510387
Value 55,Value 32,4,"{""W_Completeren aanvraag"": 2, ""W_Nabellen offertes"": 1, ""W_Nabellen incomplete dossiers"": 1}","{""W_Completeren aanvraag"": 2, ""W_Nabellen offertes"": 1, ""W_Nabellen incomplete dossiers"": 1}",W_Completeren aanvraag,W_Completeren aanvraag,5492.289563580751,1472.0733432890001,1.5,0.9463946303571862,0.0023094688221709007,7.295106207001065,0.6242872531091729
Value 12,Value 22,4,"{""W_Valideren aanvraag"": 4}","{""W_Valideren aanvraag"": 4}",W_Valideren aanvraag,W_Valideren aanvraag,237.45008373325,91.462314525,0.0,0.0,0.0009257116408238834,4.526801150963617,0.3873863074391435
Value 19,Value 5,4,"{""W_Completeren aanvraag"": 2, ""W_Nabellen incomplete dossiers"": 2}","{""W_Nabellen offertes"": 2, ""W_Nabellen incomplete dossiers"": 2}",W_Completeren aanvraag,W_Nabellen offertes,18850.86493943425,12794.266655408,1.0,1.0,0.0050568900126422255,9.456830588971334,0.8092793475497174
Value 2,Value 53,4,"{""W_Completeren aanvraag"": 3, ""W_Nabellen offertes"": 1}","{""W_Completeren aanvraag"": 2, ""W_Nabellen offertes"": 2}",W_Completeren aanvraag,W_Completeren aanvraag,5147.534685770501,4870.617619237501,0.8112781244591328,0.8112781244591328,0.0002603488674824265,8.491181320931414,0.7266427810754719
Value 24,Value 9,4,"{""W_Completeren aanvraag"": 3, ""W_Nabellen offertes"": 1}","{""W_Completeren aanvraag"": 3, ""W_Nabellen offertes"": 1}",W_Completeren aanvraag,W_Completeren aanvraag,11400.854373539,6498.43325735,0.8112781244591328,0.8112781244591328,0.0015180265654648956,8.779470260905434,0.7513134445766303
Value 15,Value 53,4,"{""W_Completeren aanvraag"": 3, ""W_Nabellen offertes"": 1}","{""W_Completeren aanvraag"": 3, ""W_Nabellen offertes"": 1}",W_Completeren aanvraag,W_Completeren aanvraag,6063.5196317025,1149.2161964944999,0.8112781244591328,0.8112781244591328,0.0006554153694904145,7.047705200639823,0.6031156223891868
Value 26,Value 5,4,"{""W_Nabellen incomplete dossiers"": 4}","{""W_Nabellen incomplete dossiers"": 4}",W_Nabellen incomplete dossiers,W_Nabellen incomplete dossiers,903.20247941425,284.83017031450004,0.0,0.0,0.0011580775911986102,5.6553978243556555,0.483967288868022
Value 41,Value 6,4,"{""W_Nabellen incomplete dossiers"": 4}","{""W_Valideren aanvraag"": 3, ""W_Nabellen incomplete dossiers"": 1}",W_Nabellen incomplete dossiers,W_Valideren aanvraag,424.47595555025003,12.325870367,0.0,0.0,0.0011363636363636363,2.5897072862677257,0.22161723246048595
Value 24,Value 19,4,"{""W_Afhandelen leads"": 2, ""W_Nabellen incomplete dossiers"": 1, ""W_Completeren aanvraag"": 1}","{""W_Completeren aanvraag"": 3, ""W_Nabellen incomplete dossiers"": 1}",W_Afhandelen leads,W_Completeren aanvraag,945.494004636,16.32843525,1.5,0.9463946303571862,0.0015180265654648956,2.852348808248808,0.2440930881447565
Value 34,Value 56,4,"{""W_Nabellen offertes"": 4}","{""W_Nabellen offertes"": 4}",W_Nabellen offertes,W_Nabellen offertes,2514.70721006275,967.236888947,0.0,0.0,0.0015723270440251573,6.875476777324096,0.5883769734582208
Value 33,Value 35,4,"{""W_Completeren aanvraag"": 4}","{""W_Completeren aanvraag"": 4}",W_Completeren aanvraag,W_Completeren aanvraag,668.6089832562501,95.672245997,0.0,0.0,0.0008994827973914999,4.571326349857181,0.3911966034543991
Value 46,Value 45,4,"{""W_Nabellen incomplete dossiers"": 4}","{""W_Nabellen incomplete dossiers"": 4}",W_Nabellen incomplete dossiers,W_Nabellen incomplete dossiers,706.34092616875,739.1543362865,0.0,0.0,0.0016884761502743773,6.606858727001395,0.5653896693651612
Value 20,Value 8,4,"{""W_Nabellen incomplete dossiers"": 2, ""W_Nabellen offertes"": 2}","{""W_Nabellen offertes"": 2, ""W_Nabellen incomplete dossiers"": 1, ""W_Valideren aanvraag"": 1}",W_Nabellen incomplete dossiers,W_Nabellen offertes,8101.97541144125,5610.1001996045,1.0,1.0,0.0008720296490080662,8.6325020933004,0.7387364715970481
Value 21,Value 20,4,"{""W_Nabellen offertes"": 3, ""W_Nabellen incomplete dossiers"": 1}","{""W_Nabellen offertes"": 3, ""W_Valideren aanvraag"": 1}",W_Nabellen offertes,W_Nabellen offertes,5081.7252907925,6740.438292909,0.8112781244591328,0.8112781244591328,0.002017145738779627,8.816028577714578,0.7544419653317048
Value 13,Value 30,4,"{""W_Nabellen offertes"": 2, ""W_Afhandelen leads"": 1, ""W_Nabellen incomplete dossiers"": 1}","{""W_Afhandelen leads"": 1, ""W_Nabellen offertes"": 1, ""O_CANCELLED"": 1, ""W_Nabellen incomplete dossiers"": 1}",W_Nabellen offertes,W_Afhandelen leads,1394.9872310665003,61.496706384,1.5,0.9463946303571862,0.001387443635102324,4.135113857497775,0.35386720880273326
Value 31,Value 34,4,"{""W_Completeren aanvraag"": 4}","{""W_Completeren aanvraag"": 4}",W_Completeren aanvraag,W_Completeren aanvraag,30312.9400540725,35516.651680448995,0.0,0.0,0.0017293558149589277,10.477785082320601,0.8966487234185433
Value 22,Value 11,4,"{""W_Valideren aanvraag"": 4}","{""W_Nabellen incomplete dossiers"": 3, ""W_Valideren aanvraag"": 1}",W_Valideren aanvraag,W_Nabellen incomplete dossiers,286.18756332050003,237.5743428115,0.0,0.0,0.0009144947416552355,5.474680971658425,0.4685022326564185
Value 43,Value 30,4,"{""W_Nabellen offertes"": 2, ""W_Nabellen incomplete dossiers"": 1, ""W_Completeren aanvraag"": 1}","{""W_Nabellen offertes"": 3, ""W_Nabellen incomplete dossiers"": 1}",W_Nabellen offertes,W_Nabellen offertes,4730.922520213,5746.1693281865,1.5,0.9463946303571862,0.0011350737797956867,8.656462721826347,0.7407869304307904
Value 55,Value 50,4,"{""W_Nabellen incomplete dossiers"": 4}","{""W_Nabellen incomplete dossiers"": 4}",W_Nabellen incomplete dossiers,W_Nabellen incomplete dossiers,1707.61663104825,1704.3102743255,0.0,0.0,0.0023094688221709007,7.441502352237973,0.6368152746050095
Value 18,Value 31,4,"{""W_Completeren aanvraag"": 2, ""W_Nabellen offertes"": 2}","{""W_Completeren aanvraag"": 2, ""W_Nabellen offertes"": 2}",W_Completeren aanvraag,W_Completeren aanvraag,1406.30372199575,58.711126013,1.0,1.0,0.0012484394506866417,4.0895183684115715,0.34996532145139114
Value 28,Value 39,4,"{""W_Nabellen offertes"": 2, ""W_Nabellen incomplete dossiers"": 1, ""W_Completeren aanvraag"": 1}","{""W_Nabellen offertes"": 3, ""W_Nabellen incomplete dossiers"": 1}",W_Nabellen offertes,W_Nabellen offertes,2673.3375350267497,766.9571849155001,1.5,0.9463946303571862,0.001670843776106934,6.643733982785707,0.5685453125440355
Value 37,Value 34,4,"{""W_Completeren aanvraag"": 4}","{""W_Completeren aanvraag"": 4}",W_Completeren aanvraag,W_Completeren aanvraag,7497.32596278025,187.83754152,0.0,0.0,0.010526315789473684,5.2408870767414015,0.44849504642637134
Value 26,Value 14,4,"{""W_Valideren aanvraag"": 3, ""W_Nabellen incomplete dossiers"": 1}","{""W_Nabellen incomplete dossiers"": 4}",W_Valideren aanvraag,W_Nabellen incomplete dossiers,75.90969327875001,69.35849767900001,0.8112781244591328,0.8112781244591328,0.0011580775911986102,4.253603567722698,0.3640071044559356
Value 56,Value 46,4,"{""W_Nabellen offertes"": 3, ""W_Nabellen incomplete dossiers"": 1}","{""W_Nabellen offertes"": 3, ""W_Nabellen incomplete dossiers"": 1}",W_Nabellen offertes,W_Nabellen offertes,1897.37293565575,1257.3712873885,0.8112781244591328,0.8112781244591328,0.0136986301369863,7.137573534723193,0.610806210275702
Value 5,Value 12,4,"{""W_Nabellen incomplete dossiers"": 3, ""W_Nabellen offertes"": 1}","{""W_Nabellen incomplete dossiers"": 3, ""W_Nabellen offertes"": 1}",W_Nabellen incomplete dossiers,W_Nabellen incomplete dossiers,3718.9064339685,3187.4007244465,0.8112781244591328,0.8112781244591328,0.001084010840108401,8.067274729766922,0.6903664783235007
Value 16,Value 11,4,"{""W_Valideren aanvraag"": 3, ""W_Nabellen incomplete dossiers"": 1}","{""W_Nabellen incomplete dossiers"": 4}",W_Valideren aanvraag,W_Nabellen incomplete dossiers,610.8583423239999,480.93642672600004,0.8112781244591328,0.8112781244591328,0.0010319917440660474,6.177812210592386,0.5286735114937394
Value 23,Value 26,4,"{""W_Nabellen incomplete dossiers"": 3, ""W_Nabellen offertes"": 1}","{""W_Valideren aanvraag"": 2, ""W_Nabellen offertes"": 1, ""W_Nabellen incomplete dossiers"": 1}",W_Nabellen incomplete dossiers,W_Valideren aanvraag,3612.67358487125,3691.490108177,0.8112781244591328,0.8112781244591328,0.0030165912518853697,8.214056335506077,0.7029274860530265
Value 34,Value 31,4,"{""W_Nabellen incomplete dossiers"": 3, ""W_Completeren aanvraag"": 1}","{""W_Nabellen incomplete dossiers"": 3, ""W_Completeren aanvraag"": 1}",W_Nabellen incomplete dossiers,W_Nabellen incomplete dossiers,731.5203359455,36.457008708,0.8112781244591328,0.8112781244591328,0.0015723270440251573,3.623193840864364,0.3100590541402322
Value 20,Value 37,4,"{""W_Completeren aanvraag"": 4}","{""W_Completeren aanvraag"": 4}",W_Completeren aanvraag,W_Completeren aanvraag,26147.170335691502,25267.1264123815,0.0,0.0,0.0008720296490080662,10.13729905487063,0.8675112330561956
Value 58,Value 25,3,"{""W_Nabellen offertes"": 3}","{""W_Nabellen offertes"": 3}",W_Nabellen offertes,W_Nabellen offertes,641.1022196373333,884.09768925,0.0,0.0,0.0026619343389529724,6.785698022249471,0.5806940514002377
Value 10,Value 44,3,"{""W_Nabellen offertes"": 2, ""W_Completeren aanvraag"": 1}","{""W_Nabellen offertes"": 2, ""W_Completeren aanvraag"": 1}",W_Nabellen offertes,W_Nabellen offertes,6295.180135951334,6948.104520278,0.9182958340544896,0.9182958340544896,0.0008484162895927602,8.846368084254314,0.7570383041184112
Value 27,Value 30,3,"{""W_Completeren aanvraag"": 3}","{""W_Completeren aanvraag"": 2, ""A_CANCELLED"": 1}",W_Completeren aanvraag,W_Completeren aanvraag,2705.3402131320004,2262.864732753,0.0,0.0,0.0011372251705837756,7.724828690520924,0.6610612576573736
Value 6,Value 42,3,"{""W_Valideren aanvraag"": 3}","{""W_Beoordelen fraude"": 3}",W_Valideren aanvraag,W_Beoordelen fraude,2.8963927236666667,1.329619864,0.0,0.0,0.0011290929619872036,0.8457051057695912,0.07237220438471727
Value 42,Value 2,3,"{""W_Beoordelen fraude"": 3}","{""W_Afhandelen leads"": 3}",W_Beoordelen fraude,W_Afhandelen leads,495.9357292193333,86.843482836,0.0,0.0,0.009316770186335404,4.475556626747503,0.3830009972939584
Value 32,Value 23,3,"{""W_Nabellen offertes"": 3}","{""W_Nabellen offertes"": 3}",W_Nabellen offertes,W_Nabellen offertes,5471.054981462,2726.347400462,0.0,0.0,0.0017835909631391202,7.911084767640492,0.6770003394829781
Value 27,Value 53,3,"{""W_Completeren aanvraag"": 2, ""W_Nabellen offertes"": 1}","{""W_Completeren aanvraag"": 2, ""W_Nabellen offertes"": 1}",W_Completeren aanvraag,W_Completeren aanvraag,7503.284429625334,399.475825669,0.9182958340544896,0.9182958340544896,0.0011372251705837756,5.992653404309625,0.512828329904429
Value 43,Value 9,3,"{""W_Nabellen incomplete dossiers"": 2, ""W_Nabellen offertes"": 1}","{""W_Nabellen incomplete dossiers"": 2, ""W_Nabellen offertes"": 1}",W_Nabellen incomplete dossiers,W_Nabellen incomplete dossiers,3777.768411515,97.161959903,0.9182958340544896,0.9182958340544896,0.000851305334846765,4.58661876661531,0.3925052699193467
Value 28,Value 9,3,"{""W_Afhandelen leads"": 1, ""W_Nabellen offertes"": 1, ""W_Completeren aanvraag"": 1}","{""W_Nabellen offertes"": 2, ""W_Completeren aanvraag"": 1}",W_Afhandelen leads,W_Nabellen offertes,4844.839673920666,6287.82033579,1.584962500721156,1.0,0.0012531328320802004,8.746528786126207,0.7484944393120391
Value 27,Value 8,3,"{""W_Nabellen incomplete dossiers"": 2, ""W_Nabellen offertes"": 1}","{""W_Nabellen incomplete dossiers"": 2, ""W_Nabellen offertes"": 1}",W_Nabellen incomplete dossiers,W_Nabellen incomplete dossiers,3454.992786378,2111.078991435,0.9182958340544896,0.9182958340544896,0.0011372251705837756,7.655428045374375,0.6551222162105248
Value 25,Value 55,3,"{""W_Completeren aanvraag"": 2, ""W_Nabellen offertes"": 1}","{""W_Completeren aanvraag"": 2, ""W_Nabellen offertes"": 1}",W_Completeren aanvraag,W_Completeren aanvraag,3891.16978221,1247.495604607,0.9182958340544896,0.9182958340544896,0.0018879798615481435,7.1296945891745835,0.6101319602875089
Value 16,Value 19,3,"{""W_Nabellen incomplete dossiers"": 3}","{""W_Nabellen incomplete dossiers"": 3}",W_Nabellen incomplete dossiers,W_Nabellen incomplete dossiers,1606.3515630693335,1534.759965343,0.0,0.0,0.0007739938080495357,7.336780628932637,0.6278535905488671
Value 46,Value 18,3,"{""W_Nabellen offertes"": 2, ""W_Nabellen incomplete dossiers"": 1}","{""W_Valideren aanvraag"": 2, ""W_Nabellen incomplete dossiers"": 1}",W_Nabellen offertes,W_Valideren aanvraag,4642.206206394333,5750.696312986,0.9182958340544896,0.9182958340544896,0.001266357112705783,8.657250101238308,0.7408543113456529
Value 43,Value 8,3,"{""W_Completeren aanvraag"": 2, ""W_Nabellen incomplete dossiers"": 1}","{""W_Nabellen offertes"": 2, ""W_Valideren aanvraag"": 1}",W_Completeren aanvraag,W_Nabellen offertes,6486.195187765666,6272.226290189,0.9182958340544896,0.9182958340544896,0.000851305334846765,8.744046061125205,0.7482819772138707
Value 23,Value 18,3,"{""W_Nabellen incomplete dossiers"": 3}","{""W_Nabellen incomplete dossiers"": 3}",W_Nabellen incomplete dossiers,W_Nabellen incomplete dossiers,3250.543273482,1676.390159482,0.0,0.0,0.0022624434389140274,7.424994388002759,0.6354025862418249
Value 22,Value 25,3,"{""W_Valideren aanvraag"": 3}","{""W_Nabellen incomplete dossiers"": 2, ""W_Valideren aanvraag"": 1}",W_Valideren aanvraag,W_Nabellen incomplete dossiers,205.77071611566666,210.520630532,0.0,0.0,0.0006858710562414266,5.354322537615762,0.45820241877503787
Value 1,Value 21,3,"{""W_Completeren aanvraag"": 1, ""A_CANCELLED"": 1, ""W_Afhandelen leads"": 1}","{""W_Completeren aanvraag"": 2, ""W_Afhandelen leads"": 1}",W_Completeren aanvraag,W_Completeren aanvraag,1588.3229889443335,1016.63372757,1.584962500721156,1.0,0.00012041422493377217,6.925235336268125,0.5926351203858183
Value 46,Value 37,3,"{""W_Afhandelen leads"": 3}","{""W_Afhandelen leads"": 3}",W_Afhandelen leads,W_Afhandelen leads,80.227593847,111.007102225,0.0,0.0,0.001266357112705783,4.718562282007807,0.403796490698408
Value 46,Value 30,3,"{""W_Nabellen incomplete dossiers"": 2, ""W_Nabellen offertes"": 1}","{""W_Nabellen incomplete dossiers"": 2, ""O_CANCELLED"": 1}",W_Nabellen incomplete dossiers,W_Nabellen incomplete dossiers,1668.6417015476666,566.04602482,0.9182958340544896,0.9182958340544896,0.001266357112705783,6.340440472955487,0.5425906154135075
Value 58,Value 18,3,"{""W_Nabellen offertes"": 3}","{""W_Nabellen offertes"": 3}",W_Nabellen offertes,W_Nabellen offertes,2753.9679965763335,2091.601079859,0.0,0.0,0.0026619343389529724,7.646163106983801,0.6543293582624765
Value 1,Value 50,3,"{""W_Completeren aanvraag"": 2, ""W_Afhandelen leads"": 1}","{""W_Completeren aanvraag"": 2, ""W_Afhandelen leads"": 1}",W_Completeren aanvraag,W_Completeren aanvraag,29.537521729666665,19.110433628,0.9182958340544896,0.9182958340544896,0.00012041422493377217,3.0012387663566615,0.25683452059621115
Value 13,Value 23,3,"{""W_Nabellen offertes"": 2, ""W_Completeren aanvraag"": 1}","{""W_Nabellen offertes"": 2, ""W_Completeren aanvraag"": 1}",W_Nabellen offertes,W_Nabellen offertes,229.74190202,179.632081105,0.9182958340544896,0.9182958340544896,0.001040582726326743,5.1964622614477465,0.44469334085518414
Value 10,Value 32,3,"{""W_Completeren aanvraag"": 3}","{""W_Completeren aanvraag"": 3}",W_Completeren aanvraag,W_Completeren aanvraag,2043.9172258676665,110.166728841,0.0,0.0,0.0008484162895927602,4.711031135976768,0.4031520040610552
Value 23,Value 37,3,"{""W_Completeren aanvraag"": 2, ""W_Nabellen incomplete dossiers"": 1}","{""W_Completeren aanvraag"": 2, ""W_Valideren aanvraag"": 1}",W_Completeren aanvraag,W_Completeren aanvraag,601.985355019,898.309026887,0.9182958340544896,0.9182958340544896,0.0022624434389140274,6.8016267205516225,0.5820571684031282
Value 14,Value 37,3,"{""W_Completeren aanvraag"": 3}","{""W_Completeren aanvraag"": 3}",W_Completeren aanvraag,W_Completeren aanvraag,13878.132066662665,584.338264825,0.0,0.0,0.0005903187721369539,6.3721899105911195,0.5453076107041707
Value 34,Value 39,3,"{""W_Nabellen offertes"": 2, ""W_Nabellen incomplete dossiers"": 1}","{""W_Nabellen offertes"": 2, ""W_Nabellen incomplete dossiers"": 1}",W_Nabellen offertes,W_Nabellen offertes,883.7629962906667,996.227211395,0.9182958340544896,0.9182958340544896,0.0011792452830188679,6.90497863907794,0.5909016298118512
Value 45,Value 22,3,"{""W_Nabellen incomplete dossiers"": 3}","{""W_Nabellen incomplete dossiers"": 2, ""W_Valideren aanvraag"": 1}",W_Nabellen incomplete dossiers,W_Nabellen incomplete dossiers,1829.5191377483334,2239.933860746,0.0,0.0,0.0033594624860022394,7.714647960088294,0.6601900297333261
Value 16,Value 39,3,"{""W_Nabellen incomplete dossiers"": 3}","{""W_Nabellen incomplete dossiers"": 3}",W_Nabellen incomplete dossiers,W_Nabellen incomplete dossiers,1425.4345725263336,1638.425828272,0.0,0.0,0.0007739938080495357,7.402101354805086,0.6334434881279967
Value 28,Value 6,3,"{""W_Nabellen incomplete dossiers"": 1, ""W_Valideren aanvraag"": 1, ""W_Completeren aanvraag"": 1}","{""W_Valideren aanvraag"": 2, ""W_Completeren aanvraag"": 1}",W_Nabellen incomplete dossiers,W_Valideren aanvraag,1306.8619747773334,1713.472495292,1.584962500721156,1.0,0.0012531328320802004,7.446860729366596,0.6372738240001562
Value 50,Value 27,3,"{""W_Completeren aanvraag"": 3}","{""W_Completeren aanvraag"": 3}",W_Completeren aanvraag,W_Completeren aanvraag,1014.634080294,989.70853428,0.0,0.0,0.012875536480686695,6.898420378335744,0.5903403989719233
Value 4,Value 45,3,"{""W_Nabellen incomplete dossiers"": 2, ""W_Completeren aanvraag"": 1}","{""W_Nabellen incomplete dossiers"": 2, ""W_Completeren aanvraag"": 1}",W_Nabellen incomplete dossiers,W_Nabellen incomplete dossiers,1658.5503568126667,1536.90815372,0.9182958340544896,0.9182958340544896,0.000860832137733142,7.338178430285,0.6279732090358223
Value 40,Value 22,3,"{""W_Valideren aanvraag"": 2, ""W_Nabellen incomplete dossiers"": 1}","{""W_Valideren aanvraag"": 3}",W_Valideren aanvraag,W_Valideren aanvraag,258.48493448233336,126.810578868,0.9182958340544896,0.9182958340544896,0.0014970059880239522,4.850549315262542,0.4150914355694712
Value 11,Value 16,3,"{""W_Nabellen offertes"": 1, ""W_Completeren aanvraag"": 1, ""W_Nabellen incomplete dossiers"": 1}","{""W_Nabellen offertes"": 1, ""W_Completeren aanvraag"": 1, ""W_Valideren aanvraag"": 1}",W_Nabellen offertes,W_Nabellen offertes,2498.516390387333,2289.355745126,1.584962500721156,1.0,0.0008340283569641367,7.73646243169975,0.6620568286768801
Value 45,Value 27,3,"{""W_Nabellen offertes"": 2, ""W_Nabellen incomplete dossiers"": 1}","{""W_Nabellen offertes"": 2, ""W_Nabellen incomplete dossiers"": 1}",W_Nabellen offertes,W_Nabellen offertes,5089.216579111,4681.90522472,0.9182958340544896,0.9182958340544896,0.0033594624860022394,8.451673970823718,0.7232618933438187
Value 16,Value 50,3,"{""W_Valideren aanvraag"": 3}","{""W_Nabellen incomplete dossiers"": 3}",W_Valideren aanvraag,W_Nabellen incomplete dossiers,52.162905004,43.400691752,0.0,0.0,0.0007739938080495357,3.7932550493168122,0.3246122411223926
Value 15,Value 50,3,"{""W_Nabellen incomplete dossiers"": 2, ""W_Nabellen offertes"": 1}","{""W_Nabellen incomplete dossiers"": 2, ""W_Nabellen offertes"": 1}",W_Nabellen incomplete dossiers,W_Nabellen incomplete dossiers,2852.332812962,806.538833496,0.9182958340544896,0.9182958340544896,0.0004915615271178109,6.693991144957194,0.5728461280264735
Value 50,Value 34,3,"{""W_Completeren aanvraag"": 2, ""W_Nabellen offertes"": 1}","{""W_Nabellen offertes"": 3}",W_Completeren aanvraag,W_Nabellen offertes,9601.856757732001,9605.226120077,0.9182958340544896,0.9182958340544896,0.012875536480686695,9.170166721410244,0.7847477515225592
Value 56,Value 21,3,"{""W_Nabellen offertes"": 3}","{""W_Nabellen offertes"": 3}",W_Nabellen offertes,W_Nabellen offertes,3515.8557875730003,3260.967122255,0.0,0.0,0.010273972602739725,8.090085704115758,0.692318554155284
Value 8,Value 45,3,"{""W_Valideren aanvraag"": 2, ""W_Nabellen incomplete dossiers"": 1}","{""W_Nabellen incomplete dossiers"": 3}",W_Valideren aanvraag,W_Nabellen incomplete dossiers,2738.8786276600003,62.53718845,0.9182958340544896,0.9182958340544896,0.0010779734099892202,4.1516253793574975,0.3552802016137997
Value 55,Value 22,3,"{""W_Nabellen incomplete dossiers"": 3}","{""W_Nabellen incomplete dossiers"": 3}",W_Nabellen incomplete dossiers,W_Nabellen incomplete dossiers,379.06415870966674,62.249915863,0.0,0.0,0.0017321016166281756,4.1470937973774955,0.3548924061813193
Value 58,Value 26,3,"{""W_Nabellen offertes"": 2, ""W_Nabellen incomplete dossiers"": 1}","{""W_Valideren aanvraag"": 2, ""W_Nabellen offertes"": 1}",W_Nabellen offertes,W_Valideren aanvraag,1377.0617378973336,1426.850708636,0.9182958340544896,0.9182958340544896,0.0026619343389529724,7.26392559166113,0.6216189354523113
Value 15,Value 6,3,"{""W_Nabellen offertes"": 2, ""W_Nabellen incomplete dossiers"": 1}","{""W_Nabellen offertes"": 2, ""W_Valideren aanvraag"": 1}",W_Nabellen offertes,W_Nabellen offertes,767.189635419,1059.457717647,0.9182958340544896,0.9182958340544896,0.0004915615271178109,6.966455903004336,0.5961626186358995
Value 37,Value 15,3,"{""W_Afhandelen leads"": 3}","{""W_Completeren aanvraag"": 2, ""W_Afhandelen leads"": 1}",W_Afhandelen leads,W_Completeren aanvraag,247.38779876833328,262.436435896,0.0,0.0,0.007894736842105263,5.573812108884576,0.4769854957646527
Value 28,Value 53,3,"{""W_Completeren aanvraag"": 3}","{""W_Completeren aanvraag"": 3}",W_Completeren aanvraag,W_Completeren aanvraag,152.67033915833335,168.873084015,0.0,0.0,0.0012531328320802004,5.135051593614471,0.43943805106976025
Value 4,Value 6,3,"{""W_Nabellen incomplete dossiers"": 2, ""W_Nabellen offertes"": 1}","{""W_Nabellen offertes"": 1, ""W_Valideren aanvraag"": 1, ""W_Nabellen incomplete dossiers"": 1}",W_Nabellen incomplete dossiers,W_Nabellen offertes,2141.167328916667,530.673753027,0.9182958340544896,0.9182958340544896,0.000860832137733142,6.27603005503944,0.5370786185033277
Value 30,Value 58,3,"{""W_Nabellen offertes"": 3}","{""W_Nabellen offertes"": 3}",W_Nabellen offertes,W_Nabellen offertes,3321.4315739763333,3593.779036932,0.0,0.0,0.0020394289598912306,8.187237804269497,0.7006324588494417
Value 8,Value 62,3,"{""W_Valideren aanvraag"": 3}","{""W_Valideren aanvraag"": 3}",W_Valideren aanvraag,W_Valideren aanvraag,50.90893876233334,24.127978507,0.0,0.0,0.0010779734099892202,3.223981906895324,0.27589602558462945
Value 21,Value 55,3,"{""W_Nabellen offertes"": 3}","{""W_Nabellen offertes"": 2, ""W_Valideren aanvraag"": 1}",W_Nabellen offertes,W_Nabellen offertes,269.89037705666664,0.908746015,0.0,0.0,0.0015128593040847202,0.6464464897947602,0.05532041507616928
Value 28,Value 25,3,"{""W_Nabellen offertes"": 3}","{""W_Nabellen offertes"": 3}",W_Nabellen offertes,W_Nabellen offertes,7801.855933475334,7810.430469448,0.0,0.0,0.0012531328320802004,8.963343384762354,0.767048602387366
Value 62,Value 16,3,"{""W_Valideren aanvraag"": 3}","{""W_Valideren aanvraag"": 3}",W_Valideren aanvraag,W_Valideren aanvraag,24.012425943333337,1.126130438,0.0,0.0,0.006355932203389831,0.7543036317535923,0.06455041625381705
Value 34,Value 8,3,"{""W_Nabellen incomplete dossiers"": 3}","{""W_Nabellen incomplete dossiers"": 3}",W_Nabellen incomplete dossiers,W_Nabellen incomplete dossiers,2387.5351853213333,2986.533647251,0.0,0.0,0.0011792452830188679,8.0022034588545,0.6847979281445805
Value 37,Value 20,3,"{""W_Afhandelen leads"": 3}","{""W_Completeren aanvraag"": 3}",W_Afhandelen leads,W_Completeren aanvraag,327.818622963,338.703524516,0.0,0.0,0.007894736842105263,5.82807325049099,0.49874419058852465
Value 55,Value 39,3,"{""W_Nabellen offertes"": 2, ""W_Completeren aanvraag"": 1}","{""W_Nabellen offertes"": 3}",W_Nabellen offertes,W_Nabellen offertes,3696.9562252683336,867.321263252,0.9182958340544896,0.9182958340544896,0.0017321016166281756,6.766561765137143,0.5790564437974888
Value 19,Value 12,3,"{""W_Nabellen offertes"": 1, ""W_Completeren aanvraag"": 1, ""W_Nabellen incomplete dossiers"": 1}","{""W_Nabellen offertes"": 1, ""W_Completeren aanvraag"": 1, ""W_Nabellen incomplete dossiers"": 1}",W_Nabellen offertes,W_Nabellen offertes,181.64598202366668,54.37994139,1.584962500721156,1.0,0.0037926675094816687,4.014217459417951,0.3435213580191471
Value 8,Value 1,3,"{""W_Completeren aanvraag"": 2, ""W_Nabellen offertes"": 1}","{""A_CANCELLED"": 3}",W_Completeren aanvraag,A_CANCELLED,5.7974333333333325e-05,7.414e-05,0.9182958340544896,0.9182958340544896,0.0010779734099892202,7.413725176603521e-05,6.344382102849149e-06
Value 31,Value 30,3,"{""W_Completeren aanvraag"": 3}","{""W_Completeren aanvraag"": 2, ""W_Nabellen offertes"": 1}",W_Completeren aanvraag,W_Completeren aanvraag,320.77014550266665,225.655903244,0.0,0.0,0.0012970168612191958,5.423433022686327,0.46411662943373116
Value 28,Value 26,3,"{""W_Nabellen incomplete dossiers"": 2, ""W_Completeren aanvraag"": 1}","{""W_Valideren aanvraag"": 1, ""W_Nabellen offertes"": 1, ""W_Nabellen incomplete dossiers"": 1}",W_Nabellen incomplete dossiers,W_Valideren aanvraag,3310.949485299334,82.933017809,0.9182958340544896,0.9182958340544896,0.0012531328320802004,4.430019073709495,0.3791040678877589
Value 40,Value 8,3,"{""W_Nabellen incomplete dossiers"": 2, ""W_Nabellen offertes"": 1}","{""W_Nabellen incomplete dossiers"": 1, ""W_Nabellen offertes"": 1, ""W_Valideren aanvraag"": 1}",W_Nabellen incomplete dossiers,W_Nabellen incomplete dossiers,9763.516769708001,9007.967101302,0.9182958340544896,0.9182958340544896,0.0014970059880239522,9.105975704885642,0.7792545301432774
Value 33,Value 58,3,"{""W_Completeren aanvraag"": 2, ""W_Nabellen incomplete dossiers"": 1}","{""W_Completeren aanvraag"": 2, ""W_Nabellen incomplete dossiers"": 1}",W_Completeren aanvraag,W_Completeren aanvraag,155.38615814599999,180.605427131,0.9182958340544896,0.9182958340544896,0.0006746120980436249,5.201836350803242,0.4451532348425377
Value 44,Value 40,3,"{""W_Nabellen offertes"": 2, ""W_Completeren aanvraag"": 1}","{""W_Nabellen offertes"": 2, ""W_Completeren aanvraag"": 1}",W_Nabellen offertes,W_Nabellen offertes,4140.530904432667,2972.240988759,0.9182958340544896,0.9182958340544896,0.0011529592621060721,7.997407878831384,0.6843875407705319
Value 35,Value 18,3,"{""W_Completeren aanvraag"": 2, ""W_Afhandelen leads"": 1}","{""W_Completeren aanvraag"": 2, ""W_Afhandelen leads"": 1}",W_Completeren aanvraag,W_Completeren aanvraag,2033.9837813206668,2136.191885948,0.9182958340544896,0.9182958340544896,0.01090909090909091,7.667248043495837,0.6561337263859245
Value 9,Value 16,3,"{""W_Nabellen incomplete dossiers"": 3}","{""W_Valideren aanvraag"": 2, ""W_Nabellen incomplete dossiers"": 1}",W_Nabellen incomplete dossiers,W_Valideren aanvraag,2954.6729834313337,3576.203439238,0.0,0.0,0.0038363171355498722,8.182336611904528,0.7002130335756123
Value 41,Value 45,3,"{""W_Completeren aanvraag"": 3}","{""W_Completeren aanvraag"": 3}",W_Completeren aanvraag,W_Completeren aanvraag,78.76429676366668,61.576451493,0.0,0.0,0.0008522727272727272,4.13638903310155,0.3539763334477109
Value 12,Value 53,3,"{""W_Completeren aanvraag"": 3}","{""W_Completeren aanvraag"": 3}",W_Completeren aanvraag,W_Completeren aanvraag,230.10036447733333,235.592883806,0.0,0.0,0.0006942837306179125,5.46634087419425,0.4677885190532395
Value 46,Value 55,3,"{""W_Nabellen incomplete dossiers"": 2, ""W_Nabellen offertes"": 1}","{""W_Nabellen incomplete dossiers"": 2, ""W_Valideren aanvraag"": 1}",W_Nabellen incomplete dossiers,W_Nabellen incomplete dossiers,3867.884308137333,4061.57101937,0.9182958340544896,0.9182958340544896,0.001266357112705783,8.309571308176267,0.7111012916464042
Value 40,Value 45,3,"{""W_Nabellen offertes"": 3}","{""W_Nabellen offertes"": 3}",W_Nabellen offertes,W_Nabellen offertes,2182.0056288046667,1831.841894644,0.0,0.0,0.0014970059880239522,7.513622989151719,0.6429870825312817
Value 40,Value 31,3,"{""W_Nabellen offertes"": 2, ""W_Nabellen incomplete dossiers"": 1}","{""W_Nabellen offertes"": 2, ""A_CANCELLED"": 1}",W_Nabellen offertes,W_Nabellen offertes,5072.879190672,1789.677091924,0.9182958340544896,0.9182958340544896,0.0014970059880239522,7.490349090955837,0.640995391449402
Value 30,Value 11,3,"{""W_Nabellen offertes"": 2, ""W_Completeren aanvraag"": 1}","{""W_Nabellen offertes"": 3}",W_Nabellen offertes,W_Nabellen offertes,38858.034786598,48709.156964446,0.9182958340544896,0.9182958340544896,0.0020394289598912306,10.793642849222946,0.9236786215553826
Value 60,Value 60,3,"{""W_Nabellen offertes"": 1, ""W_Nabellen incomplete dossiers"": 1, ""W_Afhandelen leads"": 1}","{""W_Nabellen offertes"": 1, ""W_Nabellen incomplete dossiers"": 1, ""W_Afhandelen leads"": 1}",W_Nabellen offertes,W_Nabellen offertes,1224.7483160133334,1225.850573195,1.584962500721156,1.0,0.5,7.112205655057688,0.6086353242784038
Value 46,Value 43,3,"{""W_Nabellen incomplete dossiers"": 3}","{""W_Nabellen incomplete dossiers"": 3}",W_Nabellen incomplete dossiers,W_Nabellen incomplete dossiers,2301.6296901540004,581.363096351,0.0,0.0,0.001266357112705783,6.367094130092907,0.5448715333230596
Value 58,Value 55,3,"{""W_Completeren aanvraag"": 2, ""W_Afhandelen leads"": 1}","{""W_Completeren aanvraag"": 3}",W_Completeren aanvraag,W_Completeren aanvraag,722.3361116456666,940.705085774,0.9182958340544896,0.9182958340544896,0.0026619343389529724,6.847692153132209,0.5859992717191047
Value 35,Value 10,3,"{""W_Afhandelen leads"": 2, ""W_Completeren aanvraag"": 1}","{""W_Completeren aanvraag"": 2, ""W_Nabellen offertes"": 1}",W_Afhandelen leads,W_Completeren aanvraag,40212.281536828,1427.563922363,0.9182958340544896,0.9182958340544896,0.01090909090909091,7.2644249685611655,0.6216616702150882
Value 40,Value 23,3,"{""W_Nabellen offertes"": 2, ""W_Nabellen incomplete dossiers"": 1}","{""W_Nabellen offertes"": 2, ""W_Nabellen incomplete dossiers"": 1}",W_Nabellen offertes,W_Nabellen offertes,3789.130172927,2362.737409402,0.9182958340544896,0.9182958340544896,0.0014970059880239522,7.767999293423103,0.6647556325350147
Value 55,Value 8,3,"{""W_Nabellen incomplete dossiers"": 2, ""W_Valideren aanvraag"": 1}","{""W_Nabellen incomplete dossiers"": 2, ""W_Valideren aanvraag"": 1}",W_Nabellen incomplete dossiers,W_Nabellen incomplete dossiers,688.8652960693333,155.168207997,0.9182958340544896,0.9182958340544896,0.0017321016166281756,5.050933682739676,0.4322395623806016
Value 45,Value 31,3,"{""W_Completeren aanvraag"": 2, ""W_Nabellen offertes"": 1}","{""W_Nabellen offertes"": 2, ""W_Completeren aanvraag"": 1}",W_Completeren aanvraag,W_Nabellen offertes,7756.933555252665,11596.838031801,0.9182958340544896,0.9182958340544896,0.0033594624860022394,9.358573983155306,0.8008709234906063
Value 20,Value 50,3,"{""W_Nabellen offertes"": 3}","{""W_Nabellen offertes"": 3}",W_Nabellen offertes,W_Nabellen offertes,6020.430311842334,6055.825554046,0.0,0.0,0.0006540222367560497,8.70894110584736,0.745277829573101
Value 6,Value 11,3,"{""W_Afhandelen leads"": 2, ""W_Valideren aanvraag"": 1}","{""W_Completeren aanvraag"": 2, ""W_Valideren aanvraag"": 1}",W_Afhandelen leads,W_Completeren aanvraag,6729.333734027667,117.267150539,0.9182958340544896,0.9182958340544896,0.0011290929619872036,4.772946053125913,0.4084504455719447
Value 21,Value 46,3,"{""W_Nabellen offertes"": 2, ""W_Nabellen incomplete dossiers"": 1}","{""W_Valideren aanvraag"": 1, ""W_Nabellen offertes"": 1, ""W_Nabellen incomplete dossiers"": 1}",W_Nabellen offertes,W_Valideren aanvraag,1928.7417298869998,1519.055587607,0.9182958340544896,0.9182958340544896,0.0015128593040847202,7.326502183965705,0.6269740005891649
Value 37,Value 11,3,"{""W_Completeren aanvraag"": 2, ""W_Afhandelen leads"": 1}","{""W_Completeren aanvraag"": 3}",W_Completeren aanvraag,W_Completeren aanvraag,683.9826829196667,753.485331775,0.9182958340544896,0.9182958340544896,0.007894736842105263,6.626035837031516,0.5670307730041716
Value 23,Value 45,3,"{""W_Nabellen incomplete dossiers"": 3}","{""W_Nabellen incomplete dossiers"": 3}",W_Nabellen incomplete dossiers,W_Nabellen incomplete dossiers,1604.471987065,188.340458074,0.0,0.0,0.0022624434389140274,5.243546760017561,0.44872265193607874
Value 53,Value 34,3,"{""W_Completeren aanvraag"": 3}","{""W_Completeren aanvraag"": 3}",W_Completeren aanvraag,W_Completeren aanvraag,47.647459561000005,54.697373099,0.0,0.0,0.011764705882352941,4.019932984223249,0.34401047074479224
Value 25,Value 32,3,"{""W_Nabellen offertes"": 2, ""W_Nabellen incomplete dossiers"": 1}","{""W_Nabellen offertes"": 2, ""W_Nabellen incomplete dossiers"": 1}",W_Nabellen offertes,W_Nabellen offertes,1560.5444507876666,1287.192534431,0.9182958340544896,0.9182958340544896,0.0018879798615481435,7.160995378746673,0.6128105619949596
Value 26,Value 46,3,"{""W_Valideren aanvraag"": 1, ""W_Nabellen incomplete dossiers"": 1, ""W_Nabellen offertes"": 1}","{""W_Nabellen incomplete dossiers"": 2, ""W_Nabellen offertes"": 1}",W_Valideren aanvraag,W_Nabellen incomplete dossiers,941.8957996236667,44.699411538,1.584962500721156,1.0,0.0008685581933989577,3.8220854211870576,0.327079433943207
Value 13,Value 16,3,"{""W_Nabellen offertes"": 3}","{""W_Nabellen offertes"": 3}",W_Nabellen offertes,W_Nabellen offertes,2543.9915265723334,2576.625442056,0.0,0.0,0.001040582726326743,7.854623882817821,0.6721686331727627
Value 32,Value 24,3,"{""W_Nabellen offertes"": 1, ""W_Completeren aanvraag"": 1, ""W_Afhandelen leads"": 1}","{""W_Nabellen offertes"": 1, ""W_Completeren aanvraag"": 1, ""W_Afhandelen leads"": 1}",W_Nabellen offertes,W_Nabellen offertes,3316.533368691,3042.418376696,1.584962500721156,1.0,0.0017835909631391202,8.020736628680309,0.6863839258468286
Value 34,Value 9,3,"{""W_Completeren aanvraag"": 3}","{""W_Completeren aanvraag"": 3}",W_Completeren aanvraag,W_Completeren aanvraag,7927.100883743333,159.140665656,0.0,0.0,0.0011792452830188679,5.076052589348725,0.4343891422171528
Value 10,Value 6,3,"{""W_Afhandelen leads"": 2, ""W_Completeren aanvraag"": 1}","{""W_Afhandelen leads"": 2, ""W_Completeren aanvraag"": 1}",W_Afhandelen leads,W_Afhandelen leads,88.43296279066668,7.905213826,0.9182958340544896,0.9182958340544896,0.0008484162895927602,2.186636928356769,0.18712401475949164
Value 20,Value 9,3,"{""W_Completeren aanvraag"": 3}","{""W_Completeren aanvraag"": 3}",W_Completeren aanvraag,W_Completeren aanvraag,7751.119632411,6445.880768581,0.0,0.0,0.0006540222367560497,8.77135169104638,0.7506186884575735
Value 6,Value 10,3,"{""W_Completeren aanvraag"": 1, ""W_Afhandelen leads"": 1, ""W_Valideren aanvraag"": 1}","{""W_Completeren aanvraag"": 2, ""W_Nabellen incomplete dossiers"": 1}",W_Completeren aanvraag,W_Completeren aanvraag,159.599933951,207.976070163,1.584962500721156,1.0,0.0011290929619872036,5.3422197485817975,0.4571667084362737
Value 24,Value 50,3,"{""W_Completeren aanvraag"": 1, ""W_Nabellen offertes"": 1, ""W_Nabellen incomplete dossiers"": 1}","{""W_Nabellen offertes"": 2, ""W_Nabellen incomplete dossiers"": 1}",W_Completeren aanvraag,W_Nabellen offertes,14677.579650142334,4584.05495469,1.584962500721156,1.0,0.0011385199240986717,8.430557370374462,0.7214548155418783
Value 30,Value 34,3,"{""W_Nabellen offertes"": 2, ""W_Nabellen incomplete dossiers"": 1}","{""W_Nabellen offertes"": 2, ""W_Nabellen incomplete dossiers"": 1}",W_Nabellen offertes,W_Nabellen offertes,2479.497132634667,885.323437695,0.9182958340544896,0.9182958340544896,0.0020394289598912306,6.787081937820971,0.5808124815952412
Value 41,Value 50,3,"{""W_Nabellen offertes"": 3}","{""W_Nabellen offertes"": 3}",W_Nabellen offertes,W_Nabellen offertes,29694.895626320667,38943.608124493,0.0,0.0,0.0008522727272727272,10.569895611023105,0.9045311897342406
Value 6,Value 45,3,"{""W_Valideren aanvraag"": 3}","{""W_Nabellen incomplete dossiers"": 3}",W_Valideren aanvraag,W_Nabellen incomplete dossiers,23.608941227,23.247745434,0.0,0.0,0.0011290929619872036,3.1883236412675324,0.2728445277629737
Value 19,Value 41,3,"{""W_Completeren aanvraag"": 2, ""W_Nabellen offertes"": 1}","{""W_Nabellen offertes"": 3}",W_Completeren aanvraag,W_Nabellen offertes,6996.454405119667,6766.293918209,0.9182958340544896,0.9182958340544896,0.0037926675094816687,8.819856569337908,0.75476955019581
Value 42,Value 55,3,"{""W_Beoordelen fraude"": 2, ""W_Afhandelen leads"": 1}","{""W_Afhandelen leads"": 2, ""W_Completeren aanvraag"": 1}",W_Beoordelen fraude,W_Afhandelen leads,61.074550149333334,86.26116327,0.9182958340544896,0.9182958340544896,0.009316770186335404,4.468905498686138,0.3824318192244847
Value 23,Value 44,3,"{""W_Nabellen incomplete dossiers"": 3}","{""W_Nabellen incomplete dossiers"": 3}",W_Nabellen incomplete dossiers,W_Nabellen incomplete dossiers,417.930528093,539.482332093,0.0,0.0,0.0022624434389140274,6.29246194846544,0.5384847970179675
Value 16,Value 10,3,"{""W_Nabellen incomplete dossiers"": 2, ""W_Nabellen offertes"": 1}","{""W_Nabellen incomplete dossiers"": 2, ""W_Nabellen offertes"": 1}",W_Nabellen incomplete dossiers,W_Nabellen incomplete dossiers,85.91151681500001,43.225365493,0.9182958340544896,0.9182958340544896,0.0007739938080495357,3.789298504409664,0.3242736551605438
Value 40,Value 41,3,"{""W_Nabellen offertes"": 3}","{""W_Nabellen offertes"": 3}",W_Nabellen offertes,W_Nabellen offertes,8088.034492776667,11045.869915925,0.0,0.0,0.0014970059880239522,9.309902401291492,0.7967057958990328
Value 25,Value 44,3,"{""W_Nabellen offertes"": 3}","{""W_Nabellen offertes"": 3}",W_Nabellen offertes,W_Nabellen offertes,1600.5922733720001,146.91196717,0.0,0.0,0.0018879798615481435,4.996617280371729,0.4275913726667197
Value 57,Value 57,3,"{""W_Completeren aanvraag"": 3}","{""W_Completeren aanvraag"": 3}",W_Completeren aanvraag,W_Completeren aanvraag,6423.122929835667,1702.687158133,0.0,0.0,0.6,7.4405500978891155,0.6367337843244241
Value 13,Value 28,3,"{""W_Completeren aanvraag"": 3}","{""W_Completeren aanvraag"": 2, ""W_Nabellen offertes"": 1}",W_Completeren aanvraag,W_Completeren aanvraag,2781.404434883667,798.500084478,0.0,0.0,0.001040582726326743,6.683986637937543,0.5719899806272738
Value 56,Value 12,3,"{""W_Afhandelen leads"": 2, ""W_Nabellen offertes"": 1}","{""W_Completeren aanvraag"": 2, ""W_Nabellen offertes"": 1}",W_Afhandelen leads,W_Completeren aanvraag,1599.8411640503336,88.473714472,0.9182958340544896,0.9182958340544896,0.010273972602739725,4.49394488909428,0.3845745943690638
Value 26,Value 55,3,"{""W_Valideren aanvraag"": 3}","{""W_Nabellen incomplete dossiers"": 3}",W_Valideren aanvraag,W_Nabellen incomplete dossiers,65.82698470366667,90.217943709,0.0,0.0,0.0008685581933989577,4.513251628922483,0.3862267912297861
Value 12,Value 56,3,"{""W_Nabellen offertes"": 3}","{""W_Nabellen offertes"": 3}",W_Nabellen offertes,W_Nabellen offertes,8602.103381832334,12341.556433561,0.0,0.0,0.0006942837306179125,9.420808442418371,0.8061967101919414
Value 34,Value 42,3,"{""W_Completeren aanvraag"": 2, ""W_Afhandelen leads"": 1}","{""W_Beoordelen fraude"": 3}",W_Completeren aanvraag,W_Beoordelen fraude,1354.878621262,937.978657179,0.9182958340544896,0.9182958340544896,0.0011792452830188679,6.844792749641109,0.585751151871394
Value 30,Value 19,3,"{""W_Nabellen incomplete dossiers"": 3}","{""W_Nabellen incomplete dossiers"": 3}",W_Nabellen incomplete dossiers,W_Nabellen incomplete dossiers,117.28676704333334,146.602009167,0.0,0.0,0.0020394289598912306,4.994519524316273,0.4274118547367002
Value 16,Value 25,3,"{""W_Valideren aanvraag"": 3}","{""W_Nabellen incomplete dossiers"": 3}",W_Valideren aanvraag,W_Nabellen incomplete dossiers,416.72939229466664,528.567361885,0.0,0.0,0.0007739938080495357,6.2720603748630745,0.5367389084754398
Value 5,Value 10,3,"{""W_Nabellen incomplete dossiers"": 2, ""W_Nabellen offertes"": 1}","{""W_Nabellen incomplete dossiers"": 2, ""W_Valideren aanvraag"": 1}",W_Nabellen incomplete dossiers,W_Nabellen incomplete dossiers,1381.458895672333,1997.422421072,0.9182958340544896,0.9182958340544896,0.0008130081300813008,7.600113358819984,0.6503885971588247
Value 40,Value 58,3,"{""W_Nabellen offertes"": 3}","{""W_Nabellen offertes"": 3}",W_Nabellen offertes,W_Nabellen offertes,9040.398370496667,7976.458904812,0.0,0.0,0.0014970059880239522,8.984375206752354,0.7688484251734164
Value 30,Value 39,3,"{""W_Nabellen offertes"": 1, ""W_Completeren aanvraag"": 1, ""W_Nabellen incomplete dossiers"": 1}","{""W_Nabellen offertes"": 2, ""W_Nabellen incomplete dossiers"": 1}",W_Nabellen offertes,W_Nabellen offertes,8493.059895388002,7463.098151721,1.584962500721156,1.0,0.0020394289598912306,8.91785989245693,0.7631562992916393
Value 56,Value 1,3,"{""W_Nabellen offertes"": 3}","{""A_CANCELLED"": 2, ""O_CANCELLED"": 1}",W_Nabellen offertes,A_CANCELLED,566.9023252323333,2.0313e-05,0.0,0.0,0.010273972602739725,2.0312793693809292e-05,1.7382910979296838e-06
Value 43,Value 23,3,"{""W_Nabellen incomplete dossiers"": 1, ""W_Completeren aanvraag"": 1, ""W_Nabellen offertes"": 1}","{""W_Nabellen incomplete dossiers"": 1, ""W_Completeren aanvraag"": 1, ""W_Nabellen offertes"": 1}",W_Nabellen incomplete dossiers,W_Nabellen incomplete dossiers,910.5337898703334,561.300309427,1.584962500721156,1.0,0.000851305334846765,6.332036065586107,0.541871398414911
Value 16,Value 9,3,"{""W_Valideren aanvraag"": 3}","{""W_Nabellen incomplete dossiers"": 2, ""W_Wijzigen contractgegevens"": 1}",W_Valideren aanvraag,W_Nabellen incomplete dossiers,39672.50515018267,72.03536483,0.0,0.0,0.0007739938080495357,4.290943773566535,0.3672025362804111
Value 32,Value 25,3,"{""W_Completeren aanvraag"": 2, ""W_Afhandelen leads"": 1}","{""W_Completeren aanvraag"": 3}",W_Completeren aanvraag,W_Completeren aanvraag,3605.4870432133334,461.200525332,0.9182958340544896,0.9182958340544896,0.0017835909631391202,6.135998834429855,0.525095282883075
Value 62,Value 9,3,"{""W_Nabellen incomplete dossiers"": 2, ""W_Valideren aanvraag"": 1}","{""W_Nabellen incomplete dossiers"": 3}",W_Nabellen incomplete dossiers,W_Nabellen incomplete dossiers,16.872965576333332,1.521197392,0.9182958340544896,0.9182958340544896,0.006355932203389831,0.9247339442282329,0.07913518974473928
Value 45,Value 11,3,"{""W_Completeren aanvraag"": 2, ""W_Nabellen offertes"": 1}","{""W_Nabellen offertes"": 2, ""W_Completeren aanvraag"": 1}",W_Completeren aanvraag,W_Nabellen offertes,7875.9347838016665,8562.245015529,0.9182958340544896,0.9182958340544896,0.0033594624860022394,9.055234487898284,0.7749122911033504
Value 5,Value 14,3,"{""W_Nabellen incomplete dossiers"": 2, ""W_Nabellen offertes"": 1}","{""W_Nabellen incomplete dossiers"": 2, ""W_Nabellen offertes"": 1}",W_Nabellen incomplete dossiers,W_Nabellen incomplete dossiers,3430.381859793,259.280306882,0.9182958340544896,0.9182958340544896,0.0008130081300813008,5.561759153671732,0.47595405001346497
Value 9,Value 62,3,"{""W_Nabellen incomplete dossiers"": 3}","{""W_Nabellen incomplete dossiers"": 2, ""W_Valideren aanvraag"": 1}",W_Nabellen incomplete dossiers,W_Nabellen incomplete dossiers,21.627471697999997,0.511191414,0.0,0.0,0.0038363171355498722,0.41289835561146826,0.035334260108591774
Value 33,Value 62,3,"{""W_Nabellen incomplete dossiers"": 2, ""W_Valideren aanvraag"": 1}","{""W_Nabellen incomplete dossiers"": 2, ""W_Valideren aanvraag"": 1}",W_Nabellen incomplete dossiers,W_Nabellen incomplete dossiers,88.257543742,1.936149013,0.9182958340544896,0.9182958340544896,0.0006746120980436249,1.0770988632109353,0.09217399604075008
Value 26,Value 62,3,"{""W_Valideren aanvraag"": 3}","{""W_Valideren aanvraag"": 3}",W_Valideren aanvraag,W_Valideren aanvraag,224.87446690866668,28.681312343,0.0,0.0,0.0008685581933989577,3.3905176337300187,0.29014751535052147
Value 56,Value 9,3,"{""W_Nabellen offertes"": 3}","{""W_Nabellen offertes"": 3}",W_Nabellen offertes,W_Nabellen offertes,445.89602647833334,289.038288919,0.0,0.0,0.010273972602739725,5.6700129450203995,0.4852179949269545
Value 9,Value 40,3,"{""W_Completeren aanvraag"": 3}","{""W_Nabellen offertes"": 3}",W_Completeren aanvraag,W_Nabellen offertes,9512.824555851666,9508.493592141,0.0,0.0,0.0038363171355498722,9.160045904083853,0.7838816507327107
Value 62,Value 41,3,"{""W_Valideren aanvraag"": 3}","{""W_Nabellen incomplete dossiers"": 2, ""W_Valideren aanvraag"": 1}",W_Valideren aanvraag,W_Nabellen incomplete dossiers,207.04701441333336,57.076758355,0.0,0.0,0.006355932203389831,4.0617655555119425,0.3475903420008473
Value 65,Value 65,3,"{""W_Nabellen offertes"": 1, ""A_CANCELLED"": 1, ""O_CANCELLED"": 1}","{""A_CANCELLED"": 1, ""O_CANCELLED"": 1, ""W_Nabellen offertes"": 1}",W_Nabellen offertes,A_CANCELLED,1.0671579616666667,0.016697793,1.584962500721156,1.0,1.0,0.016559917548122163,0.001417134328751804
Value 24,Value 62,2,"{""W_Nabellen incomplete dossiers"": 2}","{""W_Valideren aanvraag"": 2}",W_Nabellen incomplete dossiers,W_Valideren aanvraag,1058.4528306490001,1058.4528306490001,0.0,0.0,0.0007590132827324478,6.965507856329373,0.596081488431933
Value 56,Value 5,2,"{""W_Nabellen incomplete dossiers"": 1, ""W_Nabellen offertes"": 1}","{""W_Nabellen incomplete dossiers"": 1, ""W_Nabellen offertes"": 1}",W_Nabellen incomplete dossiers,W_Nabellen incomplete dossiers,2357.046642375,2357.046642375,1.0,1.0,0.00684931506849315,7.7655888613830255,0.6645493569916014
Value 46,Value 40,2,"{""W_Nabellen incomplete dossiers"": 2}","{""W_Nabellen incomplete dossiers"": 2}",W_Nabellen incomplete dossiers,W_Nabellen incomplete dossiers,2064.921803536,2064.921803536,0.0,0.0,0.0008442380751371887,7.633331799755153,0.6532313041264195
Value 50,Value 41,2,"{""W_Nabellen incomplete dossiers"": 2}","{""W_Nabellen incomplete dossiers"": 2}",W_Nabellen incomplete dossiers,W_Nabellen incomplete dossiers,1648.940440938,1648.940440938,0.0,0.0,0.008583690987124463,7.408494469841924,0.6339905864308738
Value 50,Value 21,2,"{""W_Nabellen incomplete dossiers"": 2}","{""W_Nabellen incomplete dossiers"": 2}",W_Nabellen incomplete dossiers,W_Nabellen incomplete dossiers,48.8103904585,48.8103904585,0.0,0.0,0.008583690987124463,3.908223606012508,0.3344508099405685
Value 64,Value 13,2,"{""W_Nabellen offertes"": 2}","{""W_Nabellen offertes"": 2}",W_Nabellen offertes,W_Nabellen offertes,1462.0712725009998,1462.0712725009998,0.0,0.0,0.09090909090909091,7.288293116512247,0.6237042149153812
Value 41,Value 64,2,"{""W_Nabellen offertes"": 2}","{""W_Nabellen offertes"": 2}",W_Nabellen offertes,W_Nabellen offertes,4455.001639315,4455.001639315,0.0,0.0,0.0005681818181818182,8.402007149496415,0.719011596970158
Value 28,Value 8,2,"{""W_Nabellen incomplete dossiers"": 1, ""W_Nabellen offertes"": 1}","{""W_Nabellen incomplete dossiers"": 1, ""W_Nabellen offertes"": 1}",W_Nabellen incomplete dossiers,W_Nabellen incomplete dossiers,331.88906723,331.88906723,1.0,1.0,0.000835421888053467,5.807809303038398,0.49701007956486515
Value 40,Value 9,2,"{""W_Nabellen offertes"": 1, ""W_Nabellen incomplete dossiers"": 1}","{""W_Nabellen offertes"": 1, ""W_Nabellen incomplete dossiers"": 1}",W_Nabellen offertes,W_Nabellen offertes,8864.093842262999,8864.093842262999,1.0,1.0,0.000998003992015968,9.089876804155946,0.7778768478684157
Value 62,Value 33,2,"{""W_Nabellen incomplete dossiers"": 1, ""W_Valideren aanvraag"": 1}","{""W_Nabellen incomplete dossiers"": 2}",W_Nabellen incomplete dossiers,W_Nabellen incomplete dossiers,9.660651693,9.660651693,1.0,1.0,0.00423728813559322,2.3665595512968327,0.20252110382992272
Value 62,Value 55,2,"{""W_Valideren aanvraag"": 1, ""W_Nabellen incomplete dossiers"": 1}","{""W_Nabellen incomplete dossiers"": 2}",W_Valideren aanvraag,W_Nabellen incomplete dossiers,757.110160102,757.110160102,1.0,1.0,0.00423728813559322,6.630828705032866,0.5674409282937829
Value 42,Value 62,2,"{""W_Beoordelen fraude"": 2}","{""W_Valideren aanvraag"": 2}",W_Beoordelen fraude,W_Valideren aanvraag,7.721325799000001,7.721325799000001,0.0,0.0,0.006211180124223602,2.165771267533526,0.18533841140979004
Value 62,Value 42,2,"{""W_Valideren aanvraag"": 2}","{""W_Beoordelen fraude"": 2}",W_Valideren aanvraag,W_Beoordelen fraude,14.106107426,14.106107426,0.0,0.0,0.00423728813559322,2.7150991273448524,0.23234778604080478
Value 44,Value 19,2,"{""W_Completeren aanvraag"": 2}","{""W_Completeren aanvraag"": 1, ""W_Nabellen offertes"": 1}",W_Completeren aanvraag,W_Completeren aanvraag,7260.7515935415,7260.7515935415,0.0,0.0,0.0007686395080707148,8.890376345046832,0.7608043625505567
Value 62,Value 4,2,"{""W_Valideren aanvraag"": 2}","{""W_Nabellen incomplete dossiers"": 2}",W_Valideren aanvraag,W_Nabellen incomplete dossiers,72.2375906275,72.2375906275,0.0,0.0,0.00423728813559322,4.2937088223168045,0.3674391585639033
Value 18,Value 62,2,"{""W_Nabellen incomplete dossiers"": 2}","{""W_Valideren aanvraag"": 2}",W_Nabellen incomplete dossiers,W_Valideren aanvraag,277.0530947425,277.0530947425,0.0,0.0,0.0006242197253433209,5.627812083737071,0.48160660682349865
Value 39,Value 62,2,"{""W_Nabellen offertes"": 1, ""W_Valideren aanvraag"": 1}","{""W_Valideren aanvraag"": 2}",W_Nabellen offertes,W_Valideren aanvraag,2487.445079226,2487.445079226,1.0,1.0,0.002053388090349076,7.819413328224245,0.6691554487469378
Value 23,Value 19,2,"{""W_Completeren aanvraag"": 2}","{""W_Completeren aanvraag"": 2}",W_Completeren aanvraag,W_Completeren aanvraag,225.812470157,225.812470157,0.0,0.0,0.0015082956259426848,5.4241235533976395,0.46417572240766747
Value 11,Value 30,2,"{""W_Completeren aanvraag"": 2}","{""W_Completeren aanvraag"": 2}",W_Completeren aanvraag,W_Completeren aanvraag,558.391697006,558.391697006,0.0,0.0,0.0005560189046427579,6.326849937979836,0.5414275894742702
Value 25,Value 8,2,"{""W_Nabellen incomplete dossiers"": 1, ""W_Nabellen offertes"": 1}","{""W_Nabellen incomplete dossiers"": 1, ""W_Nabellen offertes"": 1}",W_Nabellen incomplete dossiers,W_Nabellen incomplete dossiers,1195.5956417365,1195.5956417365,1.0,1.0,0.0012586532410320957,7.0872358387434655,0.6064985030183533
Value 14,Value 22,2,"{""W_Valideren aanvraag"": 2}","{""W_Valideren aanvraag"": 2}",W_Valideren aanvraag,W_Valideren aanvraag,894.8310584905,894.8310584905,0.0,0.0,0.0003935458480913026,6.797751844405142,0.5817255713410726
Value 21,Value 14,2,"{""W_Nabellen incomplete dossiers"": 2}","{""W_Valideren aanvraag"": 1, ""W_Nabellen incomplete dossiers"": 1}",W_Nabellen incomplete dossiers,W_Valideren aanvraag,68.33473953000001,68.33473953000001,0.0,0.0,0.0010085728693898135,4.23894607251023,0.3627527721454792
Value 23,Value 9,2,"{""W_Nabellen incomplete dossiers"": 2}","{""W_Nabellen incomplete dossiers"": 2}",W_Nabellen incomplete dossiers,W_Nabellen incomplete dossiers,10159.7446754765,10159.7446754765,0.0,0.0,0.0015082956259426848,9.226287013276902,0.7895503111918754
Value 37,Value 41,2,"{""W_Afhandelen leads"": 2}","{""W_Afhandelen leads"": 2}",W_Afhandelen leads,W_Afhandelen leads,89.39459363050001,89.39459363050001,0.0,0.0,0.005263157894736842,4.504184460637397,0.385450857690019
Value 58,Value 30,2,"{""W_Nabellen offertes"": 1, ""W_Nabellen incomplete dossiers"": 1}","{""W_Nabellen offertes"": 1, ""W_Nabellen incomplete dossiers"": 1}",W_Nabellen offertes,W_Nabellen offertes,394.4738079115,394.4738079115,1.0,1.0,0.001774622892635315,5.980084559759346,0.5117527363193047
Value 8,Value 46,2,"{""W_Nabellen offertes"": 1, ""W_Valideren aanvraag"": 1}","{""W_Nabellen offertes"": 1, ""W_Nabellen incomplete dossiers"": 1}",W_Nabellen offertes,W_Nabellen offertes,4751.9595063505,4751.9595063505,1.0,1.0,0.0007186489399928135,8.466522756979675,0.724532595600684
Value 26,Value 20,2,"{""W_Valideren aanvraag"": 1, ""W_Nabellen incomplete dossiers"": 1}","{""W_Nabellen offertes"": 1, ""W_Nabellen incomplete dossiers"": 1}",W_Valideren aanvraag,W_Nabellen offertes,121.0119527475,121.0119527475,1.0,1.0,0.0005790387955993051,4.804119013274346,0.4111181081268326
Value 10,Value 22,2,"{""W_Nabellen incomplete dossiers"": 1, ""W_Nabellen offertes"": 1}","{""W_Valideren aanvraag"": 1, ""W_Nabellen offertes"": 1}",W_Nabellen incomplete dossiers,W_Valideren aanvraag,5640.6008348595,5640.6008348595,1.0,1.0,0.0005656108597285068,8.637923140186293,0.7392003840300326
Value 11,Value 64,2,"{""W_Nabellen offertes"": 2}","{""W_Nabellen offertes"": 2}",W_Nabellen offertes,W_Nabellen offertes,2779.3941763735,2779.3941763735,0.0,0.0,0.0005560189046427579,7.930347986695832,0.6786488120026184
Value 62,Value 23,2,"{""W_Valideren aanvraag"": 2}","{""W_Nabellen incomplete dossiers"": 2}",W_Valideren aanvraag,W_Nabellen incomplete dossiers,61.6730826615,61.6730826615,0.0,0.0,0.00423728813559322,4.137932051817345,0.3541083790805291
Value 46,Value 39,2,"{""W_Nabellen incomplete dossiers"": 2}","{""W_Nabellen incomplete dossiers"": 2}",W_Nabellen incomplete dossiers,W_Nabellen incomplete dossiers,1136.8791068975,1136.8791068975,0.0,0.0,0.0008442380751371887,7.036921376088411,0.6021927839799596
Value 56,Value 11,2,"{""W_Nabellen offertes"": 2}","{""W_Nabellen offertes"": 2}",W_Nabellen offertes,W_Nabellen offertes,2867.3650460334998,2867.3650460334998,0.0,0.0,0.00684931506849315,7.9614974760582475,0.6813144660175187
Value 13,Value 64,2,"{""W_Nabellen offertes"": 2}","{""W_Nabellen offertes"": 2}",W_Nabellen offertes,W_Nabellen offertes,3200.4375823439996,3200.4375823439996,0.0,0.0,0.000693721817551162,8.071355232390227,0.690715672112011
Value 11,Value 62,2,"{""W_Nabellen incomplete dossiers"": 2}","{""W_Valideren aanvraag"": 1, ""W_Nabellen incomplete dossiers"": 1}",W_Nabellen incomplete dossiers,W_Valideren aanvraag,218.116161081,218.116161081,0.0,0.0,0.0005560189046427579,5.38960200509069,0.4612215005013519
Value 35,Value 20,2,"{""W_Afhandelen leads"": 2}","{""W_Completeren aanvraag"": 2}",W_Afhandelen leads,W_Completeren aanvraag,4005.8422217985,4005.8422217985,0.0,0.0,0.007272727272727273,8.295758734217904,0.7099192644613087
Value 33,Value 9,2,"{""W_Nabellen incomplete dossiers"": 1, ""W_Completeren aanvraag"": 1}","{""W_Nabellen incomplete dossiers"": 1, ""W_Nabellen offertes"": 1}",W_Nabellen incomplete dossiers,W_Nabellen incomplete dossiers,5639.457574192,5639.457574192,1.0,1.0,0.00044974139869574995,8.637720471377117,0.7391830404094489
Value 6,Value 20,2,"{""W_Nabellen incomplete dossiers"": 1, ""W_Afhandelen leads"": 1}","{""W_Nabellen incomplete dossiers"": 1, ""W_Completeren aanvraag"": 1}",W_Nabellen incomplete dossiers,W_Nabellen incomplete dossiers,69.288018123,69.288018123,1.0,1.0,0.0007527286413248024,4.252601345072566,0.3639213380794771
Value 50,Value 10,2,"{""W_Nabellen offertes"": 1, ""W_Nabellen incomplete dossiers"": 1}","{""W_Nabellen offertes"": 1, ""W_Nabellen incomplete dossiers"": 1}",W_Nabellen offertes,W_Nabellen offertes,3257.8619511095,3257.8619511095,1.0,1.0,0.008583690987124463,8.08913331866131,0.6922370526551841
Value 19,Value 43,2,"{""W_Completeren aanvraag"": 2}","{""W_Completeren aanvraag"": 2}",W_Completeren aanvraag,W_Completeren aanvraag,611.2450592875,611.2450592875,0.0,0.0,0.0025284450063211127,6.4171326260365475,0.5491536361870851
Value 56,Value 19,2,"{""W_Afhandelen leads"": 1, ""W_Nabellen offertes"": 1}","{""W_Completeren aanvraag"": 1, ""W_Nabellen offertes"": 1}",W_Afhandelen leads,W_Completeren aanvraag,3145.6088220224997,3145.6088220224997,1.0,1.0,0.00684931506849315,8.054080587470638,0.6892373741518064
Value 27,Value 9,2,"{""W_Nabellen offertes"": 2}","{""W_Nabellen offertes"": 2}",W_Nabellen offertes,W_Nabellen offertes,12045.338668333501,12045.338668333501,0.0,0.0,0.000758150113722517,9.396516047796995,0.8041178600862269
Value 55,Value 45,2,"{""W_Nabellen incomplete dossiers"": 2}","{""W_Nabellen incomplete dossiers"": 2}",W_Nabellen incomplete dossiers,W_Nabellen incomplete dossiers,157.83697695,157.83697695,0.0,0.0,0.0011547344110854503,5.0678783740371145,0.43368962417335644
Value 46,Value 31,2,"{""W_Nabellen incomplete dossiers"": 2}","{""W_Nabellen incomplete dossiers"": 2}",W_Nabellen incomplete dossiers,W_Nabellen incomplete dossiers,1905.5023526115,1905.5023526115,0.0,0.0,0.0008442380751371887,7.553025613291874,0.6463590082156732
Value 34,Value 25,2,"{""W_Completeren aanvraag"": 1, ""W_Nabellen offertes"": 1}","{""W_Completeren aanvraag"": 1, ""W_Nabellen offertes"": 1}",W_Completeren aanvraag,W_Completeren aanvraag,3323.7733990335,3323.7733990335,1.0,1.0,0.0007861635220125787,8.109156800100976,0.6939505855183048
Value 25,Value 31,2,"{""W_Completeren aanvraag"": 1, ""W_Nabellen offertes"": 1}","{""W_Completeren aanvraag"": 1, ""W_Nabellen offertes"": 1}",W_Completeren aanvraag,W_Completeren aanvraag,4091.489300408,4091.489300408,1.0,1.0,0.0012586532410320957,8.316908694802777,0.7117291970959051
Value 31,Value 58,2,"{""W_Completeren aanvraag"": 1, ""W_Nabellen offertes"": 1}","{""W_Completeren aanvraag"": 1, ""W_Nabellen offertes"": 1}",W_Completeren aanvraag,W_Completeren aanvraag,15839.407181266499,15839.407181266499,1.0,1.0,0.0008646779074794639,9.670319370926062,0.827548899969425
Value 24,Value 45,2,"{""W_Nabellen incomplete dossiers"": 2}","{""W_Nabellen incomplete dossiers"": 2}",W_Nabellen incomplete dossiers,W_Nabellen incomplete dossiers,3924.0312595015002,3924.0312595015002,0.0,0.0,0.0007590132827324478,8.275129594388998,0.7081539016725623
Value 25,Value 45,2,"{""W_Nabellen offertes"": 1, ""W_Completeren aanvraag"": 1}","{""W_Nabellen offertes"": 1, ""W_Completeren aanvraag"": 1}",W_Nabellen offertes,W_Nabellen offertes,3322.283531076,3322.283531076,1.0,1.0,0.0012586532410320957,8.108708588541386,0.6939122292894291
Value 9,Value 8,2,"{""W_Valideren aanvraag"": 1, ""W_Nabellen offertes"": 1}","{""W_Valideren aanvraag"": 1, ""W_Nabellen offertes"": 1}",W_Valideren aanvraag,W_Valideren aanvraag,1911.4290708409999,1911.4290708409999,1.0,1.0,0.0025575447570332483,7.556129477870985,0.6466246250603267
Value 32,Value 21,2,"{""W_Nabellen offertes"": 2}","{""W_Nabellen offertes"": 2}",W_Nabellen offertes,W_Nabellen offertes,9309.2399814035,9309.2399814035,0.0,0.0,0.0011890606420927466,9.138870146673968,0.7820695105046169
Value 50,Value 39,2,"{""W_Nabellen offertes"": 1, ""W_Nabellen incomplete dossiers"": 1}","{""W_Nabellen offertes"": 1, ""W_Nabellen incomplete dossiers"": 1}",W_Nabellen offertes,W_Nabellen offertes,1613.8662566355,1613.8662566355,1.0,1.0,0.008583690987124463,7.38700741899876,0.6321518069028359
Value 33,Value 50,2,"{""W_Completeren aanvraag"": 1, ""W_Nabellen incomplete dossiers"": 1}","{""W_Nabellen offertes"": 1, ""W_Nabellen incomplete dossiers"": 1}",W_Completeren aanvraag,W_Nabellen offertes,19463.9135074935,19463.9135074935,1.0,1.0,0.00044974139869574995,9.876368816546037,0.8451818224740094
Value 5,Value 24,2,"{""W_Nabellen incomplete dossiers"": 2}","{""W_Nabellen incomplete dossiers"": 2}",W_Nabellen incomplete dossiers,W_Nabellen incomplete dossiers,3112.5920966795,3112.5920966795,0.0,0.0,0.0005420054200542005,8.043532353666105,0.6883346966965193
Value 4,Value 39,2,"{""W_Completeren aanvraag"": 1, ""W_Nabellen offertes"": 1}","{""W_Nabellen offertes"": 2}",W_Completeren aanvraag,W_Nabellen offertes,18496.9806365765,18496.9806365765,1.0,1.0,0.0005738880918220947,9.825416850328951,0.8408215483220512
Value 42,Value 43,2,"{""W_Beoordelen fraude"": 2}","{""W_Afhandelen leads"": 2}",W_Beoordelen fraude,W_Afhandelen leads,43.403921254000004,43.403921254000004,0.0,0.0,0.006211180124223602,3.7933277820700355,0.3246184653128886
Value 42,Value 56,2,"{""W_Beoordelen fraude"": 2}","{""W_Afhandelen leads"": 2}",W_Beoordelen fraude,W_Afhandelen leads,36.22281946,36.22281946,0.0,0.0,0.006211180124223602,3.616921999554154,0.3095223339784709
Value 58,Value 42,2,"{""W_Afhandelen leads"": 2}","{""W_Beoordelen fraude"": 2}",W_Afhandelen leads,W_Beoordelen fraude,764.059620921,764.059620921,0.0,0.0,0.001774622892635315,6.63995376663414,0.5682218161218511
Value 42,Value 58,2,"{""W_Beoordelen fraude"": 2}","{""W_Afhandelen leads"": 2}",W_Beoordelen fraude,W_Afhandelen leads,36.9709394215,36.9709394215,0.0,0.0,0.006211180124223602,3.636821115088562,0.31122522408366987
Value 56,Value 58,2,"{""W_Nabellen offertes"": 2}","{""W_Nabellen offertes"": 2}",W_Nabellen offertes,W_Nabellen offertes,3257.8942183,3257.8942183,0.0,0.0,0.00684931506849315,8.089143219980002,0.6922378999721214
Value 45,Value 30,2,"{""W_Nabellen incomplete dossiers"": 1, ""W_Nabellen offertes"": 1}","{""W_Nabellen incomplete dossiers"": 1, ""W_Nabellen offertes"": 1}",W_Nabellen incomplete dossiers,W_Nabellen incomplete dossiers,1193.215553349,1193.215553349,1.0,1.0,0.0022396416573348264,7.085244808101937,0.6063281182405602
Value 55,Value 42,2,"{""W_Afhandelen leads"": 2}","{""W_Beoordelen fraude"": 2}",W_Afhandelen leads,W_Beoordelen fraude,1293.8544953365,1293.8544953365,0.0,0.0,0.0011547344110854503,7.1661536090074005,0.6132519835875999
Value 39,Value 11,2,"{""W_Nabellen offertes"": 2}","{""W_Nabellen offertes"": 2}",W_Nabellen offertes,W_Nabellen offertes,1109.1667372255001,1109.1667372255001,0.0,0.0,0.002053388090349076,7.012265496742096,0.6000828282434235
Value 40,Value 56,2,"{""W_Nabellen offertes"": 2}","{""W_Nabellen offertes"": 2}",W_Nabellen offertes,W_Nabellen offertes,5627.539828192,5627.539828192,0.0,0.0,0.000998003992015968,8.635605331934343,0.7390020348757111
Value 30,Value 9,2,"{""W_Nabellen offertes"": 2}","{""W_Nabellen offertes"": 2}",W_Nabellen offertes,W_Nabellen offertes,33401.184220071,33401.184220071,0.0,0.0,0.0013596193065941536,10.416376572637088,0.8913936183193116
Value 48,Value 6,2,"{""W_Beoordelen fraude"": 2}","{""W_Valideren aanvraag"": 2}",W_Beoordelen fraude,W_Valideren aanvraag,0.126243693,0.126243693,0.0,0.0,0.03125,0.11888792992473056,0.01017397377015803
Value 6,Value 48,2,"{""W_Valideren aanvraag"": 2}","{""W_Beoordelen fraude"": 2}",W_Valideren aanvraag,W_Beoordelen fraude,1.9185519085,1.9185519085,0.0,0.0,0.0007527286413248024,1.071087571523755,0.09165957271797157
Value 12,Value 62,2,"{""W_Nabellen offertes"": 2}","{""W_Nabellen offertes"": 2}",W_Nabellen offertes,W_Nabellen offertes,4304.8533199905005,4304.8533199905005,0.0,0.0,0.0004628558204119417,8.367730613245298,0.7160783422573246
Value 39,Value 2,2,"{""W_Nabellen offertes"": 2}","{""W_Valideren aanvraag"": 1, ""W_Nabellen offertes"": 1}",W_Nabellen offertes,W_Valideren aanvraag,7463.20564768,7463.20564768,0.0,0.0,0.002053388090349076,8.91787429408761,0.763157531728043
Value 26,Value 19,2,"{""W_Valideren aanvraag"": 2}","{""W_Nabellen incomplete dossiers"": 2}",W_Valideren aanvraag,W_Nabellen incomplete dossiers,148.295132921,148.295132921,0.0,0.0,0.0005790387955993051,5.005925104690266,0.4283879006282545
Value 8,Value 23,2,"{""W_Nabellen incomplete dossiers"": 1, ""W_Valideren aanvraag"": 1}","{""W_Nabellen incomplete dossiers"": 2}",W_Nabellen incomplete dossiers,W_Nabellen incomplete dossiers,196.65665657850002,196.65665657850002,1.0,1.0,0.0007186489399928135,5.286531467791823,0.4524011186205448
Value 34,Value 45,2,"{""W_Completeren aanvraag"": 1, ""W_Nabellen offertes"": 1}","{""W_Completeren aanvraag"": 1, ""W_Nabellen offertes"": 1}",W_Completeren aanvraag,W_Completeren aanvraag,1305.8723902509998,1305.8723902509998,1.0,1.0,0.0007861635220125787,7.1753920732424055,0.6140425759787955
Value 55,Value 6,2,"{""W_Afhandelen leads"": 2}","{""W_Afhandelen leads"": 2}",W_Afhandelen leads,W_Afhandelen leads,26.673528286499998,26.673528286499998,0.0,0.0,0.0011547344110854503,3.320476298734426,0.2841536461198673
Value 37,Value 4,2,"{""W_Afhandelen leads"": 1, ""W_Completeren aanvraag"": 1}","{""W_Completeren aanvraag"": 2}",W_Afhandelen leads,W_Completeren aanvraag,87.7639360695,87.7639360695,1.0,1.0,0.005263157894736842,4.485980442163424,0.38389302749999943
Value 15,Value 48,2,"{""W_Completeren aanvraag"": 1, ""W_Afhandelen leads"": 1}","{""W_Nabellen offertes"": 1, ""A_CANCELLED"": 1}",W_Completeren aanvraag,W_Nabellen offertes,0.813162382,0.813162382,1.0,1.0,0.00032770768474520726,0.5950724931232562,0.05092402517405742
Value 37,Value 28,2,"{""W_Completeren aanvraag"": 1, ""W_Afhandelen leads"": 1}","{""W_Completeren aanvraag"": 1, ""W_Afhandelen leads"": 1}",W_Completeren aanvraag,W_Completeren aanvraag,2267.420747106,2267.420747106,1.0,1.0,0.005263157894736842,7.72683916223894,0.6612333061280441
Value 26,Value 39,2,"{""W_Valideren aanvraag"": 2}","{""W_Nabellen incomplete dossiers"": 2}",W_Valideren aanvraag,W_Nabellen incomplete dossiers,87.0659290195,87.0659290195,0.0,0.0,0.0005790387955993051,4.478085727376331,0.3832174280407641
Value 18,Value 53,2,"{""W_Completeren aanvraag"": 2}","{""W_Completeren aanvraag"": 2}",W_Completeren aanvraag,W_Completeren aanvraag,56.809207928,56.809207928,0.0,0.0,0.0006242197253433209,4.057148069703167,0.34719519524766307
Value 33,Value 56,2,"{""W_Nabellen offertes"": 2}","{""W_Nabellen offertes"": 2}",W_Nabellen offertes,W_Nabellen offertes,60.2527319625,60.2527319625,0.0,0.0,0.00044974139869574995,4.115008451899519,0.35214666518384324
Value 58,Value 24,2,"{""W_Nabellen incomplete dossiers"": 1, ""W_Nabellen offertes"": 1}","{""W_Nabellen incomplete dossiers"": 1, ""W_Nabellen offertes"": 1}",W_Nabellen incomplete dossiers,W_Nabellen incomplete dossiers,1221.542292741,1221.542292741,1.0,1.0,0.001774622892635315,7.108687816039786,0.608334281086564
Value 53,Value 14,2,"{""W_Nabellen offertes"": 1, ""W_Completeren aanvraag"": 1}","{""W_Nabellen offertes"": 2}",W_Nabellen offertes,W_Nabellen offertes,23977.457725728,23977.457725728,1.0,1.0,0.00784313725490196,10.084911111489353,0.8630280734774975
Value 20,Value 45,2,"{""W_Nabellen offertes"": 1, ""W_Completeren aanvraag"": 1}","{""W_Nabellen offertes"": 1, ""W_Completeren aanvraag"": 1}",W_Nabellen offertes,W_Nabellen offertes,2090.1130441515,2090.1130441515,1.0,1.0,0.0004360148245040331,7.645451760210986,0.6542684839297105
Value 23,Value 46,2,"{""W_Nabellen offertes"": 2}","{""W_Nabellen offertes"": 2}",W_Nabellen offertes,W_Nabellen offertes,8072.655486178,8072.655486178,0.0,0.0,0.0015082956259426848,8.99636163096796,0.7698741774566362
Value 18,Value 56,2,"{""W_Nabellen incomplete dossiers"": 2}","{""W_Nabellen incomplete dossiers"": 2}",W_Nabellen incomplete dossiers,W_Nabellen incomplete dossiers,1527.58749944,1527.58749944,0.0,0.0,0.0006242197253433209,7.332099384991753,0.6274529876188941
Value 16,Value 58,2,"{""W_Valideren aanvraag"": 1, ""W_Nabellen incomplete dossiers"": 1}","{""W_Nabellen incomplete dossiers"": 2}",W_Valideren aanvraag,W_Nabellen incomplete dossiers,61.554205471,61.554205471,1.0,1.0,0.0005159958720330237,4.136033468401834,0.3539459055823187
Value 19,Value 30,2,"{""W_Nabellen incomplete dossiers"": 1, ""W_Nabellen offertes"": 1}","{""W_Nabellen incomplete dossiers"": 1, ""W_Nabellen offertes"": 1}",W_Nabellen incomplete dossiers,W_Nabellen incomplete dossiers,151.506611313,151.506611313,1.0,1.0,0.0025284450063211127,5.027207947979889,0.43020920485585856
Value 5,Value 28,2,"{""W_Nabellen incomplete dossiers"": 1, ""W_Nabellen offertes"": 1}","{""W_Nabellen incomplete dossiers"": 1, ""W_Valideren aanvraag"": 1}",W_Nabellen incomplete dossiers,W_Nabellen incomplete dossiers,235.32025790699998,235.32025790699998,1.0,1.0,0.0005420054200542005,5.465187910128954,0.4676898528037246
Value 40,Value 28,2,"{""W_Nabellen offertes"": 2}","{""W_Nabellen offertes"": 2}",W_Nabellen offertes,W_Nabellen offertes,66.121318172,66.121318172,0.0,0.0,0.000998003992015968,4.206501701000672,0.3599763070750848
Value 45,Value 33,2,"{""W_Nabellen incomplete dossiers"": 1, ""W_Completeren aanvraag"": 1}","{""W_Nabellen incomplete dossiers"": 1, ""W_Completeren aanvraag"": 1}",W_Nabellen incomplete dossiers,W_Nabellen incomplete dossiers,1657.3148110974998,1657.3148110974998,1.0,1.0,0.0022396416573348264,7.41355719167477,0.6344238347779987
Value 35,Value 27,2,"{""W_Completeren aanvraag"": 2}","{""W_Completeren aanvraag"": 2}",W_Completeren aanvraag,W_Completeren aanvraag,3663.7428552915,3663.7428552915,0.0,0.0,0.007272727272727273,8.20651344959228,0.7022819947614641
Value 37,Value 13,2,"{""W_Afhandelen leads"": 2}","{""W_Afhandelen leads"": 1, ""W_Completeren aanvraag"": 1}",W_Afhandelen leads,W_Afhandelen leads,371.832152754,371.832152754,0.0,0.0,0.005263157894736842,5.921128325750132,0.5067074875814658
Value 18,Value 35,2,"{""W_Completeren aanvraag"": 1, ""W_Nabellen offertes"": 1}","{""W_Completeren aanvraag"": 1, ""W_Nabellen offertes"": 1}",W_Completeren aanvraag,W_Completeren aanvraag,7036.7895650015,7036.7895650015,1.0,1.0,0.0006242197253433209,8.859049417605238,0.7581235240643268
Value 8,Value 34,2,"{""W_Completeren aanvraag"": 2}","{""W_Completeren aanvraag"": 2}",W_Completeren aanvraag,W_Completeren aanvraag,4873.020990364999,4873.020990364999,0.0,0.0,0.0007186489399928135,8.49167454077518,0.7266849889409513
Value 19,Value 23,2,"{""W_Nabellen incomplete dossiers"": 1, ""W_Completeren aanvraag"": 1}","{""W_Nabellen incomplete dossiers"": 1, ""W_Completeren aanvraag"": 1}",W_Nabellen incomplete dossiers,W_Nabellen incomplete dossiers,4670.417801376,4670.417801376,1.0,1.0,0.0025284450063211127,8.449217902311533,0.7230517124058842
Value 56,Value 39,2,"{""W_Nabellen incomplete dossiers"": 1, ""W_Nabellen offertes"": 1}","{""W_Nabellen incomplete dossiers"": 1, ""W_Nabellen offertes"": 1}",W_Nabellen incomplete dossiers,W_Nabellen incomplete dossiers,2993.5828433965,2993.5828433965,1.0,1.0,0.00684931506849315,8.00456021650685,0.6849996104394341
Value 30,Value 25,2,"{""W_Nabellen offertes"": 1, ""W_Afhandelen leads"": 1}","{""W_Nabellen offertes"": 1, ""W_Afhandelen leads"": 1}",W_Nabellen offertes,W_Nabellen offertes,15575.972961122001,15575.972961122001,1.0,1.0,0.0013596193065941536,9.653549010504467,0.8261137567454373
Value 10,Value 30,2,"{""W_Completeren aanvraag"": 2}","{""W_Completeren aanvraag"": 1, ""W_Nabellen offertes"": 1}",W_Completeren aanvraag,W_Completeren aanvraag,4006.042149684,4006.042149684,0.0,0.0,0.0005656108597285068,8.295808629593548,0.7099235343164856
Value 5,Value 45,2,"{""W_Nabellen incomplete dossiers"": 2}","{""W_Nabellen incomplete dossiers"": 2}",W_Nabellen incomplete dossiers,W_Nabellen incomplete dossiers,5634.3451011455,5634.3451011455,0.0,0.0,0.0005420054200542005,8.636813667037943,0.7391054395666447
Value 19,Value 1,2,"{""W_Completeren aanvraag"": 2}","{""A_CANCELLED"": 2}",W_Completeren aanvraag,A_CANCELLED,3.987e-06,3.987e-06,0.0,0.0,0.0025284450063211127,3.986992051936626e-06,3.411915119046406e-07
Value 9,Value 24,2,"{""W_Completeren aanvraag"": 1, ""W_Nabellen incomplete dossiers"": 1}","{""W_Nabellen offertes"": 1, ""W_Nabellen incomplete dossiers"": 1}",W_Completeren aanvraag,W_Nabellen offertes,2210.512221402,2210.512221402,1.0,1.0,0.0025575447570332483,7.701431823588386,0.6590590433819108
Value 9,Value 45,2,"{""W_Completeren aanvraag"": 1, ""W_Nabellen incomplete dossiers"": 1}","{""W_Completeren aanvraag"": 1, ""W_Nabellen incomplete dossiers"": 1}",W_Completeren aanvraag,W_Completeren aanvraag,878.5815705795,878.5815705795,1.0,1.0,0.0025575447570332483,6.7794463064141555,0.5801590534995488
Value 25,Value 9,2,"{""W_Afhandelen leads"": 2}","{""W_Completeren aanvraag"": 2}",W_Afhandelen leads,W_Completeren aanvraag,154.33900600750002,154.33900600750002,0.0,0.0,0.0012586532410320957,5.045609864152309,0.43178397037307614
Value 46,Value 21,2,"{""W_Nabellen offertes"": 1, ""W_Nabellen incomplete dossiers"": 1}","{""W_Valideren aanvraag"": 1, ""W_Nabellen incomplete dossiers"": 1}",W_Nabellen offertes,W_Valideren aanvraag,333.217785299,333.217785299,1.0,1.0,0.0008442380751371887,5.811792832276709,0.4973509747424404
Value 2,Value 42,2,"{""W_Afhandelen leads"": 2}","{""W_Beoordelen fraude"": 2}",W_Afhandelen leads,W_Beoordelen fraude,3998.0630194474998,3998.0630194474998,0.0,0.0,0.00013017443374121324,8.293815367524225,0.7097529585816471
Value 50,Value 11,2,"{""W_Nabellen offertes"": 2}","{""W_Nabellen offertes"": 2}",W_Nabellen offertes,W_Nabellen offertes,23000.659889845,23000.659889845,0.0,0.0,0.008583690987124463,10.043321661430916,0.8594690076053125
Value 32,Value 16,2,"{""W_Nabellen incomplete dossiers"": 2}","{""W_Valideren aanvraag"": 2}",W_Nabellen incomplete dossiers,W_Valideren aanvraag,1937.3494936825,1937.3494936825,0.0,0.0,0.0011890606420927466,7.569592113489367,0.6477767058623504
Value 48,Value 26,2,"{""W_Valideren aanvraag"": 2}","{""W_Valideren aanvraag"": 2}",W_Valideren aanvraag,W_Valideren aanvraag,287.184979665,287.184979665,0.0,0.0,0.03125,5.663602564459153,0.4846694191066156
Value 26,Value 48,2,"{""W_Valideren aanvraag"": 2}","{""W_Valideren aanvraag"": 2}",W_Valideren aanvraag,W_Valideren aanvraag,1.8972372309999999,1.8972372309999999,0.0,0.0,0.0005790387955993051,1.063757603939883,0.09103230216172892
Value 62,Value 46,2,"{""W_Nabellen incomplete dossiers"": 2}","{""W_Nabellen incomplete dossiers"": 2}",W_Nabellen incomplete dossiers,W_Nabellen incomplete dossiers,3027.8429906154997,3027.8429906154997,0.0,0.0,0.00423728813559322,8.015935974297635,0.685973104228521
Value 23,Value 62,2,"{""W_Nabellen incomplete dossiers"": 2}","{""W_Nabellen incomplete dossiers"": 2}",W_Nabellen incomplete dossiers,W_Nabellen incomplete dossiers,76.889524752,76.889524752,0.0,0.0,0.0015082956259426848,4.3552914733854475,0.3727091660160125
Value 62,Value 50,2,"{""W_Valideren aanvraag"": 2}","{""W_Nabellen incomplete dossiers"": 2}",W_Valideren aanvraag,W_Nabellen incomplete dossiers,52.3393262195,52.3393262195,0.0,0.0,0.00423728813559322,3.976673886868687,0.3403085228507994
Value 18,Value 19,2,"{""W_Nabellen incomplete dossiers"": 1, ""W_Nabellen offertes"": 1}","{""W_Nabellen incomplete dossiers"": 1, ""W_Nabellen offertes"": 1}",W_Nabellen incomplete dossiers,W_Nabellen incomplete dossiers,5386.0834220375,5386.0834220375,1.0,1.0,0.0006242197253433209,8.591759408366737,0.7352498686416149
Value 11,Value 22,2,"{""W_Nabellen incomplete dossiers"": 1, ""W_Valideren aanvraag"": 1}","{""W_Valideren aanvraag"": 2}",W_Nabellen incomplete dossiers,W_Valideren aanvraag,1132.5075636515,1132.5075636515,1.0,1.0,0.0005560189046427579,7.033072142754169,0.6018633813315781
Value 50,Value 1,2,"{""W_Nabellen offertes"": 1, ""W_Completeren aanvraag"": 1}","{""A_CANCELLED"": 2}",W_Nabellen offertes,A_CANCELLED,9.63615e-05,9.63615e-05,1.0,1.0,0.008583690987124463,9.635685752889347e-05,8.245850875647992e-06
Value 24,Value 39,2,"{""W_Completeren aanvraag"": 1, ""W_Nabellen offertes"": 1}","{""W_Nabellen offertes"": 2}",W_Completeren aanvraag,W_Nabellen offertes,8596.91053095,8596.91053095,1.0,1.0,0.0007590132827324478,9.059274491204226,0.77525801911537
Value 18,Value 37,2,"{""W_Completeren aanvraag"": 2}","{""W_Completeren aanvraag"": 2}",W_Completeren aanvraag,W_Completeren aanvraag,530.7654582895001,530.7654582895001,0.0,0.0,0.0006242197253433209,6.27620252425395,0.537093377758247
Value 37,Value 24,2,"{""W_Completeren aanvraag"": 1, ""W_Nabellen offertes"": 1}","{""W_Completeren aanvraag"": 1, ""W_Nabellen offertes"": 1}",W_Completeren aanvraag,W_Completeren aanvraag,2289.409505574,2289.409505574,1.0,1.0,0.005263157894736842,7.736485903956048,0.6620588373426888
Value 33,Value 37,2,"{""W_Completeren aanvraag"": 2}","{""W_Completeren aanvraag"": 2}",W_Completeren aanvraag,W_Completeren aanvraag,521.226320727,521.226320727,0.0,0.0,0.00044974139869574995,6.258101058531772,0.5355443236400077
Value 53,Value 28,2,"{""W_Completeren aanvraag"": 2}","{""W_Completeren aanvraag"": 2}",W_Completeren aanvraag,W_Completeren aanvraag,66.55568087500001,66.55568087500001,0.0,0.0,0.00784313725490196,4.212952159685793,0.3605283126277886
Value 30,Value 27,2,"{""W_Nabellen offertes"": 2}","{""W_Nabellen offertes"": 2}",W_Nabellen offertes,W_Nabellen offertes,9190.279535601501,9190.279535601501,0.0,0.0,0.0013596193065941536,9.126010436953004,0.7809690257920329
Value 25,Value 58,2,"{""W_Nabellen offertes"": 1, ""W_Afhandelen leads"": 1}","{""W_Nabellen offertes"": 1, ""W_Completeren aanvraag"": 1}",W_Nabellen offertes,W_Nabellen offertes,9158.3261201765,9158.3261201765,1.0,1.0,0.0012586532410320957,9.122527887295622,0.7806710025285282
Value 45,Value 28,2,"{""W_Nabellen offertes"": 1, ""W_Completeren aanvraag"": 1}","{""W_Nabellen offertes"": 1, ""W_Completeren aanvraag"": 1}",W_Nabellen offertes,W_Nabellen offertes,611.3379383625,611.3379383625,1.0,1.0,0.0022396416573348264,6.417284316980088,0.5491666173171437
Value 44,Value 6,2,"{""W_Nabellen incomplete dossiers"": 1, ""W_Nabellen offertes"": 1}","{""W_Nabellen incomplete dossiers"": 1, ""W_Nabellen offertes"": 1}",W_Nabellen incomplete dossiers,W_Nabellen incomplete dossiers,4139.061254555,4139.061254555,1.0,1.0,0.0007686395080707148,8.328465862496136,0.7127182152497581
Value 56,Value 44,2,"{""W_Nabellen incomplete dossiers"": 1, ""W_Nabellen offertes"": 1}","{""W_Nabellen incomplete dossiers"": 1, ""W_Nabellen offertes"": 1}",W_Nabellen incomplete dossiers,W_Nabellen incomplete dossiers,4739.5733945255,4739.5733945255,1.0,1.0,0.00684931506849315,8.463913376682102,0.7243092948272525
Value 26,Value 10,2,"{""W_Valideren aanvraag"": 2}","{""W_Nabellen incomplete dossiers"": 2}",W_Valideren aanvraag,W_Nabellen incomplete dossiers,101.05252765499999,101.05252765499999,0.0,0.0,0.0005790387955993051,4.625487657738921,0.3958315207760746
Value 30,Value 22,2,"{""W_Nabellen incomplete dossiers"": 1, ""W_Valideren aanvraag"": 1}","{""W_Valideren aanvraag"": 2}",W_Nabellen incomplete dossiers,W_Valideren aanvraag,176.5946138125,176.5946138125,1.0,1.0,0.0013596193065941536,5.179503502465858,0.44324207520386527
Value 18,Value 26,2,"{""W_Valideren aanvraag"": 1, ""W_Nabellen incomplete dossiers"": 1}","{""W_Valideren aanvraag"": 1, ""W_Nabellen incomplete dossiers"": 1}",W_Valideren aanvraag,W_Valideren aanvraag,1858.0648296025001,1858.0648296025001,1.0,1.0,0.0006242197253433209,7.527828860487508,0.6442027665998332
Value 50,Value 15,2,"{""W_Nabellen offertes"": 2}","{""W_Nabellen offertes"": 2}",W_Nabellen offertes,W_Nabellen offertes,10619.211568786,10619.211568786,0.0,0.0,0.008583690987124463,9.270514216328756,0.7933351058641511
Value 39,Value 56,2,"{""W_Nabellen offertes"": 2}","{""W_Valideren aanvraag"": 2}",W_Nabellen offertes,W_Valideren aanvraag,12.462705947,12.462705947,0.0,0.0,0.002053388090349076,2.5999233401927944,0.22249148323374757
Value 62,Value 6,2,"{""W_Valideren aanvraag"": 2}","{""W_Valideren aanvraag"": 2}",W_Valideren aanvraag,W_Valideren aanvraag,13.8415414765,13.8415414765,0.0,0.0,0.00423728813559322,2.6974301054243144,0.23083573880709726
Value 56,Value 8,2,"{""W_Nabellen incomplete dossiers"": 1, ""W_Valideren aanvraag"": 1}","{""W_Nabellen incomplete dossiers"": 1, ""W_Valideren aanvraag"": 1}",W_Nabellen incomplete dossiers,W_Nabellen incomplete dossiers,4237.460007562,4237.460007562,1.0,1.0,0.00684931506849315,8.351955276487136,0.7147283493480817
Value 10,Value 26,2,"{""W_Nabellen offertes"": 1, ""W_Valideren aanvraag"": 1}","{""W_Nabellen offertes"": 1, ""W_Valideren aanvraag"": 1}",W_Nabellen offertes,W_Nabellen offertes,436.54948996499996,436.54948996499996,1.0,1.0,0.0005656108597285068,6.081189819320094,0.5204049372571738
Value 21,Value 18,2,"{""W_Nabellen offertes"": 2}","{""W_Valideren aanvraag"": 2}",W_Nabellen offertes,W_Valideren aanvraag,11068.3062896845,11068.3062896845,0.0,0.0,0.0010085728693898135,9.311931357947275,0.7968794262398907
Value 29,Value 29,2,"{""O_CANCELLED"": 1, ""A_DECLINED"": 1}","{""A_CANCELLED"": 1, ""O_DECLINED"": 1}",O_CANCELLED,A_CANCELLED,0.0,0.0,1.0,1.0,0.005405405405405406,0.0,0.0
Value 25,Value 30,2,"{""W_Nabellen offertes"": 2}","{""W_Nabellen offertes"": 2}",W_Nabellen offertes,W_Nabellen offertes,3777.542526939,3777.542526939,0.0,0.0,0.0012586532410320957,8.237093639376662,0.7048989302985682
Value 5,Value 1,2,"{""W_Completeren aanvraag"": 1, ""W_Nabellen offertes"": 1}","{""A_CANCELLED"": 1, ""O_CANCELLED"": 1}",W_Completeren aanvraag,A_CANCELLED,5.159e-05,5.159e-05,1.0,1.0,0.0005420054200542005,5.158866928171764e-05,4.414760762020578e-06
Value 50,Value 18,2,"{""W_Completeren aanvraag"": 1, ""W_Nabellen offertes"": 1}","{""W_Completeren aanvraag"": 1, ""W_Nabellen offertes"": 1}",W_Completeren aanvraag,W_Completeren aanvraag,493.0687031575,493.0687031575,1.0,1.0,0.008583690987124463,6.202674582735472,0.5308011380930739
Value 56,Value 25,2,"{""W_Nabellen offertes"": 1, ""W_Nabellen incomplete dossiers"": 1}","{""W_Nabellen offertes"": 1, ""W_Nabellen incomplete dossiers"": 1}",W_Nabellen offertes,W_Nabellen offertes,3295.2873690985,3295.2873690985,1.0,1.0,0.00684931506849315,8.100552074455264,0.6932142260487244
Value 43,Value 50,2,"{""W_Nabellen offertes"": 1, ""W_Nabellen incomplete dossiers"": 1}","{""W_Nabellen offertes"": 1, ""W_Nabellen incomplete dossiers"": 1}",W_Nabellen offertes,W_Nabellen offertes,4768.116011558,4768.116011558,1.0,1.0,0.0005675368898978433,8.469916244183517,0.724822997240473
Value 43,Value 53,2,"{""W_Completeren aanvraag"": 2}","{""W_Completeren aanvraag"": 2}",W_Completeren aanvraag,W_Completeren aanvraag,406.0086874095,406.0086874095,0.0,0.0,0.0005675368898978433,6.00883453020128,0.5142130486937758
Value 28,Value 50,2,"{""W_Completeren aanvraag"": 2}","{""W_Nabellen offertes"": 2}",W_Completeren aanvraag,W_Nabellen offertes,7815.028278397001,7815.028278397001,0.0,0.0,0.000835421888053467,8.963931811730019,0.7670989577139199
Value 53,Value 46,2,"{""W_Nabellen offertes"": 1, ""W_Completeren aanvraag"": 1}","{""W_Nabellen offertes"": 2}",W_Nabellen offertes,W_Nabellen offertes,9348.3437671545,9348.3437671545,1.0,1.0,0.00784313725490196,9.143061434488558,0.7824281848655534
Value 53,Value 21,2,"{""W_Nabellen incomplete dossiers"": 1, ""W_Nabellen offertes"": 1}","{""W_Nabellen incomplete dossiers"": 1, ""W_Nabellen offertes"": 1}",W_Nabellen incomplete dossiers,W_Nabellen incomplete dossiers,677.7822817435,677.7822817435,1.0,1.0,0.00784313725490196,6.520300430696919,0.5579823418362114
Value 10,Value 53,2,"{""W_Nabellen incomplete dossiers"": 1, ""W_Nabellen offertes"": 1}","{""W_Nabellen incomplete dossiers"": 1, ""W_Nabellen offertes"": 1}",W_Nabellen incomplete dossiers,W_Nabellen incomplete dossiers,338.223498657,338.223498657,1.0,1.0,0.0005656108597285068,5.826659178219289,0.49862317969860087
Value 35,Value 5,2,"{""W_Completeren aanvraag"": 1, ""W_Nabellen offertes"": 1}","{""W_Nabellen offertes"": 2}",W_Completeren aanvraag,W_Nabellen offertes,47322.9122666875,47322.9122666875,1.0,1.0,0.007272727272727273,10.764770991485593,0.9212078785329283
Value 35,Value 21,2,"{""W_Nabellen offertes"": 1, ""W_Nabellen incomplete dossiers"": 1}","{""W_Nabellen offertes"": 1, ""W_Nabellen incomplete dossiers"": 1}",W_Nabellen offertes,W_Nabellen offertes,42444.362512031,42444.362512031,1.0,1.0,0.007272727272727273,10.655972939883176,0.9118973579111285
Value 37,Value 18,2,"{""W_Completeren aanvraag"": 2}","{""W_Completeren aanvraag"": 2}",W_Completeren aanvraag,W_Completeren aanvraag,68.4889380465,68.4889380465,0.0,0.0,0.005263157894736842,4.241167575104124,0.3629428798303798
Value 2,Value 62,2,"{""W_Nabellen incomplete dossiers"": 2}","{""W_Valideren aanvraag"": 2}",W_Nabellen incomplete dossiers,W_Valideren aanvraag,1348.1845419370002,1348.1845419370002,0.0,0.0,0.00013017443374121324,7.207255645915368,0.6167693385088815
Value 62,Value 14,2,"{""W_Valideren aanvraag"": 1, ""W_Nabellen incomplete dossiers"": 1}","{""W_Nabellen incomplete dossiers"": 2}",W_Valideren aanvraag,W_Nabellen incomplete dossiers,91.13610548899999,91.13610548899999,1.0,1.0,0.00423728813559322,4.523266891293015,0.3870838590307273
Value 45,Value 32,2,"{""W_Nabellen offertes"": 1, ""W_Completeren aanvraag"": 1}","{""W_Nabellen offertes"": 1, ""W_Completeren aanvraag"": 1}",W_Nabellen offertes,W_Nabellen offertes,295.9987502655,295.9987502655,1.0,1.0,0.0022396416573348264,5.693727930933577,0.4872474326065666
Value 27,Value 45,2,"{""W_Completeren aanvraag"": 2}","{""W_Nabellen offertes"": 1, ""W_Completeren aanvraag"": 1}",W_Completeren aanvraag,W_Nabellen offertes,3151.811162286,3151.811162286,0.0,0.0,0.000758150113722517,8.05604976631033,0.6894058889360781
Value 53,Value 4,2,"{""W_Completeren aanvraag"": 2}","{""W_Completeren aanvraag"": 2}",W_Completeren aanvraag,W_Completeren aanvraag,2034.6820557295,2034.6820557295,0.0,0.0,0.00784313725490196,7.6185862042429235,0.6519694325296833
Value 59,Value 22,2,"{""W_Wijzigen contractgegevens"": 1, ""W_Valideren aanvraag"": 1}","{""W_Valideren aanvraag"": 2}",W_Wijzigen contractgegevens,W_Valideren aanvraag,3.6832115620000003,3.6832115620000003,1.0,1.0,0.3333333333333333,1.5439841057771722,0.13212824719601957
Value 58,Value 19,2,"{""W_Nabellen offertes"": 2}","{""W_Nabellen offertes"": 2}",W_Nabellen offertes,W_Nabellen offertes,8127.67707973,8127.67707973,0.0,0.0,0.001774622892635315,9.003153468480969,0.7704553969021449
Value 46,Value 20,2,"{""W_Nabellen incomplete dossiers"": 2}","{""W_Nabellen incomplete dossiers"": 2}",W_Nabellen incomplete dossiers,W_Nabellen incomplete dossiers,323.2720053715,323.2720053715,0.0,0.0,0.0008442380751371887,5.781582686341754,0.494765706140914
Value 22,Value 21,2,"{""W_Valideren aanvraag"": 2}","{""W_Valideren aanvraag"": 1, ""W_Nabellen incomplete dossiers"": 1}",W_Valideren aanvraag,W_Valideren aanvraag,45.9469091695,45.9469091695,0.0,0.0,0.0004572473708276177,3.849017371101709,0.32938416708293233
Value 35,Value 13,2,"{""W_Completeren aanvraag"": 1, ""W_Nabellen offertes"": 1}","{""W_Nabellen offertes"": 2}",W_Completeren aanvraag,W_Nabellen offertes,20115.553186605503,20115.553186605503,1.0,1.0,0.007272727272727273,9.909298296744996,0.8479998012883537
Value 23,Value 32,2,"{""W_Nabellen offertes"": 1, ""W_Completeren aanvraag"": 1}","{""W_Nabellen offertes"": 1, ""W_Completeren aanvraag"": 1}",W_Nabellen offertes,W_Nabellen offertes,13684.5306079975,13684.5306079975,1.0,1.0,0.0015082956259426848,9.524094393686044,0.8150355263752866
Value 21,Value 33,2,"{""W_Nabellen offertes"": 1, ""W_Nabellen incomplete dossiers"": 1}","{""W_Valideren aanvraag"": 2}",W_Nabellen offertes,W_Valideren aanvraag,225.2919928075,225.2919928075,1.0,1.0,0.0010085728693898135,5.421826168926885,0.46397912104232936
Value 18,Value 9,2,"{""W_Afhandelen leads"": 1, ""W_Nabellen incomplete dossiers"": 1}","{""W_Completeren aanvraag"": 1, ""W_Nabellen incomplete dossiers"": 1}",W_Afhandelen leads,W_Completeren aanvraag,911.936963774,911.936963774,1.0,1.0,0.0006242197253433209,6.8166668352475375,0.583344243823764
Value 43,Value 26,2,"{""W_Nabellen incomplete dossiers"": 2}","{""W_Valideren aanvraag"": 2}",W_Nabellen incomplete dossiers,W_Valideren aanvraag,6.6352250385,6.6352250385,0.0,0.0,0.0005675368898978433,2.032772412826929,0.17395687873357427
Value 26,Value 21,2,"{""W_Nabellen incomplete dossiers"": 2}","{""W_Nabellen incomplete dossiers"": 2}",W_Nabellen incomplete dossiers,W_Nabellen incomplete dossiers,244.3645715935,244.3645715935,0.0,0.0,0.0005790387955993051,5.502745151819817,0.4709038577248654
Value 16,Value 48,2,"{""W_Valideren aanvraag"": 1, ""W_Nabellen incomplete dossiers"": 1}","{""W_Valideren aanvraag"": 2}",W_Valideren aanvraag,W_Valideren aanvraag,0.828469361,0.828469361,1.0,1.0,0.0005159958720330237,0.6034792021092393,0.05164343913618877
Value 8,Value 24,2,"{""W_Completeren aanvraag"": 1, ""W_Nabellen incomplete dossiers"": 1}","{""W_Completeren aanvraag"": 1, ""W_Nabellen incomplete dossiers"": 1}",W_Completeren aanvraag,W_Completeren aanvraag,880.5546748855,880.5546748855,1.0,1.0,0.0007186489399928135,6.781687024742031,0.5803508055933783
Value 48,Value 16,2,"{""W_Valideren aanvraag"": 2}","{""W_Valideren aanvraag"": 1, ""W_Nabellen incomplete dossiers"": 1}",W_Valideren aanvraag,W_Valideren aanvraag,8.9496854855,8.9496854855,0.0,0.0,0.03125,2.2975409411734233,0.19661475547737844
Value 10,Value 56,2,"{""W_Nabellen offertes"": 1, ""W_Completeren aanvraag"": 1}","{""W_Nabellen offertes"": 1, ""W_Completeren aanvraag"": 1}",W_Nabellen offertes,W_Nabellen offertes,2182.7883900915003,2182.7883900915003,1.0,1.0,0.0005656108597285068,7.688816441186816,0.6579794672656865
Value 22,Value 59,2,"{""W_Valideren aanvraag"": 2}","{""W_Wijzigen contractgegevens"": 1, ""W_Valideren aanvraag"": 1}",W_Valideren aanvraag,W_Wijzigen contractgegevens,5.0641893840000005,5.0641893840000005,0.0,0.0,0.0004572473708276177,1.8024008787231096,0.15424256503623585
Value 20,Value 22,2,"{""W_Nabellen offertes"": 1, ""W_Completeren aanvraag"": 1}","{""W_Nabellen offertes"": 1, ""W_Completeren aanvraag"": 1}",W_Nabellen offertes,W_Nabellen offertes,9590.95933794,9590.95933794,1.0,1.0,0.0004360148245040331,9.168680457534478,0.7846205627516121
Value 5,Value 55,2,"{""W_Nabellen incomplete dossiers"": 2}","{""W_Nabellen incomplete dossiers"": 2}",W_Nabellen incomplete dossiers,W_Nabellen incomplete dossiers,78.49103727800001,78.49103727800001,0.0,0.0,0.0005420054200542005,4.375644276663299,0.3744508809809307
Value 40,Value 37,2,"{""W_Afhandelen leads"": 1, ""W_Completeren aanvraag"": 1}","{""W_Afhandelen leads"": 1, ""W_Completeren aanvraag"": 1}",W_Afhandelen leads,W_Afhandelen leads,11488.6668615295,11488.6668615295,1.0,1.0,0.000998003992015968,9.349203376647843,0.8000690228697631
Value 58,Value 16,2,"{""W_Valideren aanvraag"": 1, ""W_Nabellen incomplete dossiers"": 1}","{""W_Valideren aanvraag"": 1, ""W_Nabellen incomplete dossiers"": 1}",W_Valideren aanvraag,W_Valideren aanvraag,432.572134821,432.572134821,1.0,1.0,0.001774622892635315,6.0720581833486555,0.5196234868196832
Value 63,Value 63,2,"{""W_Nabellen offertes"": 2}","{""W_Nabellen offertes"": 2}",W_Nabellen offertes,W_Nabellen offertes,22.134392299,22.134392299,0.0,0.0,0.6666666666666666,3.1413203544107646,0.2688221664694872
Value 26,Value 9,2,"{""W_Valideren aanvraag"": 2}","{""W_Nabellen incomplete dossiers"": 2}",W_Valideren aanvraag,W_Nabellen incomplete dossiers,15.3129092975,15.3129092975,0.0,0.0,0.0005790387955993051,2.7919567758026202,0.2389249692749684
Value 39,Value 41,2,"{""W_Nabellen offertes"": 2}","{""W_Valideren aanvraag"": 1, ""W_Nabellen offertes"": 1}",W_Nabellen offertes,W_Valideren aanvraag,4217.3100560835,4217.3100560835,0.0,0.0,0.002053388090349076,8.34718986618056,0.7143205437828419
Value 67,Value 67,2,"{""W_Nabellen offertes"": 2}","{""W_Nabellen offertes"": 2}",W_Nabellen offertes,W_Nabellen offertes,1009.425526429,1009.425526429,0.0,0.0,0.6666666666666666,6.918126834403819,0.592026802017769
Value 13,Value 65,1,"{""W_Nabellen offertes"": 1}","{""W_Nabellen offertes"": 1}",W_Nabellen offertes,W_Nabellen offertes,5092.581306744,5092.581306744,0.0,0.0,0.000346860908775581,8.53573645874634,0.7304556391489687
Value 67,Value 1,1,"{""W_Nabellen offertes"": 1}","{""A_CANCELLED"": 1}",W_Nabellen offertes,A_CANCELLED,1.9302e-05,1.9302e-05,0.0,0.0,0.3333333333333333,1.9301813718795064e-05,1.6517753031432679e-06
Value 64,Value 4,1,"{""W_Nabellen offertes"": 1}","{""W_Nabellen offertes"": 1}",W_Nabellen offertes,W_Nabellen offertes,602.612873925,602.612873925,0.0,0.0,0.045454545454545456,6.402933055236488,0.547938491294254
Value 27,Value 37,1,"{""W_Completeren aanvraag"": 1}","{""W_Completeren aanvraag"": 1}",W_Completeren aanvraag,W_Completeren aanvraag,17665.369631104,17665.369631104,0.0,0.0,0.0003790750568612585,9.779418090391067,0.836885150595519
Value 13,Value 55,1,"{""W_Completeren aanvraag"": 1}","{""W_Completeren aanvraag"": 1}",W_Completeren aanvraag,W_Completeren aanvraag,857.924444024,857.924444024,0.0,0.0,0.000346860908775581,6.755680960052854,0.5781253061656378
Value 19,Value 45,1,"{""W_Completeren aanvraag"": 1}","{""W_Completeren aanvraag"": 1}",W_Completeren aanvraag,W_Completeren aanvraag,67.676037356,67.676037356,0.0,0.0,0.0012642225031605564,4.229400337160301,0.36193588466894105
Value 46,Value 32,1,"{""W_Nabellen offertes"": 1}","{""W_Valideren aanvraag"": 1}",W_Nabellen offertes,W_Valideren aanvraag,172.817246745,172.817246745,0.0,0.0,0.00042211903756859433,5.1580044411933805,0.4414022678692798
Value 45,Value 6,1,"{""W_Nabellen incomplete dossiers"": 1}","{""W_Valideren aanvraag"": 1}",W_Nabellen incomplete dossiers,W_Valideren aanvraag,2372.109203967,2372.109203967,0.0,0.0,0.0011198208286674132,7.771956274747743,0.6650942558438012
Value 40,Value 62,1,"{""W_Nabellen incomplete dossiers"": 1}","{""W_Valideren aanvraag"": 1}",W_Nabellen incomplete dossiers,W_Valideren aanvraag,65.832206241,65.832206241,0.0,0.0,0.000499001996007984,4.202185093711873,0.35960690835344744
Value 19,Value 21,1,"{""W_Completeren aanvraag"": 1}","{""W_Nabellen offertes"": 1}",W_Completeren aanvraag,W_Nabellen offertes,6780.189766841,6780.189766841,0.0,0.0,0.0012642225031605564,8.821907847374261,0.754945090714939
Value 46,Value 50,1,"{""W_Nabellen incomplete dossiers"": 1}","{""W_Nabellen incomplete dossiers"": 1}",W_Nabellen incomplete dossiers,W_Nabellen incomplete dossiers,5009.499541659,5009.499541659,0.0,0.0,0.00042211903756859433,8.519290898022279,0.7290482910392987
Value 19,Value 24,1,"{""W_Completeren aanvraag"": 1}","{""W_Completeren aanvraag"": 1}",W_Completeren aanvraag,W_Completeren aanvraag,163.021535747,163.021535747,0.0,0.0,0.0012642225031605564,5.099997734733557,0.4364382760629699
Value 37,Value 43,1,"{""W_Completeren aanvraag"": 1}","{""W_Completeren aanvraag"": 1}",W_Completeren aanvraag,W_Completeren aanvraag,9.605626808,9.605626808,0.0,0.0,0.002631578947368421,2.361384691220512,0.2020782591213467
Value 37,Value 19,1,"{""W_Completeren aanvraag"": 1}","{""W_Completeren aanvraag"": 1}",W_Completeren aanvraag,W_Completeren aanvraag,1126.335517059,1126.335517059,0.0,0.0,0.002631578947368421,7.027612177860391,0.6013961384445126
Value 42,Value 44,1,"{""W_Beoordelen fraude"": 1}","{""W_Afhandelen leads"": 1}",W_Beoordelen fraude,W_Afhandelen leads,13.561174863,13.561174863,0.0,0.0,0.003105590062111801,2.678358730653295,0.22920368358665522
Value 44,Value 62,1,"{""W_Nabellen incomplete dossiers"": 1}","{""W_Valideren aanvraag"": 1}",W_Nabellen incomplete dossiers,W_Valideren aanvraag,646.830589798,646.830589798,0.0,0.0,0.0003843197540353574,6.473629226675144,0.5539883989200564
Value 34,Value 6,1,"{""W_Nabellen incomplete dossiers"": 1}","{""W_Nabellen incomplete dossiers"": 1}",W_Nabellen incomplete dossiers,W_Nabellen incomplete dossiers,23.074661125,23.074661125,0.0,0.0,0.00039308176100628933,3.1811598817803475,0.2722314806591635
Value 55,Value 37,1,"{""W_Completeren aanvraag"": 1}","{""W_Completeren aanvraag"": 1}",W_Completeren aanvraag,W_Completeren aanvraag,9.35347564,9.35347564,0.0,0.0,0.0005773672055427252,2.337322273967628,0.20001908959814588
Value 37,Value 5,1,"{""W_Nabellen incomplete dossiers"": 1}","{""W_Nabellen incomplete dossiers"": 1}",W_Nabellen incomplete dossiers,W_Nabellen incomplete dossiers,3507.68424272,3507.68424272,0.0,0.0,0.002631578947368421,8.162996386558548,0.6985579711525091
Value 57,Value 18,1,"{""W_Completeren aanvraag"": 1}","{""W_Completeren aanvraag"": 1}",W_Completeren aanvraag,W_Completeren aanvraag,25082.225318471,25082.225318471,0.0,0.0,0.2,10.129954587693382,0.8668827216802769
Value 20,Value 57,1,"{""W_Completeren aanvraag"": 1}","{""W_Completeren aanvraag"": 1}",W_Completeren aanvraag,W_Completeren aanvraag,21967.08134675,21967.08134675,0.0,0.0,0.00021800741225201656,9.997345830966573,0.8555345720953192
Value 46,Value 27,1,"{""W_Afhandelen leads"": 1}","{""W_Afhandelen leads"": 1}",W_Afhandelen leads,W_Afhandelen leads,125.95867289,125.95867289,0.0,0.0,0.00042211903756859433,4.843861623186205,0.4145191284916154
Value 37,Value 31,1,"{""W_Afhandelen leads"": 1}","{""W_Afhandelen leads"": 1}",W_Afhandelen leads,W_Afhandelen leads,0.579282468,0.579282468,0.0,0.0,0.002631578947368421,0.4569706097115043,0.039105794842936865
Value 27,Value 50,1,"{""W_Nabellen offertes"": 1}","{""W_Nabellen offertes"": 1}",W_Nabellen offertes,W_Nabellen offertes,4431.040120166,4431.040120166,0.0,0.0,0.0003790750568612585,8.396615280770172,0.7185501814923408
Value 5,Value 54,1,"{""W_Nabellen incomplete dossiers"": 1}","{""W_Nabellen incomplete dossiers"": 1}",W_Nabellen incomplete dossiers,W_Nabellen incomplete dossiers,7355.819698684,7355.819698684,0.0,0.0,0.00027100271002710027,8.90338301218109,0.7619174233158076
Value 11,Value 35,1,"{""W_Nabellen offertes"": 1}","{""W_Nabellen offertes"": 1}",W_Nabellen offertes,W_Nabellen offertes,118834.565347875,118834.565347875,0.0,0.0,0.00027800945232137893,11.68549601272305,1.0
Value 55,Value 9,1,"{""W_Nabellen incomplete dossiers"": 1}","{""W_Nabellen incomplete dossiers"": 1}",W_Nabellen incomplete dossiers,W_Nabellen incomplete dossiers,2507.084431643,2507.084431643,0.0,0.0,0.0005773672055427252,7.8272745661155865,0.6698281833816322
Value 62,Value 2,1,"{""W_Nabellen incomplete dossiers"": 1}","{""W_Nabellen incomplete dossiers"": 1}",W_Nabellen incomplete dossiers,W_Nabellen incomplete dossiers,108.368476594,108.368476594,0.0,0.0,0.00211864406779661,4.6947227003299465,0.40175639059038487
Value 66,Value 67,1,"{""W_Nabellen offertes"": 1}","{""W_Nabellen offertes"": 1}",W_Nabellen offertes,W_Nabellen offertes,53.987955321,53.987955321,0.0,0.0,0.5,4.007114167086112,0.3429134854629368
Value 34,Value 37,1,"{""W_Completeren aanvraag"": 1}","{""W_Completeren aanvraag"": 1}",W_Completeren aanvraag,W_Completeren aanvraag,15802.945918646,15802.945918646,0.0,0.0,0.00039308176100628933,9.66801492952125,0.8273516946986943
Value 63,Value 1,1,"{""W_Nabellen offertes"": 1}","{""O_CANCELLED"": 1}",W_Nabellen offertes,O_CANCELLED,8.441e-06,8.441e-06,0.0,0.0,0.3333333333333333,8.440964374959972e-06,7.223454071414286e-07
Value 4,Value 63,1,"{""W_Nabellen offertes"": 1}","{""W_Nabellen offertes"": 1}",W_Nabellen offertes,W_Nabellen offertes,18245.105031349,18245.105031349,0.0,0.0,0.00028694404591104734,9.81170691329294,0.83964830441173
Value 13,Value 45,1,"{""W_Nabellen offertes"": 1}","{""W_Nabellen offertes"": 1}",W_Nabellen offertes,W_Nabellen offertes,677.542842754,677.542842754,0.0,0.0,0.000346860908775581,6.51994762061824,0.557952149700739
Value 50,Value 31,1,"{""W_Nabellen incomplete dossiers"": 1}","{""W_Nabellen incomplete dossiers"": 1}",W_Nabellen incomplete dossiers,W_Nabellen incomplete dossiers,4435.933587708,4435.933587708,0.0,0.0,0.004291845493562232,8.397718783430063,0.71864461502419
Value 6,Value 50,1,"{""W_Valideren aanvraag"": 1}","{""W_Nabellen incomplete dossiers"": 1}",W_Valideren aanvraag,W_Nabellen incomplete dossiers,55.943926569,55.943926569,0.0,0.0,0.0003763643206624012,4.042067039236941,0.3459046184120879
Value 23,Value 25,1,"{""W_Nabellen offertes"": 1}","{""W_Nabellen offertes"": 1}",W_Nabellen offertes,W_Nabellen offertes,42.652528879,42.652528879,0.0,0.0,0.0007541478129713424,3.776261215979702,0.32315797394206863
Value 58,Value 31,1,"{""W_Nabellen offertes"": 1}","{""W_Nabellen offertes"": 1}",W_Nabellen offertes,W_Nabellen offertes,18262.136017504,18262.136017504,0.0,0.0,0.0008873114463176575,9.81263988187301,0.839728144290076
Value 19,Value 26,1,"{""W_Nabellen incomplete dossiers"": 1}","{""W_Valideren aanvraag"": 1}",W_Nabellen incomplete dossiers,W_Valideren aanvraag,2861.788146275,2861.788146275,0.0,0.0,0.0012642225031605564,7.9595513052505185,0.6811479201725147
Value 35,Value 40,1,"{""W_Completeren aanvraag"": 1}","{""W_Completeren aanvraag"": 1}",W_Completeren aanvraag,W_Completeren aanvraag,318.321574824,318.321574824,0.0,0.0,0.0036363636363636364,5.7661986665705225,0.49344920064089226
Value 50,Value 35,1,"{""W_Completeren aanvraag"": 1}","{""W_Completeren aanvraag"": 1}",W_Completeren aanvraag,W_Completeren aanvraag,1191.19459058,1191.19459058,0.0,0.0,0.004291845493562232,7.083551081432804,0.6061831755982207
Value 50,Value 40,1,"{""W_Completeren aanvraag"": 1}","{""W_Completeren aanvraag"": 1}",W_Completeren aanvraag,W_Completeren aanvraag,1471.694913406,1471.694913406,0.0,0.0,0.004291845493562232,7.294849275802067,0.6242652659210622
Value 48,Value 23,1,"{""W_Valideren aanvraag"": 1}","{""W_Nabellen incomplete dossiers"": 1}",W_Valideren aanvraag,W_Nabellen incomplete dossiers,108.626120539,108.626120539,0.0,0.0,0.015625,4.697075672204531,0.4019577489128748
Value 45,Value 26,1,"{""W_Nabellen incomplete dossiers"": 1}","{""W_Valideren aanvraag"": 1}",W_Nabellen incomplete dossiers,W_Valideren aanvraag,30.079143807,30.079143807,0.0,0.0,0.0011198208286674132,3.4365369770826697,0.29408567452686674
Value 37,Value 25,1,"{""W_Completeren aanvraag"": 1}","{""W_Completeren aanvraag"": 1}",W_Completeren aanvraag,W_Completeren aanvraag,69.818647222,69.818647222,0.0,0.0,0.002631578947368421,4.260122344863364,0.36456495644044423
Value 25,Value 37,1,"{""W_Completeren aanvraag"": 1}","{""W_Completeren aanvraag"": 1}",W_Completeren aanvraag,W_Completeren aanvraag,11971.592812325,11971.592812325,0.0,0.0,0.0006293266205160479,9.39037538431242,0.8035923656204473
Value 35,Value 33,1,"{""W_Completeren aanvraag"": 1}","{""W_Completeren aanvraag"": 1}",W_Completeren aanvraag,W_Completeren aanvraag,36.032571671,36.032571671,0.0,0.0,0.0036363636363636364,3.611797840826278,0.30908382809713764
Value 21,Value 5,1,"{""W_Valideren aanvraag"": 1}","{""W_Valideren aanvraag"": 1}",W_Valideren aanvraag,W_Valideren aanvraag,2.804048911,2.804048911,0.0,0.0,0.0005042864346949068,1.3360660023817663,0.11433541211490476
Value 21,Value 48,1,"{""W_Nabellen offertes"": 1}","{""W_Valideren aanvraag"": 1}",W_Nabellen offertes,W_Valideren aanvraag,2534.587818831,2534.587818831,0.0,0.0,0.0005042864346949068,7.838180770340655,0.6707614945746867
Value 23,Value 28,1,"{""W_Nabellen incomplete dossiers"": 1}","{""W_Nabellen incomplete dossiers"": 1}",W_Nabellen incomplete dossiers,W_Nabellen incomplete dossiers,34.23398853,34.23398853,0.0,0.0,0.0007541478129713424,3.5620111999670625,0.30482327802677617
Value 45,Value 58,1,"{""W_Nabellen offertes"": 1}","{""W_Nabellen offertes"": 1}",W_Nabellen offertes,W_Nabellen offertes,11103.588419446,11103.588419446,0.0,0.0,0.0011198208286674132,9.315113673007383,0.7971517565762876
Value 39,Value 40,1,"{""W_Nabellen offertes"": 1}","{""W_Valideren aanvraag"": 1}",W_Nabellen offertes,W_Valideren aanvraag,11603.308437979,11603.308437979,0.0,0.0,0.001026694045174538,9.359131725203367,0.8009186529192461
Value 45,Value 50,1,"{""W_Nabellen offertes"": 1}","{""W_Nabellen offertes"": 1}",W_Nabellen offertes,W_Nabellen offertes,548.697316438,548.697316438,0.0,0.0,0.0011198208286674132,6.309367792988226,0.5399315344525085
Value 30,Value 6,1,"{""W_Nabellen incomplete dossiers"": 1}","{""W_Nabellen incomplete dossiers"": 1}",W_Nabellen incomplete dossiers,W_Nabellen incomplete dossiers,136.718750249,136.718750249,0.0,0.0,0.0006798096532970768,4.925213563850293,0.4214809160422262
Value 9,Value 58,1,"{""W_Nabellen offertes"": 1}","{""W_Nabellen offertes"": 1}",W_Nabellen offertes,W_Nabellen offertes,9263.614543566,9263.614543566,0.0,0.0,0.0012787723785166241,9.133957534353309,0.7816491079547114
Value 53,Value 23,1,"{""W_Nabellen offertes"": 1}","{""W_Nabellen offertes"": 1}",W_Nabellen offertes,W_Nabellen offertes,10463.16094183,10463.16094183,0.0,0.0,0.00392156862745098,9.255711454105269,0.7920683421591812
Value 14,Value 30,1,"{""W_Completeren aanvraag"": 1}","{""W_Completeren aanvraag"": 1}",W_Completeren aanvraag,W_Completeren aanvraag,1927.368545348,1927.368545348,0.0,0.0,0.0001967729240456513,7.564429611128991,0.6473349186797819
Value 54,Value 22,1,"{""W_Valideren aanvraag"": 1}","{""W_Valideren aanvraag"": 1}",W_Valideren aanvraag,W_Valideren aanvraag,7761.909618276,7761.909618276,0.0,0.0,0.06666666666666667,8.95711249370954,0.7665153865918165
Value 22,Value 54,1,"{""W_Valideren aanvraag"": 1}","{""W_Valideren aanvraag"": 1}",W_Valideren aanvraag,W_Valideren aanvraag,14769.478904529,14769.478904529,0.0,0.0,0.00022862368541380886,9.600385799138502,0.8215642527014428
Value 46,Value 15,1,"{""W_Completeren aanvraag"": 1}","{""W_Completeren aanvraag"": 1}",W_Completeren aanvraag,W_Completeren aanvraag,7.055971284,7.055971284,0.0,0.0,0.00042211903756859433,2.086413590861745,0.17854728533474995
Value 54,Value 5,1,"{""W_Nabellen incomplete dossiers"": 1}","{""W_Nabellen incomplete dossiers"": 1}",W_Nabellen incomplete dossiers,W_Nabellen incomplete dossiers,3152.132725003,3152.132725003,0.0,0.0,0.06666666666666667,8.05615175349037,0.6894146166083933
Value 18,Value 45,1,"{""W_Completeren aanvraag"": 1}","{""W_Completeren aanvraag"": 1}",W_Completeren aanvraag,W_Completeren aanvraag,5116.854649891,5116.854649891,0.0,0.0,0.00031210986267166043,8.540490616529622,0.7308624817663557
Value 37,Value 23,1,"{""W_Valideren aanvraag"": 1}","{""W_Nabellen incomplete dossiers"": 1}",W_Valideren aanvraag,W_Nabellen incomplete dossiers,65.741333806,65.741333806,0.0,0.0,0.002631578947368421,4.200824458229912,0.35949047037935716
Value 23,Value 30,1,"{""W_Completeren aanvraag"": 1}","{""W_Completeren aanvraag"": 1}",W_Completeren aanvraag,W_Completeren aanvraag,3759.417788872,3759.417788872,0.0,0.0,0.0007541478129713424,8.232285344272933,0.7044874548166123
Value 45,Value 37,1,"{""W_Completeren aanvraag"": 1}","{""W_Completeren aanvraag"": 1}",W_Completeren aanvraag,W_Completeren aanvraag,27192.895675284,27192.895675284,0.0,0.0,0.0011198208286674132,10.210747803394527,0.8737966956881563
Value 45,Value 1,1,"{""W_Completeren aanvraag"": 1}","{""A_CANCELLED"": 1}",W_Completeren aanvraag,A_CANCELLED,0.000178892,0.000178892,0.0,0.0,0.0011198208286674132,0.00017887600073423333,1.5307523150020755e-05
Value 10,Value 35,1,"{""W_Completeren aanvraag"": 1}","{""W_Completeren aanvraag"": 1}",W_Completeren aanvraag,W_Completeren aanvraag,82.600063503,82.600063503,0.0,0.0,0.0002828054298642534,4.42604427969563,0.3787639202372409
Value 30,Value 37,1,"{""W_Afhandelen leads"": 1}","{""W_Afhandelen leads"": 1}",W_Afhandelen leads,W_Afhandelen leads,4.581641836,4.581641836,0.0,0.0,0.0006798096532970768,1.7194829689566373,0.1471467678466093
Value 22,Value 48,1,"{""W_Valideren aanvraag"": 1}","{""W_Valideren aanvraag"": 1}",W_Valideren aanvraag,W_Valideren aanvraag,855.023552119,855.023552119,0.0,0.0,0.00022862368541380886,6.7522978899209445,0.5778357959789735
Value 30,Value 1,1,"{""W_Nabellen offertes"": 1}","{""O_CANCELLED"": 1}",W_Nabellen offertes,O_CANCELLED,15387.024372949,15387.024372949,0.0,0.0,0.0006798096532970768,9.64134484776416,0.8250693712330877
Value 5,Value 20,1,"{""W_Nabellen incomplete dossiers"": 1}","{""W_Nabellen incomplete dossiers"": 1}",W_Nabellen incomplete dossiers,W_Nabellen incomplete dossiers,12213.690117316,12213.690117316,0.0,0.0,0.00027100271002710027,9.41039461434147,0.8053055346641279
Value 9,Value 28,1,"{""W_Afhandelen leads"": 1}","{""W_Afhandelen leads"": 1}",W_Afhandelen leads,W_Afhandelen leads,927.218128363,927.218128363,0.0,0.0,0.0012787723785166241,6.833266757281082,0.584764801583184
Value 8,Value 25,1,"{""W_Valideren aanvraag"": 1}","{""W_Nabellen incomplete dossiers"": 1}",W_Valideren aanvraag,W_Nabellen incomplete dossiers,439.20752428,439.20752428,0.0,0.0,0.00035932446999640676,6.087246261813158,0.5209232244130182
Value 40,Value 6,1,"{""W_Valideren aanvraag"": 1}","{""W_Valideren aanvraag"": 1}",W_Valideren aanvraag,W_Valideren aanvraag,1985.184147824,1985.184147824,0.0,0.0,0.000499001996007984,7.593970563279418,0.649862920239858
Value 22,Value 1,1,"{""W_Valideren aanvraag"": 1}","{""A_APPROVED"": 1}",W_Valideren aanvraag,A_APPROVED,494.766799413,494.766799413,0.0,0.0,0.00022862368541380886,6.206105653690106,0.5310947560063313
Value 6,Value 21,1,"{""W_Valideren aanvraag"": 1}","{""W_Nabellen incomplete dossiers"": 1}",W_Valideren aanvraag,W_Nabellen incomplete dossiers,63.317575273,63.317575273,0.0,0.0,0.0003763643206624012,4.1638329262901035,0.35632487673236674
Value 53,Value 10,1,"{""W_Nabellen offertes"": 1}","{""W_Nabellen offertes"": 1}",W_Nabellen offertes,W_Nabellen offertes,4753.613133334,4753.613133334,0.0,0.0,0.00392156862745098,8.46687061169777,0.7245623636753739
Value 53,Value 5,1,"{""W_Nabellen offertes"": 1}","{""W_Nabellen offertes"": 1}",W_Nabellen offertes,W_Nabellen offertes,8641.434185283,8641.434185283,0.0,0.0,0.00392156862745098,9.064439556526171,0.7757000256263749
Value 58,Value 22,1,"{""W_Nabellen incomplete dossiers"": 1}","{""W_Valideren aanvraag"": 1}",W_Nabellen incomplete dossiers,W_Valideren aanvraag,653.178928864,653.178928864,0.0,0.0,0.0008873114463176575,6.483380905573028,0.5548229102567822
Value 40,Value 50,1,"{""W_Nabellen incomplete dossiers"": 1}","{""W_Nabellen incomplete dossiers"": 1}",W_Nabellen incomplete dossiers,W_Nabellen incomplete dossiers,1432.843455913,1432.843455913,0.0,0.0,0.000499001996007984,7.268113849170535,0.6219773504913344
Value 54,Value 14,1,"{""W_Nabellen incomplete dossiers"": 1}","{""W_Nabellen incomplete dossiers"": 1}",W_Nabellen incomplete dossiers,W_Nabellen incomplete dossiers,2450.382809156,2450.382809156,0.0,0.0,0.06666666666666667,7.804407556218692,0.6678713122422302
Value 4,Value 35,1,"{""W_Nabellen incomplete dossiers"": 1}","{""W_Nabellen incomplete dossiers"": 1}",W_Nabellen incomplete dossiers,W_Nabellen incomplete dossiers,3907.605579249,3907.605579249,0.0,0.0,0.00028694404591104734,8.27093596002396,0.7077950265028244
Value 25,Value 35,1,"{""W_Afhandelen leads"": 1}","{""W_Afhandelen leads"": 1}",W_Afhandelen leads,W_Afhandelen leads,39.204147174,39.204147174,0.0,0.0,0.0006293266205160479,3.6939701538363225,0.31611581997155835
Value 53,Value 33,1,"{""W_Afhandelen leads"": 1}","{""W_Completeren aanvraag"": 1}",W_Afhandelen leads,W_Completeren aanvraag,1228.911402015,1228.911402015,0.0,0.0,0.00392156862745098,7.114697414890001,0.6088485595428376
Value 14,Value 53,1,"{""W_Completeren aanvraag"": 1}","{""W_Completeren aanvraag"": 1}",W_Completeren aanvraag,W_Completeren aanvraag,1568.520181469,1568.520181469,0.0,0.0,0.0001967729240456513,7.358525234733266,0.6297144106438767
Value 54,Value 30,1,"{""W_Nabellen offertes"": 1}","{""W_Nabellen offertes"": 1}",W_Nabellen offertes,W_Nabellen offertes,115.39223483,115.39223483,0.0,0.0,0.06666666666666667,4.75696582198958,0.40708291858644624
Value 2,Value 54,1,"{""W_Nabellen offertes"": 1}","{""W_Nabellen offertes"": 1}",W_Nabellen offertes,W_Nabellen offertes,10732.421209663,10732.421209663,0.0,0.0,6.508721687060662e-05,9.281117630066557,0.7942425054068197
Value 11,Value 8,1,"{""W_Nabellen incomplete dossiers"": 1}","{""W_Valideren aanvraag"": 1}",W_Nabellen incomplete dossiers,W_Valideren aanvraag,4080.511235822,4080.511235822,0.0,0.0,0.00027800945232137893,8.31422259975348,0.7114993313677946
Value 16,Value 24,1,"{""W_Nabellen incomplete dossiers"": 1}","{""W_Nabellen incomplete dossiers"": 1}",W_Nabellen incomplete dossiers,W_Nabellen incomplete dossiers,295.878581395,295.878581395,0.0,0.0,0.00025799793601651185,5.693323238362456,0.48721280056607125
Value 6,Value 39,1,"{""W_Nabellen incomplete dossiers"": 1}","{""W_Nabellen incomplete dossiers"": 1}",W_Nabellen incomplete dossiers,W_Nabellen incomplete dossiers,1391.067522098,1391.067522098,0.0,0.0,0.0003763643206624012,7.238545346972236,0.6194469913036623
Value 37,Value 32,1,"{""W_Completeren aanvraag"": 1}","{""W_Completeren aanvraag"": 1}",W_Completeren aanvraag,W_Completeren aanvraag,4051.106281826,4051.106281826,0.0,0.0,0.002631578947368421,8.306992094497934,0.7108805724167263
Value 37,Value 58,1,"{""W_Completeren aanvraag"": 1}","{""W_Completeren aanvraag"": 1}",W_Completeren aanvraag,W_Completeren aanvraag,3023.538037828,3023.538037828,0.0,0.0,0.002631578947368421,8.014513644035251,0.6858513866513779
Value 44,Value 9,1,"{""W_Nabellen incomplete dossiers"": 1}","{""W_Nabellen incomplete dossiers"": 1}",W_Nabellen incomplete dossiers,W_Nabellen incomplete dossiers,44.233652509,44.233652509,0.0,0.0,0.0003843197540353574,3.8118413343526827,0.326202784220917
Value 9,Value 34,1,"{""W_Completeren aanvraag"": 1}","{""W_Nabellen offertes"": 1}",W_Completeren aanvraag,W_Nabellen offertes,17426.882512063,17426.882512063,0.0,0.0,0.0012787723785166241,9.765826645882443,0.835722046821933
Value 9,Value 23,1,"{""W_Nabellen incomplete dossiers"": 1}","{""W_Nabellen incomplete dossiers"": 1}",W_Nabellen incomplete dossiers,W_Nabellen incomplete dossiers,6.33258483,6.33258483,0.0,0.0,0.0012787723785166241,1.9923280908444847,0.17049580853694682
Value 52,Value 42,1,"{""W_Beoordelen fraude"": 1}","{""W_Beoordelen fraude"": 1}",W_Beoordelen fraude,W_Beoordelen fraude,33619.017789095,33619.017789095,0.0,0.0,0.5,10.422876936084863,0.8919498945304967
Value 52,Value 52,1,"{""W_Beoordelen fraude"": 1}","{""W_Beoordelen fraude"": 1}",W_Beoordelen fraude,W_Beoordelen fraude,0.557369925,0.557369925,0.0,0.0,0.5,0.4429984529430825,0.037910111172067516
Value 42,Value 52,1,"{""W_Beoordelen fraude"": 1}","{""W_Beoordelen fraude"": 1}",W_Beoordelen fraude,W_Beoordelen fraude,11300.947975578,11300.947975578,0.0,0.0,0.003105590062111801,9.332730377062754,0.7986593266474415
Value 10,Value 9,1,"{""W_Completeren aanvraag"": 1}","{""W_Nabellen offertes"": 1}",W_Completeren aanvraag,W_Nabellen offertes,36273.483672938,36273.483672938,0.0,0.0,0.0002828054298642534,10.498869843962266,0.8984530765772547
Value 9,Value 32,1,"{""W_Nabellen offertes"": 1}","{""W_Nabellen offertes"": 1}",W_Nabellen offertes,W_Nabellen offertes,7132.217070885,7132.217070885,0.0,0.0,0.0012787723785166241,8.872517613734946,0.7592760807136161
Value 41,Value 19,1,"{""W_Completeren aanvraag"": 1}","{""W_Completeren aanvraag"": 1}",W_Completeren aanvraag,W_Completeren aanvraag,26304.577249654,26304.577249654,0.0,0.0,0.0002840909090909091,10.177536258408221,0.8709545788494577
Value 39,Value 14,1,"{""W_Nabellen offertes"": 1}","{""W_Nabellen offertes"": 1}",W_Nabellen offertes,W_Nabellen offertes,8335.142251906,8335.142251906,0.0,0.0,0.001026694045174538,9.02835582861554,0.772612118371831
Value 27,Value 6,1,"{""W_Nabellen incomplete dossiers"": 1}","{""W_Nabellen incomplete dossiers"": 1}",W_Nabellen incomplete dossiers,W_Nabellen incomplete dossiers,10030.300843671,10030.300843671,0.0,0.0,0.0003790750568612585,9.213465567827532,0.7884531009891239
Value 45,Value 25,1,"{""W_Completeren aanvraag"": 1}","{""W_Nabellen offertes"": 1}",W_Completeren aanvraag,W_Nabellen offertes,11217.878462333,11217.878462333,0.0,0.0,0.0011198208286674132,9.325353215286624,0.7980280173929523
Value 50,Value 62,1,"{""W_Nabellen incomplete dossiers"": 1}","{""W_Nabellen incomplete dossiers"": 1}",W_Nabellen incomplete dossiers,W_Nabellen incomplete dossiers,1008.411201302,1008.411201302,0.0,0.0,0.004291845493562232,6.917122470834882,0.5919408524296778
Value 43,Value 62,1,"{""W_Nabellen incomplete dossiers"": 1}","{""W_Valideren aanvraag"": 1}",W_Nabellen incomplete dossiers,W_Valideren aanvraag,447.277161358,447.277161358,0.0,0.0,0.00028376844494892167,6.105411704867,0.5224777534663047
Value 19,Value 9,1,"{""W_Completeren aanvraag"": 1}","{""W_Nabellen offertes"": 1}",W_Completeren aanvraag,W_Nabellen offertes,23408.749006627,23408.749006627,0.0,0.0,0.0012642225031605564,10.060907838796851,0.8609739653192844
Value 46,Value 1,1,"{""W_Completeren aanvraag"": 1}","{""A_CANCELLED"": 1}",W_Completeren aanvraag,A_CANCELLED,3.8145e-05,3.8145e-05,0.0,0.0,0.00042211903756859433,3.814427249798782e-05,3.264240769622164e-06
Value 5,Value 40,1,"{""W_Nabellen incomplete dossiers"": 1}","{""W_Nabellen incomplete dossiers"": 1}",W_Nabellen incomplete dossiers,W_Nabellen incomplete dossiers,652.499458649,652.499458649,0.0,0.0,0.00027100271002710027,6.482341704676787,0.5547339794236273
Value 19,Value 18,1,"{""W_Completeren aanvraag"": 1}","{""W_Completeren aanvraag"": 1}",W_Completeren aanvraag,W_Completeren aanvraag,48293.254161467,48293.254161467,0.0,0.0,0.0012642225031605564,10.785067871103879,0.9229448077652165
Value 54,Value 8,1,"{""W_Valideren aanvraag"": 1}","{""W_Valideren aanvraag"": 1}",W_Valideren aanvraag,W_Valideren aanvraag,8931.126132314,8931.126132314,0.0,0.0,0.06666666666666667,9.097409734256894,0.7785214871796393
Value 33,Value 54,1,"{""W_Valideren aanvraag"": 1}","{""W_Valideren aanvraag"": 1}",W_Valideren aanvraag,W_Valideren aanvraag,11543.478449726,11543.478449726,0.0,0.0,0.00022487069934787497,9.353962545343816,0.8004762943018693
Value 39,Value 21,1,"{""W_Nabellen offertes"": 1}","{""W_Nabellen offertes"": 1}",W_Nabellen offertes,W_Nabellen offertes,8189.14374788,8189.14374788,0.0,0.0,0.001026694045174538,9.010686728326787,0.7711000644316718
Value 11,Value 6,1,"{""W_Valideren aanvraag"": 1}","{""W_Valideren aanvraag"": 1}",W_Valideren aanvraag,W_Valideren aanvraag,9312.846586229,9312.846586229,0.0,0.0,0.00027800945232137893,9.139257452097779,0.7821026546196282
Value 8,Value 48,1,"{""W_Valideren aanvraag"": 1}","{""W_Valideren aanvraag"": 1}",W_Valideren aanvraag,W_Valideren aanvraag,823.374447339,823.374447339,0.0,0.0,0.00035932446999640676,6.714624853071355,0.5746118817515781
Value 41,Value 54,1,"{""W_Nabellen incomplete dossiers"": 1}","{""W_Nabellen incomplete dossiers"": 1}",W_Nabellen incomplete dossiers,W_Nabellen incomplete dossiers,778.757107965,778.757107965,0.0,0.0,0.0002840909090909091,6.658982471143704,0.5698502197847204
Value 2,Value 48,1,"{""W_Completeren aanvraag"": 1}","{""A_CANCELLED"": 1}",W_Completeren aanvraag,A_CANCELLED,0.000181985,0.000181985,0.0,0.0,6.508721687060662e-05,0.0001819684427386392,1.557216249447296e-05
Value 21,Value 27,1,"{""W_Nabellen incomplete dossiers"": 1}","{""W_Nabellen incomplete dossiers"": 1}",W_Nabellen incomplete dossiers,W_Nabellen incomplete dossiers,0.997105084,0.997105084,0.0,0.0,0.0005042864346949068,0.6916986739806426,0.05919292370880346
Value 6,Value 19,1,"{""W_Valideren aanvraag"": 1}","{""W_Nabellen incomplete dossiers"": 1}",W_Valideren aanvraag,W_Nabellen incomplete dossiers,48.374949893,48.374949893,0.0,0.0,0.0003763643206624012,3.8994432083954544,0.333699417136404
Value 42,Value 13,1,"{""W_Beoordelen fraude"": 1}","{""W_Afhandelen leads"": 1}",W_Beoordelen fraude,W_Afhandelen leads,2.215154045,2.215154045,0.0,0.0,0.003105590062111801,1.167875271005174,0.09994229339803833
Value 33,Value 42,1,"{""W_Afhandelen leads"": 1}","{""W_Beoordelen fraude"": 1}",W_Afhandelen leads,W_Beoordelen fraude,80.114601191,80.114601191,0.0,0.0,0.00022487069934787497,4.395862984262715,0.3761811205511982
Value 27,Value 56,1,"{""W_Nabellen incomplete dossiers"": 1}","{""W_Nabellen incomplete dossiers"": 1}",W_Nabellen incomplete dossiers,W_Nabellen incomplete dossiers,1655.042826684,1655.042826684,0.0,0.0,0.0003790750568612585,7.412186196134956,0.6343065102298304
Value 22,Value 34,1,"{""W_Valideren aanvraag"": 1}","{""W_Nabellen incomplete dossiers"": 1}",W_Valideren aanvraag,W_Nabellen incomplete dossiers,58.500746268,58.500746268,0.0,0.0,0.00022862368541380886,4.085988854792258,0.3496632791918695
Value 22,Value 63,1,"{""W_Nabellen incomplete dossiers"": 1}","{""W_Wijzigen contractgegevens"": 1}",W_Nabellen incomplete dossiers,W_Wijzigen contractgegevens,14002.100406305,14002.100406305,0.0,0.0,0.00022862368541380886,9.547034041672497,0.8169986136042307
Value 45,Value 16,1,"{""W_Nabellen incomplete dossiers"": 1}","{""W_Nabellen incomplete dossiers"": 1}",W_Nabellen incomplete dossiers,W_Nabellen incomplete dossiers,38.786212808,38.786212808,0.0,0.0,0.0011198208286674132,3.6835204404166473,0.3152215735135306
Value 62,Value 30,1,"{""W_Nabellen incomplete dossiers"": 1}","{""W_Nabellen incomplete dossiers"": 1}",W_Nabellen incomplete dossiers,W_Nabellen incomplete dossiers,2193.853555818,2193.853555818,0.0,0.0,0.00211864406779661,7.693870606116384,0.6584119833457969
Value 46,Value 34,1,"{""W_Nabellen incomplete dossiers"": 1}","{""W_Nabellen incomplete dossiers"": 1}",W_Nabellen incomplete dossiers,W_Nabellen incomplete dossiers,766.018636719,766.018636719,0.0,0.0,0.00042211903756859433,6.642511099271538,0.5684406628558376
Value 31,Value 56,1,"{""W_Nabellen incomplete dossiers"": 1}","{""W_Nabellen incomplete dossiers"": 1}",W_Nabellen incomplete dossiers,W_Nabellen incomplete dossiers,1218.672286589,1218.672286589,0.0,0.0,0.00043233895373973193,7.106337484093146,0.6081331486789981
Value 58,Value 33,1,"{""W_Completeren aanvraag"": 1}","{""W_Completeren aanvraag"": 1}",W_Completeren aanvraag,W_Completeren aanvraag,1008.312036549,1008.312036549,0.0,0.0,0.0008873114463176575,6.917024225814247,0.591932444997034
Value 56,Value 16,1,"{""W_Valideren aanvraag"": 1}","{""W_Valideren aanvraag"": 1}",W_Valideren aanvraag,W_Valideren aanvraag,28.499039334,28.499039334,0.0,0.0,0.003424657534246575,3.3843576978663723,0.2896203716283432
Value 46,Value 56,1,"{""W_Valideren aanvraag"": 1}","{""W_Nabellen incomplete dossiers"": 1}",W_Valideren aanvraag,W_Nabellen incomplete dossiers,0.48517767,0.48517767,0.0,0.0,0.00042211903756859433,0.39553440819564145,0.03384831998273651
Value 30,Value 45,1,"{""W_Afhandelen leads"": 1}","{""W_Completeren aanvraag"": 1}",W_Afhandelen leads,W_Completeren aanvraag,151.966417188,151.966417188,0.0,0.0,0.0006798096532970768,5.030218401796504,0.4304668279651675
Value 39,Value 33,1,"{""W_Nabellen incomplete dossiers"": 1}","{""W_Valideren aanvraag"": 1}",W_Nabellen incomplete dossiers,W_Valideren aanvraag,144.362921103,144.362921103,0.0,0.0,0.001026694045174538,4.979233519531295,0.42610373698386067
Value 35,Value 24,1,"{""W_Completeren aanvraag"": 1}","{""W_Completeren aanvraag"": 1}",W_Completeren aanvraag,W_Completeren aanvraag,5786.301810649,5786.301810649,0.0,0.0,0.0036363636363636364,8.663421453427835,0.7413824320332821
Value 20,Value 35,1,"{""W_Completeren aanvraag"": 1}","{""W_Completeren aanvraag"": 1}",W_Completeren aanvraag,W_Completeren aanvraag,2222.073837415,2222.073837415,0.0,0.0,0.00021800741225201656,7.706646128624009,0.6595052636390523
Value 46,Value 28,1,"{""W_Nabellen incomplete dossiers"": 1}","{""W_Nabellen incomplete dossiers"": 1}",W_Nabellen incomplete dossiers,W_Nabellen incomplete dossiers,1188.620362679,1188.620362679,0.0,0.0,0.00042211903756859433,7.081389512248102,0.605998196784968
Value 56,Value 33,1,"{""W_Nabellen offertes"": 1}","{""W_Nabellen offertes"": 1}",W_Nabellen offertes,W_Nabellen offertes,88.868615944,88.868615944,0.0,0.0,0.003424657534246575,4.498348780906314,0.3849514625659499
Value 18,Value 58,1,"{""W_Nabellen incomplete dossiers"": 1}","{""W_Nabellen incomplete dossiers"": 1}",W_Nabellen incomplete dossiers,W_Nabellen incomplete dossiers,501.716269098,501.716269098,0.0,0.0,0.00031210986267166043,6.220025933608304,0.5322860002550173
Value 54,Value 46,1,"{""W_Nabellen incomplete dossiers"": 1}","{""W_Nabellen incomplete dossiers"": 1}",W_Nabellen incomplete dossiers,W_Nabellen incomplete dossiers,180.647098266,180.647098266,0.0,0.0,0.06666666666666667,5.202065784226381,0.4451728688762911
Value 23,Value 54,1,"{""W_Nabellen incomplete dossiers"": 1}","{""W_Nabellen incomplete dossiers"": 1}",W_Nabellen incomplete dossiers,W_Nabellen incomplete dossiers,463.581767168,463.581767168,0.0,0.0,0.0007541478129713424,6.141137575416431,0.5255350366582662
Value 22,Value 19,1,"{""W_Valideren aanvraag"": 1}","{""W_Wijzigen contractgegevens"": 1}",W_Valideren aanvraag,W_Wijzigen contractgegevens,72.741164745,72.741164745,0.0,0.0,0.00022862368541380886,4.300561187975531,0.36802555777633433
Value 50,Value 14,1,"{""W_Completeren aanvraag"": 1}","{""W_Nabellen offertes"": 1}",W_Completeren aanvraag,W_Nabellen offertes,29544.316558192,29544.316558192,0.0,0.0,0.004291845493562232,10.29368051816448,0.8808937598332861
Value 53,Value 41,1,"{""W_Completeren aanvraag"": 1}","{""W_Nabellen offertes"": 1}",W_Completeren aanvraag,W_Nabellen offertes,26703.331254939,26703.331254939,0.0,0.0,0.00392156862745098,10.19258105051832,0.8722420545452877
Value 21,Value 56,1,"{""W_Nabellen offertes"": 1}","{""W_Valideren aanvraag"": 1}",W_Nabellen offertes,W_Valideren aanvraag,1147.023753307,1147.023753307,0.0,0.0,0.0005042864346949068,7.045797267699427,0.6029523487944402
Value 58,Value 8,1,"{""W_Nabellen incomplete dossiers"": 1}","{""W_Nabellen incomplete dossiers"": 1}",W_Nabellen incomplete dossiers,W_Nabellen incomplete dossiers,1172.574057168,1172.574057168,0.0,0.0,0.0008873114463176575,7.067809121240205,0.6048360389276455
Value 32,Value 39,1,"{""W_Nabellen offertes"": 1}","{""W_Nabellen offertes"": 1}",W_Nabellen offertes,W_Nabellen offertes,5173.325349837,5173.325349837,0.0,0.0,0.0005945303210463733,8.551464242453774,0.7318015626502312
Value 21,Value 58,1,"{""W_Nabellen incomplete dossiers"": 1}","{""W_Nabellen incomplete dossiers"": 1}",W_Nabellen incomplete dossiers,W_Nabellen incomplete dossiers,19.119136424,19.119136424,0.0,0.0,0.0005042864346949068,3.0016714230380286,0.25687154569817483
Value 31,Value 22,1,"{""W_Nabellen incomplete dossiers"": 1}","{""W_Valideren aanvraag"": 1}",W_Nabellen incomplete dossiers,W_Valideren aanvraag,2661.953314764,2661.953314764,0.0,0.0,0.00043233895373973193,7.887191054591542,0.6749556070195093
Value 45,Value 24,1,"{""W_Completeren aanvraag"": 1}","{""W_Nabellen offertes"": 1}",W_Completeren aanvraag,W_Nabellen offertes,4766.636448999,4766.636448999,0.0,0.0,0.0011198208286674132,8.469605957725525,0.7247964441136178
Value 37,Value 44,1,"{""W_Completeren aanvraag"": 1}","{""W_Completeren aanvraag"": 1}",W_Completeren aanvraag,W_Completeren aanvraag,156.910213912,156.910213912,0.0,0.0,0.002631578947368421,5.062026605122685,0.4331888521985889
Value 10,Value 37,1,"{""W_Completeren aanvraag"": 1}","{""W_Completeren aanvraag"": 1}",W_Completeren aanvraag,W_Completeren aanvraag,951.314784433,951.314784433,0.0,0.0,0.0002828054298642534,6.858895636053762,0.586958022884597
Value 45,Value 18,1,"{""W_Nabellen offertes"": 1}","{""W_Nabellen offertes"": 1}",W_Nabellen offertes,W_Nabellen offertes,4770.901754603,4770.901754603,0.0,0.0,0.0011198208286674132,8.470500195118824,0.7248729695253183
Value 23,Value 6,1,"{""W_Nabellen incomplete dossiers"": 1}","{""W_Nabellen incomplete dossiers"": 1}",W_Nabellen incomplete dossiers,W_Nabellen incomplete dossiers,1090.4649875,1090.4649875,0.0,0.0,0.0007541478129713424,6.995276098059108,0.5986289405638171
Value 22,Value 56,1,"{""W_Valideren aanvraag"": 1}","{""W_Nabellen incomplete dossiers"": 1}",W_Valideren aanvraag,W_Nabellen incomplete dossiers,12.432385881,12.432385881,0.0,0.0,0.00022862368541380886,2.5976686478468016,0.22229853529696011
Value 21,Value 4,1,"{""W_Nabellen incomplete dossiers"": 1}","{""W_Nabellen incomplete dossiers"": 1}",W_Nabellen incomplete dossiers,W_Nabellen incomplete dossiers,0.72713662,0.72713662,0.0,0.0,0.0005042864346949068,0.5464649043159013,0.04676437386319895
Value 11,Value 37,1,"{""W_Completeren aanvraag"": 1}","{""W_Completeren aanvraag"": 1}",W_Completeren aanvraag,W_Completeren aanvraag,1.569404307,1.569404307,0.0,0.0,0.00027800945232137893,0.9436740848808001,0.08075601445187583
Value 19,Value 6,1,"{""W_Nabellen incomplete dossiers"": 1}","{""W_Valideren aanvraag"": 1}",W_Nabellen incomplete dossiers,W_Valideren aanvraag,10.460577436,10.460577436,0.0,0.0,0.0012642225031605564,2.4389130971027217,0.2087128432072766
Value 28,Value 45,1,"{""W_Completeren aanvraag"": 1}","{""W_Completeren aanvraag"": 1}",W_Completeren aanvraag,W_Completeren aanvraag,5.411505759,5.411505759,0.0,0.0,0.0004177109440267335,1.8580941511463733,0.1590085820168266
Value 42,Value 33,1,"{""W_Beoordelen fraude"": 1}","{""W_Afhandelen leads"": 1}",W_Beoordelen fraude,W_Afhandelen leads,105.461197992,105.461197992,0.0,0.0,0.003105590062111801,4.667780580658941,0.39945078716185506
Value 35,Value 25,1,"{""W_Completeren aanvraag"": 1}","{""W_Completeren aanvraag"": 1}",W_Completeren aanvraag,W_Completeren aanvraag,319.96930659,319.96930659,0.0,0.0,0.0036363636363636364,5.771345500458626,0.4938896469756049
Value 48,Value 15,1,"{""W_Nabellen offertes"": 1}","{""W_Nabellen offertes"": 1}",W_Nabellen offertes,W_Nabellen offertes,11864.956647254,11864.956647254,0.0,0.0,0.015625,9.381428793285368,0.8028267506206808
Value 60,Value 33,1,"{""W_Afhandelen leads"": 1}","{""W_Afhandelen leads"": 1}",W_Afhandelen leads,W_Afhandelen leads,211.586955754,211.586955754,0.0,0.0,0.16666666666666666,5.359351108211768,0.4586327445900936
Value 33,Value 60,1,"{""W_Afhandelen leads"": 1}","{""W_Afhandelen leads"": 1}",W_Afhandelen leads,W_Afhandelen leads,75.135225836,75.135225836,0.0,0.0,0.00022487069934787497,4.332511046545602,0.3707597043230692
Value 8,Value 12,1,"{""W_Nabellen incomplete dossiers"": 1}","{""W_Nabellen incomplete dossiers"": 1}",W_Nabellen incomplete dossiers,W_Nabellen incomplete dossiers,267.943589211,267.943589211,0.0,0.0,0.00035932446999640676,5.594501652075243,0.47875602764178826
Value 46,Value 24,1,"{""W_Nabellen incomplete dossiers"": 1}","{""W_Nabellen incomplete dossiers"": 1}",W_Nabellen incomplete dossiers,W_Nabellen incomplete dossiers,936.867811412,936.867811412,0.0,0.0,0.00042211903756859433,6.8436090130752225,0.5856498522291198
Value 37,Value 16,1,"{""W_Valideren aanvraag"": 1}","{""W_Valideren aanvraag"": 1}",W_Valideren aanvraag,W_Valideren aanvraag,405.386011085,405.386011085,0.0,0.0,0.002631578947368421,6.0073034741290225,0.5140820267781814
Value 16,Value 37,1,"{""W_Valideren aanvraag"": 1}","{""W_Valideren aanvraag"": 1}",W_Valideren aanvraag,W_Valideren aanvraag,254.156148247,254.156148247,0.0,0.0,0.00025799793601651185,5.541875703817742,0.4742525005172056
Value 28,Value 37,1,"{""W_Afhandelen leads"": 1}","{""W_Afhandelen leads"": 1}",W_Afhandelen leads,W_Afhandelen leads,5.055355645,5.055355645,0.0,0.0,0.0004177109440267335,1.8009431110357526,0.15411781485996862
Value 4,Value 64,1,"{""W_Nabellen offertes"": 1}","{""W_Nabellen offertes"": 1}",W_Nabellen offertes,W_Nabellen offertes,2891.775695947,2891.775695947,0.0,0.0,0.00028694404591104734,7.96997176859557,0.6820396635211673
Value 9,Value 56,1,"{""W_Nabellen offertes"": 1}","{""W_Nabellen offertes"": 1}",W_Nabellen offertes,W_Nabellen offertes,5893.314752546,5893.314752546,0.0,0.0,0.0012787723785166241,8.681743564068265,0.7429503680986815
Value 19,Value 56,1,"{""W_Completeren aanvraag"": 1}","{""W_Nabellen offertes"": 1}",W_Completeren aanvraag,W_Nabellen offertes,12367.3758855,12367.3758855,0.0,0.0,0.0012642225031605564,9.42289816214255,0.8063755404035048
Value 21,Value 39,1,"{""W_Nabellen offertes"": 1}","{""W_Nabellen offertes"": 1}",W_Nabellen offertes,W_Nabellen offertes,1810.994823184,1810.994823184,0.0,0.0,0.0005042864346949068,7.502183629636371,0.642008145950165
Value 21,Value 34,1,"{""W_Valideren aanvraag"": 1}","{""W_Nabellen incomplete dossiers"": 1}",W_Valideren aanvraag,W_Nabellen incomplete dossiers,0.515381374,0.515381374,0.0,0.0,0.0005042864346949068,0.4156671392953468,0.03557120201339957
Value 26,Value 40,1,"{""W_Valideren aanvraag"": 1}","{""W_Nabellen incomplete dossiers"": 1}",W_Valideren aanvraag,W_Nabellen incomplete dossiers,77.921086441,77.921086441,0.0,0.0,0.00028951939779965256,4.368448447417997,0.3738350894700297
Value 21,Value 30,1,"{""W_Completeren aanvraag"": 1}","{""W_Completeren aanvraag"": 1}",W_Completeren aanvraag,W_Completeren aanvraag,253.93711547,253.93711547,0.0,0.0,0.0005042864346949068,5.541016908746166,0.47417900812367425
Value 21,Value 1,1,"{""W_Completeren aanvraag"": 1}","{""A_CANCELLED"": 1}",W_Completeren aanvraag,A_CANCELLED,1971.861479401,1971.861479401,0.0,0.0,0.0005042864346949068,7.5872402954489395,0.6492869696920036
Value 22,Value 13,1,"{""W_Nabellen offertes"": 1}","{""W_Nabellen offertes"": 1}",W_Nabellen offertes,W_Nabellen offertes,1798.354270085,1798.354270085,0.0,0.0,0.00022862368541380886,7.4951831406804175,0.6414090709131849
Value 19,Value 22,1,"{""W_Completeren aanvraag"": 1}","{""W_Completeren aanvraag"": 1}",W_Completeren aanvraag,W_Completeren aanvraag,5872.621872193,5872.621872193,0.0,0.0,0.0012642225031605564,8.678226736549481,0.7426494114670628
Value 19,Value 25,1,"{""W_Completeren aanvraag"": 1}","{""W_Completeren aanvraag"": 1}",W_Completeren aanvraag,W_Completeren aanvraag,7450.660100065,7450.660100065,0.0,0.0,0.0012642225031605564,8.916192118773683,0.7630135776064467
Value 21,Value 15,1,"{""W_Nabellen offertes"": 1}","{""W_Nabellen offertes"": 1}",W_Nabellen offertes,W_Nabellen offertes,6886.316501164,6886.316501164,0.0,0.0,0.0005042864346949068,8.83743681080702,0.7562739999384629
Value 55,Value 53,1,"{""W_Completeren aanvraag"": 1}","{""W_Completeren aanvraag"": 1}",W_Completeren aanvraag,W_Completeren aanvraag,456.993814446,456.993814446,0.0,0.0,0.0005773672055427252,6.126855678446565,0.5243128466070851
Value 16,Value 42,1,"{""W_Valideren aanvraag"": 1}","{""W_Beoordelen fraude"": 1}",W_Valideren aanvraag,W_Beoordelen fraude,103.090453246,103.090453246,0.0,0.0,0.00025799793601651185,4.64526026388431,0.39752358469222
Value 61,Value 61,1,"{""W_Valideren aanvraag"": 1}","{""W_Valideren aanvraag"": 1}",W_Valideren aanvraag,W_Valideren aanvraag,0.102455764,0.102455764,0.0,0.0,0.5,0.09754020417789157,0.008347117150328131
Value 6,Value 61,1,"{""W_Valideren aanvraag"": 1}","{""W_Valideren aanvraag"": 1}",W_Valideren aanvraag,W_Valideren aanvraag,11.137902451,11.137902451,0.0,0.0,0.0003763643206624012,2.4963329907196457,0.21362661781764877
Value 60,Value 4,1,"{""W_Nabellen offertes"": 1}","{""W_Nabellen offertes"": 1}",W_Nabellen offertes,W_Nabellen offertes,2499.443626829,2499.443626829,0.0,0.0,0.16666666666666666,7.824223445845373,0.6695670801929535
Value 12,Value 60,1,"{""W_Completeren aanvraag"": 1}","{""W_Nabellen offertes"": 1}",W_Completeren aanvraag,W_Nabellen offertes,16257.662061382,16257.662061382,0.0,0.0,0.00023142791020597085,9.696381095668436,0.8297791625713717
Value 58,Value 23,1,"{""W_Nabellen incomplete dossiers"": 1}","{""W_Nabellen incomplete dossiers"": 1}",W_Nabellen incomplete dossiers,W_Nabellen incomplete dossiers,163.993278317,163.993278317,0.0,0.0,0.0008873114463176575,5.10590473559806,0.43694377457651795
Value 22,Value 58,1,"{""W_Valideren aanvraag"": 1}","{""W_Nabellen incomplete dossiers"": 1}",W_Valideren aanvraag,W_Nabellen incomplete dossiers,15.615459997,15.615459997,0.0,0.0,0.00022862368541380886,2.8103335870688184,0.24049758641044897
Value 14,Value 6,1,"{""W_Valideren aanvraag"": 1}","{""W_Valideren aanvraag"": 1}",W_Valideren aanvraag,W_Valideren aanvraag,1067.910058343,1067.910058343,0.0,0.0,0.0001967729240456513,6.974394771230013,0.5968419965773265
Value 19,Value 39,1,"{""W_Completeren aanvraag"": 1}","{""W_Nabellen offertes"": 1}",W_Completeren aanvraag,W_Nabellen offertes,30380.730093533,30380.730093533,0.0,0.0,0.0012642225031605564,10.32159672296582,0.8832827217370808
Value 61,Value 8,1,"{""W_Valideren aanvraag"": 1}","{""W_Valideren aanvraag"": 1}",W_Valideren aanvraag,W_Valideren aanvraag,2370.454671079,2370.454671079,0.0,0.0,0.5,7.771258831105444,0.6650345712877036
Value 42,Value 28,1,"{""W_Beoordelen fraude"": 1}","{""W_Afhandelen leads"": 1}",W_Beoordelen fraude,W_Afhandelen leads,4.19924386,4.19924386,0.0,0.0,0.003105590062111801,1.6485132034756373,0.14107344709037192
Value 21,Value 12,1,"{""W_Nabellen offertes"": 1}","{""W_Valideren aanvraag"": 1}",W_Nabellen offertes,W_Valideren aanvraag,1.382651649,1.382651649,0.0,0.0,0.0005042864346949068,0.8682140057272837,0.07429842984687865
Value 48,Value 14,1,"{""W_Completeren aanvraag"": 1}","{""W_Completeren aanvraag"": 1}",W_Completeren aanvraag,W_Completeren aanvraag,0.375887554,0.375887554,0.0,0.0,0.015625,0.3190990166951894,0.027307271881977253
Value 14,Value 48,1,"{""W_Completeren aanvraag"": 1}","{""W_Completeren aanvraag"": 1}",W_Completeren aanvraag,W_Completeren aanvraag,0.473002848,0.473002848,0.0,0.0,0.0001967729240456513,0.38730307094773475,0.033143913662376255
Value 20,Value 64,1,"{""W_Nabellen offertes"": 1}","{""W_Nabellen offertes"": 1}",W_Nabellen offertes,W_Nabellen offertes,16564.512945148,16564.512945148,0.0,0.0,0.00021800741225201656,9.715078279853605,0.8313791959944128
Value 56,Value 32,1,"{""W_Nabellen offertes"": 1}","{""W_Nabellen offertes"": 1}",W_Nabellen offertes,W_Nabellen offertes,2822.847239961,2822.847239961,0.0,0.0,0.003424657534246575,7.9458555036517975,0.679975885918786
Value 32,Value 56,1,"{""W_Nabellen offertes"": 1}","{""W_Nabellen offertes"": 1}",W_Nabellen offertes,W_Nabellen offertes,7168.761840782,7168.761840782,0.0,0.0,0.0005945303210463733,8.877627716972544,0.7597133837799159
Value 21,Value 43,1,"{""W_Nabellen incomplete dossiers"": 1}","{""W_Valideren aanvraag"": 1}",W_Nabellen incomplete dossiers,W_Valideren aanvraag,626.294928554,626.294928554,0.0,0.0,0.0005042864346949068,6.441416810507607,0.5512317836995757
Value 9,Value 26,1,"{""W_Nabellen incomplete dossiers"": 1}","{""W_Nabellen incomplete dossiers"": 1}",W_Nabellen incomplete dossiers,W_Nabellen incomplete dossiers,11.445709735,11.445709735,0.0,0.0,0.0012787723785166241,2.5213759639242377,0.2157696995642281
Value 1,Value 5,1,"{""W_Completeren aanvraag"": 1}","{""W_Completeren aanvraag"": 1}",W_Completeren aanvraag,W_Completeren aanvraag,8141.883693788,8141.883693788,0.0,0.0,4.013807497792406e-05,9.00489965839669,0.7706048291482233
Value 42,Value 31,1,"{""W_Completeren aanvraag"": 1}","{""W_Completeren aanvraag"": 1}",W_Completeren aanvraag,W_Completeren aanvraag,76.308305783,76.308305783,0.0,0.0,0.003105590062111801,4.3478013985016455,0.3720681940901613
Value 57,Value 1,1,"{""W_Completeren aanvraag"": 1}","{""A_CANCELLED"": 1}",W_Completeren aanvraag,A_CANCELLED,0.000247718,0.000247718,0.0,0.0,0.2,0.0002476873229623031,2.1196132598275985e-05
Value 12,Value 57,1,"{""W_Completeren aanvraag"": 1}","{""W_Completeren aanvraag"": 1}",W_Completeren aanvraag,W_Completeren aanvraag,38020.706448917,38020.706448917,0.0,0.0,0.00023142791020597085,10.545912497963066,0.9024788067601738
Value 13,Value 50,1,"{""W_Nabellen offertes"": 1}","{""W_Nabellen offertes"": 1}",W_Nabellen offertes,W_Nabellen offertes,25836.139856175,25836.139856175,0.0,0.0,0.000346860908775581,10.159568265089781,0.8694169467884073
Value 39,Value 10,1,"{""W_Completeren aanvraag"": 1}","{""W_Completeren aanvraag"": 1}",W_Completeren aanvraag,W_Completeren aanvraag,742.54241744,742.54241744,0.0,0.0,0.001026694045174538,6.611425815301779,0.565780503292571
Value 24,Value 30,1,"{""W_Completeren aanvraag"": 1}","{""W_Completeren aanvraag"": 1}",W_Completeren aanvraag,W_Completeren aanvraag,3791.984553443,3791.984553443,0.0,0.0,0.0003795066413662239,8.240908469295423,0.7052253888343982
Value 9,Value 27,1,"{""W_Nabellen offertes"": 1}","{""W_Nabellen offertes"": 1}",W_Nabellen offertes,W_Nabellen offertes,8891.23086207,8891.23086207,0.0,0.0,0.0012787723785166241,9.092933237642919,0.778138405741838
Value 11,Value 26,1,"{""W_Nabellen incomplete dossiers"": 1}","{""W_Valideren aanvraag"": 1}",W_Nabellen incomplete dossiers,W_Valideren aanvraag,1272.8336436,1272.8336436,0.0,0.0,0.00027800945232137893,7.1497862495840785,0.611851327645781
Value 42,Value 16,1,"{""W_Valideren aanvraag"": 1}","{""W_Valideren aanvraag"": 1}",W_Valideren aanvraag,W_Valideren aanvraag,3.706874842,3.706874842,0.0,0.0,0.003105590062111801,1.549024172305559,0.13255955678894565
Value 9,Value 30,1,"{""W_Nabellen incomplete dossiers"": 1}","{""W_Nabellen incomplete dossiers"": 1}",W_Nabellen incomplete dossiers,W_Nabellen incomplete dossiers,16254.826966368,16254.826966368,0.0,0.0,0.0012787723785166241,9.696206706028251,0.8297642389737774
Value 5,Value 9,1,"{""W_Nabellen offertes"": 1}","{""W_Valideren aanvraag"": 1}",W_Nabellen offertes,W_Valideren aanvraag,23823.321520668,23823.321520668,0.0,0.0,0.00027100271002710027,10.078462250495418,0.8624762046490873
Value 9,Value 25,1,"{""W_Nabellen incomplete dossiers"": 1}","{""W_Nabellen incomplete dossiers"": 1}",W_Nabellen incomplete dossiers,W_Nabellen incomplete dossiers,9184.997815241,9184.997815241,0.0,0.0,0.0012787723785166241,9.125435627049983,0.7809198357617255
Value 41,Value 42,1,"{""W_Afhandelen leads"": 1}","{""W_Beoordelen fraude"": 1}",W_Afhandelen leads,W_Beoordelen fraude,7613.801614161,7613.801614161,0.0,0.0,0.0002840909090909091,8.93784921300842,0.7648669087967666
Value 13,Value 22,1,"{""W_Nabellen offertes"": 1}","{""W_Nabellen offertes"": 1}",W_Nabellen offertes,W_Nabellen offertes,2843.806560987,2843.806560987,0.0,0.0,0.000346860908775581,7.95325035162563,0.6806087086903466
Value 55,Value 30,1,"{""W_Completeren aanvraag"": 1}","{""W_Completeren aanvraag"": 1}",W_Completeren aanvraag,W_Completeren aanvraag,21.151410025,21.151410025,0.0,0.0,0.0005773672055427252,3.0979011524786033,0.2651065174388524
Value 39,Value 55,1,"{""W_Nabellen offertes"": 1}","{""W_Valideren aanvraag"": 1}",W_Nabellen offertes,W_Valideren aanvraag,155.70828148,155.70828148,0.0,0.0,0.001026694045174538,5.054385997231615,0.43253499823443103
Value 31,Value 6,1,"{""W_Nabellen incomplete dossiers"": 1}","{""W_Nabellen incomplete dossiers"": 1}",W_Nabellen incomplete dossiers,W_Nabellen incomplete dossiers,12.421621244,12.421621244,0.0,0.0,0.00043233895373973193,2.5968669322945215,0.22222992755010818
Value 64,Value 66,1,"{""W_Nabellen offertes"": 1}","{""W_Nabellen offertes"": 1}",W_Nabellen offertes,W_Nabellen offertes,5183.522026396,5183.522026396,0.0,0.0,0.045454545454545456,8.553432932498518,0.7319700356053032
Value 56,Value 13,1,"{""W_Afhandelen leads"": 1}","{""W_Completeren aanvraag"": 1}",W_Afhandelen leads,W_Completeren aanvraag,299.640107373,299.640107373,0.0,0.0,0.003424657534246575,5.705913892813175,0.48829026055895564
Value 34,Value 16,1,"{""W_Nabellen incomplete dossiers"": 1}","{""W_Valideren aanvraag"": 1}",W_Nabellen incomplete dossiers,W_Valideren aanvraag,0.264927689,0.264927689,0.0,0.0,0.00039308176100628933,0.235014957699776,0.020111680107022765
Value 53,Value 12,1,"{""W_Nabellen offertes"": 1}","{""W_Nabellen offertes"": 1}",W_Nabellen offertes,W_Nabellen offertes,1148.441708108,1148.441708108,0.0,0.0,0.00392156862745098,7.04703163226756,0.6030579809872703
Value 20,Value 53,1,"{""W_Nabellen offertes"": 1}","{""W_Nabellen offertes"": 1}",W_Nabellen offertes,W_Nabellen offertes,2733.707666385,2733.707666385,0.0,0.0,0.00021800741225201656,7.91377982299527,0.6772309719997188
Value 62,Value 11,1,"{""W_Nabellen incomplete dossiers"": 1}","{""W_Nabellen incomplete dossiers"": 1}",W_Nabellen incomplete dossiers,W_Nabellen incomplete dossiers,0.12287719,0.12287719,0.0,0.0,0.00211864406779661,0.11589431091599409,0.00991779131923964
Value 8,Value 11,1,"{""W_Valideren aanvraag"": 1}","{""W_Nabellen incomplete dossiers"": 1}",W_Valideren aanvraag,W_Nabellen incomplete dossiers,146.965612058,146.965612058,0.0,0.0,0.00035932446999640676,4.996979895806989,0.42762240390705947
Value 16,Value 62,1,"{""W_Valideren aanvraag"": 1}","{""W_Valideren aanvraag"": 1}",W_Valideren aanvraag,W_Valideren aanvraag,38.620461433,38.620461433,0.0,0.0,0.00025799793601651185,3.6793456876690165,0.3148643141603045
Value 20,Value 62,1,"{""W_Nabellen incomplete dossiers"": 1}","{""W_Valideren aanvraag"": 1}",W_Nabellen incomplete dossiers,W_Valideren aanvraag,454.741983679,454.741983679,0.0,0.0,0.00021800741225201656,6.12192682410951,0.523891054127614
Value 62,Value 12,1,"{""W_Valideren aanvraag"": 1}","{""W_Nabellen incomplete dossiers"": 1}",W_Valideren aanvraag,W_Nabellen incomplete dossiers,6.174121458,6.174121458,0.0,0.0,0.00211864406779661,1.97048030927065,0.16862615905437056
Value 27,Value 19,1,"{""W_Completeren aanvraag"": 1}","{""W_Completeren aanvraag"": 1}",W_Completeren aanvraag,W_Completeren aanvraag,5600.088189058,5600.088189058,0.0,0.0,0.0003790750568612585,8.6307161773203,0.7385836397465083
Value 62,Value 5,1,"{""W_Valideren aanvraag"": 1}","{""W_Valideren aanvraag"": 1}",W_Valideren aanvraag,W_Valideren aanvraag,2345.835668213,2345.835668213,0.0,0.0,0.00211864406779661,7.760823175595232,0.664141527851734
Value 62,Value 24,1,"{""W_Valideren aanvraag"": 1}","{""W_Valideren aanvraag"": 1}",W_Valideren aanvraag,W_Valideren aanvraag,2.819933421,2.819933421,0.0,0.0,0.00211864406779661,1.3402329934090045,0.11469200724982255
Value 45,Value 62,1,"{""W_Nabellen incomplete dossiers"": 1}","{""W_Nabellen incomplete dossiers"": 1}",W_Nabellen incomplete dossiers,W_Nabellen incomplete dossiers,18.42235094,18.42235094,0.0,0.0,0.0011198208286674132,2.9664245132087927,0.2538552501305019
Value 64,Value 46,1,"{""W_Nabellen offertes"": 1}","{""W_Nabellen offertes"": 1}",W_Nabellen offertes,W_Nabellen offertes,1079.097414555,1079.097414555,0.0,0.0,0.045454545454545456,6.9848065147126475,0.5977329937135455
Value 14,Value 64,1,"{""W_Nabellen offertes"": 1}","{""W_Nabellen offertes"": 1}",W_Nabellen offertes,W_Nabellen offertes,4181.906550782,4181.906550782,0.0,0.0,0.0001967729240456513,8.338761630954068,0.7135992876874809
Value 37,Value 62,1,"{""W_Valideren aanvraag"": 1}","{""W_Valideren aanvraag"": 1}",W_Valideren aanvraag,W_Valideren aanvraag,528.624070595,528.624070595,0.0,0.0,0.002631578947368421,6.272167454109215,0.5367480719072723
Value 66,Value 66,1,"{""W_Nabellen offertes"": 1}","{""W_Nabellen offertes"": 1}",W_Nabellen offertes,W_Nabellen offertes,0.115691458,0.115691458,0.0,0.0,0.5,0.1094743544077116,0.009368396026023802
Value 37,Value 27,1,"{""W_Completeren aanvraag"": 1}","{""W_Completeren aanvraag"": 1}",W_Completeren aanvraag,W_Completeren aanvraag,1805.459085501,1805.459085501,0.0,0.0,0.002631578947368421,7.49912390184021,0.6417463061623776
Value 32,Value 22,1,"{""W_Valideren aanvraag"": 1}","{""W_Valideren aanvraag"": 1}",W_Valideren aanvraag,W_Valideren aanvraag,511.275459438,511.275459438,0.0,0.0,0.0005945303210463733,6.238862487080627,0.5338979603679481
Value 9,Value 19,1,"{""W_Afhandelen leads"": 1}","{""W_Completeren aanvraag"": 1}",W_Afhandelen leads,W_Completeren aanvraag,22352.695464781,22352.695464781,0.0,0.0,0.0012787723785166241,10.014746931554065,0.8570236916473302
Value 60,Value 2,1,"{""W_Nabellen incomplete dossiers"": 1}","{""W_Nabellen incomplete dossiers"": 1}",W_Nabellen incomplete dossiers,W_Nabellen incomplete dossiers,5624.923811152,5624.923811152,0.0,0.0,0.16666666666666666,8.635140446681532,0.7389622517760204
Value 22,Value 60,1,"{""W_Nabellen incomplete dossiers"": 1}","{""W_Nabellen incomplete dossiers"": 1}",W_Nabellen incomplete dossiers,W_Nabellen incomplete dossiers,4042.956042679,4042.956042679,0.0,0.0,0.00022862368541380886,8.304978710318426,0.7107082747087543
Value 8,Value 58,1,"{""W_Nabellen offertes"": 1}","{""W_Nabellen offertes"": 1}",W_Nabellen offertes,W_Nabellen offertes,8633.155907013,8633.155907013,0.0,0.0,0.00035932446999640676,9.063481233285376,0.7756180159932577
Value 62,Value 18,1,"{""W_Nabellen incomplete dossiers"": 1}","{""W_Nabellen incomplete dossiers"": 1}",W_Nabellen incomplete dossiers,W_Nabellen incomplete dossiers,4.078513071,4.078513071,0.0,0.0,0.00211864406779661,1.6250185161855804,0.13906286172330867
Value 62,Value 44,1,"{""W_Valideren aanvraag"": 1}","{""W_Nabellen incomplete dossiers"": 1}",W_Valideren aanvraag,W_Nabellen incomplete dossiers,104.261532609,104.261532609,0.0,0.0,0.00211864406779661,4.656448040041941,0.3984809917330036
Value 42,Value 14,1,"{""W_Beoordelen fraude"": 1}","{""W_Afhandelen leads"": 1}",W_Beoordelen fraude,W_Afhandelen leads,70.431526486,70.431526486,0.0,0.0,0.003105590062111801,4.26873931931513,0.3653023641159408
Value 43,Value 42,1,"{""W_Afhandelen leads"": 1}","{""W_Beoordelen fraude"": 1}",W_Afhandelen leads,W_Beoordelen fraude,845.662682774,845.662682774,0.0,0.0,0.00028376844494892167,6.741302365948363,0.5768948411439704
Value 24,Value 58,1,"{""W_Completeren aanvraag"": 1}","{""W_Completeren aanvraag"": 1}",W_Completeren aanvraag,W_Completeren aanvraag,1865.383698654,1865.383698654,0.0,0.0,0.0003795066413662239,7.531757986557419,0.6445390061625896
Value 56,Value 28,1,"{""W_Completeren aanvraag"": 1}","{""W_Nabellen offertes"": 1}",W_Completeren aanvraag,W_Nabellen offertes,7327.698238244,7327.698238244,0.0,0.0,0.003424657534246575,8.899553185417938,0.761589681407464
Value 45,Value 13,1,"{""W_Nabellen offertes"": 1}","{""W_Nabellen offertes"": 1}",W_Nabellen offertes,W_Nabellen offertes,2282.012416212,2282.012416212,0.0,0.0,0.0011198208286674132,7.733251085066036,0.6617820139295885
Value 22,Value 50,1,"{""W_Valideren aanvraag"": 1}","{""W_Nabellen incomplete dossiers"": 1}",W_Valideren aanvraag,W_Nabellen incomplete dossiers,33.485557862,33.485557862,0.0,0.0,0.00022862368541380886,3.5405406236989077,0.3029859083297793
Value 5,Value 37,1,"{""W_Nabellen offertes"": 1}","{""W_Valideren aanvraag"": 1}",W_Nabellen offertes,W_Valideren aanvraag,1701.853519542,1701.853519542,0.0,0.0,0.00027100271002710027,7.440060663776025,0.6366919004272786
Value 54,Value 1,1,"{""W_Completeren aanvraag"": 1}","{""A_CANCELLED"": 1}",W_Completeren aanvraag,A_CANCELLED,2.3725e-05,2.3725e-05,0.0,0.0,0.06666666666666667,2.3724718566638827e-05,2.030270562824855e-06
Value 12,Value 54,1,"{""W_Completeren aanvraag"": 1}","{""W_Completeren aanvraag"": 1}",W_Completeren aanvraag,W_Completeren aanvraag,6100.663293599,6100.663293599,0.0,0.0,0.00023142791020597085,8.716316684075203,0.7459090033135919
Value 26,Value 58,1,"{""W_Valideren aanvraag"": 1}","{""W_Nabellen incomplete dossiers"": 1}",W_Valideren aanvraag,W_Nabellen incomplete dossiers,35.501565254,35.501565254,0.0,0.0,0.00028951939779965256,3.5973551433402005,0.3078478773535532
Value 4,Value 62,1,"{""W_Nabellen incomplete dossiers"": 1}","{""W_Nabellen incomplete dossiers"": 1}",W_Nabellen incomplete dossiers,W_Nabellen incomplete dossiers,18.415294894,18.415294894,0.0,0.0,0.00028694404591104734,2.966061152045874,0.25382415507364486
Value 53,Value 30,1,"{""W_Nabellen offertes"": 1}","{""W_Nabellen offertes"": 1}",W_Nabellen offertes,W_Nabellen offertes,774.153386349,774.153386349,0.0,0.0,0.00392156862745098,6.653060927639867,0.5693434767677882
Value 31,Value 53,1,"{""W_Nabellen offertes"": 1}","{""W_Nabellen offertes"": 1}",W_Nabellen offertes,W_Nabellen offertes,7939.711758813,7939.711758813,0.0,0.0,0.00043233895373973193,8.979758192391447,0.7684533187649354
Value 46,Value 4,1,"{""W_Nabellen incomplete dossiers"": 1}","{""W_Nabellen incomplete dossiers"": 1}",W_Nabellen incomplete dossiers,W_Nabellen incomplete dossiers,10.370525662,10.370525662,0.0,0.0,0.00042211903756859433,2.431024539059637,0.2080377706186166
Value 9,Value 22,1,"{""W_Valideren aanvraag"": 1}","{""W_Valideren aanvraag"": 1}",W_Valideren aanvraag,W_Valideren aanvraag,0.387504337,0.387504337,0.0,0.0,0.0012787723785166241,0.32750669239933305,0.028026768572146796
Value 9,Value 15,1,"{""W_Nabellen incomplete dossiers"": 1}","{""W_Nabellen incomplete dossiers"": 1}",W_Nabellen incomplete dossiers,W_Nabellen incomplete dossiers,82.358976329,82.358976329,0.0,0.0,0.0012787723785166241,4.423156297807295,0.3785167778065567
